Keyword,TestTalker,SubjectID,TrainingAccent,similarity,numCorrect,numWord,numIncorrect,similarity_scaled
beak,km7,5,Spanish,0.0018374328594486188,1,1,0,0.15882505208965494
beak,km7,22,Korean,0.0002816873531781342,1,1,0,-0.16190516180116565
beak,km7,27,Korean,0.0002816873531781342,1,1,0,-0.16190516180116565
beak,km7,31,Spanish,0.0010073030657746685,1,1,0,-0.012313289759361194
beak,km7,53,Korean,0.0002816873531781342,1,1,0,-0.16190516180116565
beak,km7,160,Spanish,0.0010073030657746685,1,1,0,-0.012313289759361194
beak,km8,1,Korean,0.0002816873531781342,1,1,0,-0.16190516180116565
beak,km8,18,Spanish,8.304055070282886e-05,1,1,0,-0.2028578955161845
beak,km8,34,Korean,0.0002816873531781342,1,1,0,-0.16190516180116565
beak,km8,36,Spanish,2.8881722671144054e-05,0,1,1,-0.2140232001425945
beak,km8,109,Korean,0.0002816873531781342,1,1,0,-0.16190516180116565
beak,km8,110,Spanish,2.8881722671144054e-05,1,1,0,-0.2140232001425945
beak,km8,118,Spanish,8.304055070282886e-05,1,1,0,-0.2028578955161845
beak,sm6,63,Spanish,0.0004586171208598843,1,1,0,-0.1254295801565449
beak,sm6,73,Korean,8.304055070282886e-05,0,1,1,-0.2028578955161845
beak,sm6,89,Korean,0.0010073030657746685,0,1,1,-0.012313289759361194
beak,sm6,96,Spanish,0.0004586171208598843,0,1,1,-0.1254295801565449
beak,sm6,167,Spanish,0.0004586171208598843,0,1,1,-0.1254295801565449
beak,sm6,171,Korean,8.304055070282886e-05,0,1,1,-0.2028578955161845
beak,sm6,185,Korean,0.0010073030657746685,1,1,0,-0.012313289759361194
beak,sm7,77,Korean,0.0018374328594486188,0,1,1,0.15882505208965494
beak,sm7,83,Spanish,0.0004586171208598843,0,1,1,-0.1254295801565449
beak,sm7,92,Spanish,0.0004586171208598843,1,1,0,-0.1254295801565449
beak,sm7,100,Spanish,0.0004586171208598843,0,1,1,-0.1254295801565449
beak,sm7,139,Spanish,0.0004586171208598843,0,1,1,-0.1254295801565449
beak,sm7,176,Korean,0.0018374328594486188,0,1,1,0.15882505208965494
beak,sm7,182,Korean,0.0018374328594486188,0,1,1,0.15882505208965494
bun,kf1,1,Korean,0.00024652825064909803,1,1,0,-0.16915351085883376
bun,kf1,18,Spanish,7.973031419871956e-06,0,1,1,-0.21833370529280616
bun,kf1,34,Korean,0.00024652825064909803,1,1,0,-0.16915351085883376
bun,kf1,36,Spanish,4.874107314188086e-05,1,1,0,-0.20992902555006648
bun,kf1,109,Korean,0.00024652825064909803,1,1,0,-0.16915351085883376
bun,kf1,110,Spanish,4.874107314188086e-05,0,1,1,-0.20992902555006648
bun,kf1,118,Spanish,7.973031419871956e-06,1,1,0,-0.21833370529280616
bun,kf2,5,Spanish,2.0030760677957116e-05,1,1,0,-0.21584790149752214
bun,kf2,22,Korean,0.00024652825064909803,1,1,0,-0.16915351085883376
bun,kf2,27,Korean,0.00024652825064909803,1,1,0,-0.16915351085883376
bun,kf2,31,Spanish,1.932440347266013e-07,0,1,1,-0.2199375748601652
bun,kf2,53,Korean,0.00024652825064909803,0,1,1,-0.16915351085883376
bun,kf2,160,Spanish,1.932440347266013e-07,0,1,1,-0.2199375748601652
bun,sf1,77,Korean,2.0030760677957116e-05,0,1,1,-0.21584790149752214
bun,sf1,83,Spanish,1.3269644195880077e-06,0,1,1,-0.21970384872689763
bun,sf1,92,Spanish,1.3269644195880077e-06,0,1,1,-0.21970384872689763
bun,sf1,100,Spanish,1.3269644195880077e-06,0,1,1,-0.21970384872689763
bun,sf1,139,Spanish,1.3269644195880077e-06,0,1,1,-0.21970384872689763
bun,sf1,176,Korean,2.0030760677957116e-05,0,1,1,-0.21584790149752214
bun,sf1,182,Korean,2.0030760677957116e-05,0,1,1,-0.21584790149752214
bun,sf2,63,Spanish,1.3269644195880077e-06,0,1,1,-0.21970384872689763
bun,sf2,73,Korean,7.973031419871956e-06,0,1,1,-0.21833370529280616
bun,sf2,89,Korean,1.932440347266013e-07,0,1,1,-0.2199375748601652
bun,sf2,96,Spanish,1.3269644195880077e-06,0,1,1,-0.21970384872689763
bun,sf2,167,Spanish,1.3269644195880077e-06,0,1,1,-0.21970384872689763
bun,sf2,171,Korean,7.973031419871956e-06,0,1,1,-0.21833370529280616
bun,sf2,185,Korean,1.932440347266013e-07,0,1,1,-0.2199375748601652
chain,kf5,1,Korean,6.866312673129136e-05,1,1,0,-0.2058219241744736
chain,kf5,18,Spanish,0.004936907889888693,1,1,0,0.797808282608765
chain,kf5,34,Korean,6.866312673129136e-05,1,1,0,-0.2058219241744736
chain,kf5,36,Spanish,0.0006262015910011929,1,1,0,-0.09088061135890868
chain,kf5,109,Korean,6.866312673129136e-05,1,1,0,-0.2058219241744736
chain,kf5,110,Spanish,0.0006262015910011929,1,1,0,-0.09088061135890868
chain,kf5,118,Spanish,0.004936907889888693,1,1,0,0.797808282608765
chain,kf6,5,Spanish,0.002495613905197387,1,1,0,0.2945146920282224
chain,kf6,22,Korean,6.866312673129136e-05,1,1,0,-0.2058219241744736
chain,kf6,27,Korean,6.866312673129136e-05,1,1,0,-0.2058219241744736
chain,kf6,31,Spanish,0.00020010898970722915,1,1,0,-0.17872323767503384
chain,kf6,53,Korean,6.866312673129136e-05,1,1,0,-0.2058219241744736
chain,kf6,160,Spanish,0.00020010898970722915,1,1,0,-0.17872323767503384
chain,sf5,77,Korean,0.002495613905197387,1,1,0,0.2945146920282224
chain,sf5,83,Spanish,0.001279099631935366,1,1,0,0.04371989204843183
chain,sf5,92,Spanish,0.001279099631935366,1,1,0,0.04371989204843183
chain,sf5,100,Spanish,0.001279099631935366,1,1,0,0.04371989204843183
chain,sf5,139,Spanish,0.001279099631935366,1,1,0,0.04371989204843183
chain,sf5,176,Korean,0.002495613905197387,1,1,0,0.2945146920282224
chain,sf5,182,Korean,0.002495613905197387,1,1,0,0.2945146920282224
chain,sf6,63,Spanish,0.001279099631935366,1,1,0,0.04371989204843183
chain,sf6,73,Korean,0.004936907889888693,1,1,0,0.797808282608765
chain,sf6,89,Korean,0.00020010898970722915,1,1,0,-0.17872323767503384
chain,sf6,96,Spanish,0.001279099631935366,1,1,0,0.04371989204843183
chain,sf6,167,Spanish,0.001279099631935366,1,1,0,0.04371989204843183
chain,sf6,171,Korean,0.004936907889888693,1,1,0,0.797808282608765
chain,sf6,185,Korean,0.00020010898970722915,1,1,0,-0.17872323767503384
curve,km3,1,Korean,0.005326363717933896,1,1,0,0.8780979254369203
curve,km3,18,Spanish,0.001579389578236426,1,1,0,0.10562722735373277
curve,km3,34,Korean,0.005326363717933896,1,1,0,0.8780979254369203
curve,km3,36,Spanish,0.01797899459928818,1,1,0,3.486545767646414
curve,km3,109,Korean,0.005326363717933896,1,1,0,0.8780979254369203
curve,km3,110,Spanish,0.01797899459928818,1,1,0,3.486545767646414
curve,km3,118,Spanish,0.001579389578236426,1,1,0,0.10562722735373277
curve,km6,5,Spanish,0.0027608402702749214,1,1,0,0.34919337080822893
curve,km6,22,Korean,0.005326363717933896,1,1,0,0.8780979254369203
curve,km6,27,Korean,0.005326363717933896,1,1,0,0.8780979254369203
curve,km6,31,Spanish,0.007513976505597469,0,1,1,1.3290929721651121
curve,km6,53,Korean,0.005326363717933896,1,1,0,0.8780979254369203
curve,km6,160,Spanish,0.007513976505597469,0,1,1,1.3290929721651121
curve,sm4,63,Spanish,0.0011304304744390386,0,1,1,0.01307047638849358
curve,sm4,73,Korean,0.001579389578236426,1,1,0,0.10562722735373277
curve,sm4,89,Korean,0.007513976505597469,1,1,0,1.3290929721651121
curve,sm4,96,Spanish,0.0011304304744390386,0,1,1,0.01307047638849358
curve,sm4,167,Spanish,0.0011304304744390386,1,1,0,0.01307047638849358
curve,sm4,171,Korean,0.001579389578236426,1,1,0,0.10562722735373277
curve,sm4,185,Korean,0.007513976505597469,0,1,1,1.3290929721651121
curve,sm5,77,Korean,0.0027608402702749214,1,1,0,0.34919337080822893
curve,sm5,83,Spanish,0.0011304304744390386,1,1,0,0.01307047638849358
curve,sm5,92,Spanish,0.0011304304744390386,1,1,0,0.01307047638849358
curve,sm5,100,Spanish,0.0011304304744390386,1,1,0,0.01307047638849358
curve,sm5,139,Spanish,0.0011304304744390386,1,1,0,0.01307047638849358
curve,sm5,176,Korean,0.0027608402702749214,1,1,0,0.34919337080822893
curve,sm5,182,Korean,0.0027608402702749214,1,1,0,0.34919337080822893
dirt,km7,5,Spanish,0.00032460157865623094,1,1,0,-0.15305802796014023
dirt,km7,22,Korean,0.003667400563772214,1,1,0,0.5360885125048552
dirt,km7,27,Korean,0.003667400563772214,1,1,0,0.5360885125048552
dirt,km7,31,Spanish,0.0002332901910428411,1,1,0,-0.1718826498291224
dirt,km7,53,Korean,0.003667400563772214,1,1,0,0.5360885125048552
dirt,km7,160,Spanish,0.0002332901910428411,1,1,0,-0.1718826498291224
dirt,km8,1,Korean,0.003667400563772214,1,1,0,0.5360885125048552
dirt,km8,18,Spanish,0.00023376336902174735,1,1,0,-0.1717851001503534
dirt,km8,34,Korean,0.003667400563772214,1,1,0,0.5360885125048552
dirt,km8,36,Spanish,0.0003333989481451728,1,1,0,-0.15124437515735698
dirt,km8,109,Korean,0.003667400563772214,0,1,1,0.5360885125048552
dirt,km8,110,Spanish,0.0003333989481451728,1,1,0,-0.15124437515735698
dirt,km8,118,Spanish,0.00023376336902174735,1,1,0,-0.1717851001503534
dirt,sm6,63,Spanish,0.0007374312401938998,1,1,0,-0.06794966986957787
dirt,sm6,73,Korean,0.00023376336902174735,1,1,0,-0.1717851001503534
dirt,sm6,89,Korean,0.0002332901910428411,1,1,0,-0.1718826498291224
dirt,sm6,96,Spanish,0.0007374312401938998,1,1,0,-0.06794966986957787
dirt,sm6,167,Spanish,0.0007374312401938998,1,1,0,-0.06794966986957787
dirt,sm6,171,Korean,0.00023376336902174735,1,1,0,-0.1717851001503534
dirt,sm6,185,Korean,0.0002332901910428411,1,1,0,-0.1718826498291224
dirt,sm7,77,Korean,0.00032460157865623094,1,1,0,-0.15305802796014023
dirt,sm7,83,Spanish,0.0007374312401938998,0,1,1,-0.06794966986957787
dirt,sm7,92,Spanish,0.0007374312401938998,0,1,1,-0.06794966986957787
dirt,sm7,100,Spanish,0.0007374312401938998,1,1,0,-0.06794966986957787
dirt,sm7,139,Spanish,0.0007374312401938998,1,1,0,-0.06794966986957787
dirt,sm7,176,Korean,0.00032460157865623094,1,1,0,-0.15305802796014023
dirt,sm7,182,Korean,0.00032460157865623094,1,1,0,-0.15305802796014023
dog,kf1,1,Korean,0.00014165952952988143,1,1,0,-0.19077309273739804
dog,kf1,18,Spanish,2.7288005652574733e-06,0,1,1,-0.21941484824126017
dog,kf1,34,Korean,0.00014165952952988143,0,1,1,-0.19077309273739804
dog,kf1,36,Spanish,8.763505364624155e-05,0,1,1,-0.20191069952183746
dog,kf1,109,Korean,0.00014165952952988143,1,1,0,-0.19077309273739804
dog,kf1,110,Spanish,8.763505364624155e-05,1,1,0,-0.20191069952183746
dog,kf1,118,Spanish,2.7288005652574733e-06,0,1,1,-0.21941484824126017
dog,kf2,5,Spanish,4.0850271675613325e-05,1,1,0,-0.21155578161771732
dog,kf2,22,Korean,0.00014165952952988143,1,1,0,-0.19077309273739804
dog,kf2,27,Korean,0.00014165952952988143,1,1,0,-0.19077309273739804
dog,kf2,31,Spanish,8.912344619480358e-08,1,1,0,-0.2199590402081258
dog,kf2,53,Korean,0.00014165952952988143,1,1,0,-0.19077309273739804
dog,kf2,160,Spanish,8.912344619480358e-08,1,1,0,-0.2199590402081258
dog,sf1,77,Korean,4.0850271675613325e-05,1,1,0,-0.21155578161771732
dog,sf1,83,Spanish,2.804720549285884e-06,0,1,1,-0.21939919668860078
dog,sf1,92,Spanish,2.804720549285884e-06,0,1,1,-0.21939919668860078
dog,sf1,100,Spanish,2.804720549285884e-06,0,1,1,-0.21939919668860078
dog,sf1,139,Spanish,2.804720549285884e-06,0,1,1,-0.21939919668860078
dog,sf1,176,Korean,4.0850271675613325e-05,1,1,0,-0.21155578161771732
dog,sf1,182,Korean,4.0850271675613325e-05,1,1,0,-0.21155578161771732
dog,sf2,63,Spanish,2.804720549285884e-06,1,1,0,-0.21939919668860078
dog,sf2,73,Korean,2.7288005652574733e-06,0,1,1,-0.21941484824126017
dog,sf2,89,Korean,8.912344619480358e-08,1,1,0,-0.2199590402081258
dog,sf2,96,Spanish,2.804720549285884e-06,1,1,0,-0.21939919668860078
dog,sf2,167,Spanish,2.804720549285884e-06,0,1,1,-0.21939919668860078
dog,sf2,171,Korean,2.7288005652574733e-06,0,1,1,-0.21941484824126017
dog,sf2,185,Korean,8.912344619480358e-08,0,1,1,-0.2199590402081258
fig,km7,5,Spanish,0.0009010718357193043,1,1,0,-0.03421376448367524
fig,km7,22,Korean,4.149114242610766e-06,1,1,0,-0.2191220384547665
fig,km7,27,Korean,4.149114242610766e-06,1,1,0,-0.2191220384547665
fig,km7,31,Spanish,2.0462889264750414e-05,1,1,0,-0.2157588145012802
fig,km7,53,Korean,4.149114242610766e-06,1,1,0,-0.2191220384547665
fig,km7,160,Spanish,2.0462889264750414e-05,1,1,0,-0.2157588145012802
fig,km8,1,Korean,4.149114242610766e-06,0,1,1,-0.2191220384547665
fig,km8,18,Spanish,1.9015729108334994e-06,0,1,1,-0.21958538828233404
fig,km8,34,Korean,4.149114242610766e-06,0,1,1,-0.2191220384547665
fig,km8,36,Spanish,0.00012025643879497192,0,1,1,-0.1951855225606976
fig,km8,109,Korean,4.149114242610766e-06,0,1,1,-0.2191220384547665
fig,km8,110,Spanish,0.00012025643879497192,0,1,1,-0.1951855225606976
fig,km8,118,Spanish,1.9015729108334994e-06,0,1,1,-0.21958538828233404
fig,sm6,63,Spanish,3.0057880039919312e-05,0,1,1,-0.21378072526290745
fig,sm6,73,Korean,1.9015729108334994e-06,0,1,1,-0.21958538828233404
fig,sm6,89,Korean,2.0462889264750414e-05,0,1,1,-0.2157588145012802
fig,sm6,96,Spanish,3.0057880039919312e-05,0,1,1,-0.21378072526290745
fig,sm6,167,Spanish,3.0057880039919312e-05,0,1,1,-0.21378072526290745
fig,sm6,171,Korean,1.9015729108334994e-06,0,1,1,-0.21958538828233404
fig,sm6,185,Korean,2.0462889264750414e-05,0,1,1,-0.2157588145012802
fig,sm7,77,Korean,0.0009010718357193043,0,1,1,-0.03421376448367524
fig,sm7,83,Spanish,3.0057880039919312e-05,1,1,0,-0.21378072526290745
fig,sm7,92,Spanish,3.0057880039919312e-05,1,1,0,-0.21378072526290745
fig,sm7,100,Spanish,3.0057880039919312e-05,1,1,0,-0.21378072526290745
fig,sm7,139,Spanish,3.0057880039919312e-05,1,1,0,-0.21378072526290745
fig,sm7,176,Korean,0.0009010718357193043,1,1,0,-0.03421376448367524
fig,sm7,182,Korean,0.0009010718357193043,0,1,1,-0.03421376448367524
gut,kf3,1,Korean,0.00012378476560642498,0,1,1,-0.1944581278754146
gut,kf3,18,Spanish,0.00031905003171457815,0,1,1,-0.1542025267427783
gut,kf3,34,Korean,0.00012378476560642498,0,1,1,-0.1944581278754146
gut,kf3,36,Spanish,2.9612676467453058e-05,0,1,1,-0.21387250777903657
gut,kf3,109,Korean,0.00012378476560642498,0,1,1,-0.1944581278754146
gut,kf3,110,Spanish,2.9612676467453058e-05,0,1,1,-0.21387250777903657
gut,kf3,118,Spanish,0.00031905003171457815,0,1,1,-0.1542025267427783
gut,kf4,5,Spanish,0.0015896131955133097,0,1,1,0.10773491331055318
gut,kf4,22,Korean,0.00012378476560642498,0,1,1,-0.1944581278754146
gut,kf4,27,Korean,0.00012378476560642498,0,1,1,-0.1944581278754146
gut,kf4,31,Spanish,0.0001327198876052974,0,1,1,-0.19261607621703708
gut,kf4,53,Korean,0.00012378476560642498,0,1,1,-0.1944581278754146
gut,kf4,160,Spanish,0.0001327198876052974,0,1,1,-0.19261607621703708
gut,sf3,77,Korean,0.0015896131955133097,0,1,1,0.10773491331055318
gut,sf3,83,Spanish,5.367395740074486e-05,0,1,1,-0.20891206935956666
gut,sf3,92,Spanish,5.367395740074486e-05,0,1,1,-0.20891206935956666
gut,sf3,100,Spanish,5.367395740074486e-05,0,1,1,-0.20891206935956666
gut,sf3,139,Spanish,5.367395740074486e-05,0,1,1,-0.20891206935956666
gut,sf3,176,Korean,0.0015896131955133097,0,1,1,0.10773491331055318
gut,sf3,182,Korean,0.0015896131955133097,0,1,1,0.10773491331055318
gut,sf4,63,Spanish,5.367395740074486e-05,0,1,1,-0.20891206935956666
gut,sf4,73,Korean,0.00031905003171457815,0,1,1,-0.1542025267427783
gut,sf4,89,Korean,0.0001327198876052974,0,1,1,-0.19261607621703708
gut,sf4,96,Spanish,5.367395740074486e-05,0,1,1,-0.20891206935956666
gut,sf4,167,Spanish,5.367395740074486e-05,0,1,1,-0.20891206935956666
gut,sf4,171,Korean,0.00031905003171457815,0,1,1,-0.1542025267427783
gut,sf4,185,Korean,0.0001327198876052974,0,1,1,-0.19261607621703708
hag,km7,5,Spanish,4.226454445469469e-06,0,1,1,-0.21910609411187412
hag,km7,22,Korean,0.0011448352146530988,0,1,1,0.01604013652331384
hag,km7,27,Korean,0.0011448352146530988,1,1,0,0.01604013652331384
hag,km7,31,Spanish,0.00017791539474169677,1,1,0,-0.1832986366921684
hag,km7,53,Korean,0.0011448352146530988,0,1,1,0.01604013652331384
hag,km7,160,Spanish,0.00017791539474169677,0,1,1,-0.1832986366921684
hag,km8,1,Korean,0.0011448352146530988,1,1,0,0.01604013652331384
hag,km8,18,Spanish,2.195246888665286e-05,1,1,0,-0.2154517249491558
hag,km8,34,Korean,0.0011448352146530988,1,1,0,0.01604013652331384
hag,km8,36,Spanish,2.4147292430758804e-06,1,1,0,-0.21947959672482273
hag,km8,109,Korean,0.0011448352146530988,1,1,0,0.01604013652331384
hag,km8,110,Spanish,2.4147292430758804e-06,0,1,1,-0.21947959672482273
hag,km8,118,Spanish,2.195246888665286e-05,1,1,0,-0.2154517249491558
hag,sm6,63,Spanish,3.494147510970911e-05,0,1,1,-0.21277393045940218
hag,sm6,73,Korean,2.195246888665286e-05,0,1,1,-0.2154517249491558
hag,sm6,89,Korean,0.00017791539474169677,0,1,1,-0.1832986366921684
hag,sm6,96,Spanish,3.494147510970911e-05,0,1,1,-0.21277393045940218
hag,sm6,167,Spanish,3.494147510970911e-05,0,1,1,-0.21277393045940218
hag,sm6,171,Korean,2.195246888665286e-05,0,1,1,-0.2154517249491558
hag,sm6,185,Korean,0.00017791539474169677,0,1,1,-0.1832986366921684
hag,sm7,77,Korean,4.226454445469469e-06,0,1,1,-0.21910609411187412
hag,sm7,83,Spanish,3.494147510970911e-05,0,1,1,-0.21277393045940218
hag,sm7,92,Spanish,3.494147510970911e-05,0,1,1,-0.21277393045940218
hag,sm7,100,Spanish,3.494147510970911e-05,0,1,1,-0.21277393045940218
hag,sm7,139,Spanish,3.494147510970911e-05,0,1,1,-0.21277393045940218
hag,sm7,176,Korean,4.226454445469469e-06,0,1,1,-0.21910609411187412
hag,sm7,182,Korean,4.226454445469469e-06,0,1,1,-0.21910609411187412
hash,kf5,1,Korean,0.0029843967762184813,1,1,0,0.39528145248930585
hash,kf5,18,Spanish,0.0018762374733450058,1,1,0,0.16682495442893577
hash,kf5,34,Korean,0.0029843967762184813,1,1,0,0.39528145248930585
hash,kf5,36,Spanish,0.00027692365019864914,1,1,0,-0.1628872398270153
hash,kf5,109,Korean,0.0029843967762184813,1,1,0,0.39528145248930585
hash,kf5,110,Spanish,0.00027692365019864914,1,1,0,-0.1628872398270153
hash,kf5,118,Spanish,0.0018762374733450058,1,1,0,0.16682495442893577
hash,kf6,5,Spanish,0.006823548234028968,0,1,1,1.186755291404404
hash,kf6,22,Korean,0.0029843967762184813,0,1,1,0.39528145248930585
hash,kf6,27,Korean,0.0029843967762184813,0,1,1,0.39528145248930585
hash,kf6,31,Spanish,0.011975456948522055,0,1,1,2.248865242733465
hash,kf6,53,Korean,0.0029843967762184813,0,1,1,0.39528145248930585
hash,kf6,160,Spanish,0.011975456948522055,0,1,1,2.248865242733465
hash,sf5,77,Korean,0.006823548234028968,0,1,1,1.186755291404404
hash,sf5,83,Spanish,0.003053725868379454,1,1,0,0.4095742365391537
hash,sf5,92,Spanish,0.003053725868379454,1,1,0,0.4095742365391537
hash,sf5,100,Spanish,0.003053725868379454,1,1,0,0.4095742365391537
hash,sf5,139,Spanish,0.003053725868379454,1,1,0,0.4095742365391537
hash,sf5,176,Korean,0.006823548234028968,1,1,0,1.186755291404404
hash,sf5,182,Korean,0.006823548234028968,0,1,1,1.186755291404404
hash,sf6,63,Spanish,0.003053725868379454,1,1,0,0.4095742365391537
hash,sf6,73,Korean,0.0018762374733450058,1,1,0,0.16682495442893577
hash,sf6,89,Korean,0.011975456948522055,1,1,0,2.248865242733465
hash,sf6,96,Spanish,0.003053725868379454,1,1,0,0.4095742365391537
hash,sf6,167,Spanish,0.003053725868379454,0,1,1,0.4095742365391537
hash,sf6,171,Korean,0.0018762374733450058,0,1,1,0.16682495442893577
hash,sf6,185,Korean,0.011975456948522055,0,1,1,2.248865242733465
hid,kf5,1,Korean,5.4219228921364636e-05,0,1,1,-0.20879965698187886
hid,kf5,18,Spanish,3.9793568272968e-05,0,1,1,-0.21177363004278657
hid,kf5,34,Korean,5.4219228921364636e-05,0,1,1,-0.20879965698187886
hid,kf5,36,Spanish,0.00127338926070813,0,1,1,0.04254265028380806
hid,kf5,109,Korean,5.4219228921364636e-05,0,1,1,-0.20879965698187886
hid,kf5,110,Spanish,0.00127338926070813,0,1,1,0.04254265028380806
hid,kf5,118,Spanish,3.9793568272968e-05,0,1,1,-0.21177363004278657
hid,kf6,5,Spanish,3.552150213564466e-05,1,1,0,-0.2126543529376668
hid,kf6,22,Korean,5.4219228921364636e-05,0,1,1,-0.20879965698187886
hid,kf6,27,Korean,5.4219228921364636e-05,0,1,1,-0.20879965698187886
hid,kf6,31,Spanish,0.0006612743968108112,1,1,0,-0.08365005310646251
hid,kf6,53,Korean,5.4219228921364636e-05,0,1,1,-0.20879965698187886
hid,kf6,160,Spanish,0.0006612743968108112,0,1,1,-0.08365005310646251
hid,sf5,77,Korean,3.552150213564466e-05,0,1,1,-0.2126543529376668
hid,sf5,83,Spanish,0.000524848883012402,0,1,1,-0.11177533712262694
hid,sf5,92,Spanish,0.000524848883012402,0,1,1,-0.11177533712262694
hid,sf5,100,Spanish,0.000524848883012402,0,1,1,-0.11177533712262694
hid,sf5,139,Spanish,0.000524848883012402,0,1,1,-0.11177533712262694
hid,sf5,176,Korean,3.552150213564466e-05,1,1,0,-0.2126543529376668
hid,sf5,182,Korean,3.552150213564466e-05,0,1,1,-0.2126543529376668
hid,sf6,63,Spanish,0.000524848883012402,1,1,0,-0.11177533712262694
hid,sf6,73,Korean,3.9793568272968e-05,1,1,0,-0.21177363004278657
hid,sf6,89,Korean,0.0006612743968108112,0,1,1,-0.08365005310646251
hid,sf6,96,Spanish,0.000524848883012402,0,1,1,-0.11177533712262694
hid,sf6,167,Spanish,0.000524848883012402,0,1,1,-0.11177533712262694
hid,sf6,171,Korean,3.9793568272968e-05,0,1,1,-0.21177363004278657
hid,sf6,185,Korean,0.0006612743968108112,0,1,1,-0.08365005310646251
hoot,kf3,1,Korean,4.80024480739174e-05,0,1,1,-0.21008129941174772
hoot,kf3,18,Spanish,3.8054287868709193e-06,1,1,0,-0.2191928921447089
hoot,kf3,34,Korean,4.80024480739174e-05,1,1,0,-0.21008129941174772
hoot,kf3,36,Spanish,0.00020126185415380936,0,1,1,-0.1784855648300547
hoot,kf3,109,Korean,4.80024480739174e-05,0,1,1,-0.21008129941174772
hoot,kf3,110,Spanish,0.00020126185415380936,0,1,1,-0.1784855648300547
hoot,kf3,118,Spanish,3.8054287868709193e-06,0,1,1,-0.2191928921447089
hoot,kf4,5,Spanish,6.165753668785035e-05,0,1,1,-0.2072661863523221
hoot,kf4,22,Korean,4.80024480739174e-05,0,1,1,-0.21008129941174772
hoot,kf4,27,Korean,4.80024480739174e-05,0,1,1,-0.21008129941174772
hoot,kf4,31,Spanish,5.759452778185458e-08,0,1,1,-0.2199655401637455
hoot,kf4,53,Korean,4.80024480739174e-05,0,1,1,-0.21008129941174772
hoot,kf4,160,Spanish,5.759452778185458e-08,0,1,1,-0.2199655401637455
hoot,sf3,77,Korean,6.165753668785035e-05,0,1,1,-0.2072661863523221
hoot,sf3,83,Spanish,9.61884304291908e-07,1,1,0,-0.2197791131085039
hoot,sf3,92,Spanish,9.61884304291908e-07,0,1,1,-0.2197791131085039
hoot,sf3,100,Spanish,9.61884304291908e-07,1,1,0,-0.2197791131085039
hoot,sf3,139,Spanish,9.61884304291908e-07,0,1,1,-0.2197791131085039
hoot,sf3,176,Korean,6.165753668785035e-05,0,1,1,-0.2072661863523221
hoot,sf3,182,Korean,6.165753668785035e-05,1,1,0,-0.2072661863523221
hoot,sf4,63,Spanish,9.61884304291908e-07,0,1,1,-0.2197791131085039
hoot,sf4,73,Korean,3.8054287868709193e-06,0,1,1,-0.2191928921447089
hoot,sf4,89,Korean,5.759452778185458e-08,0,1,1,-0.2199655401637455
hoot,sf4,96,Spanish,9.61884304291908e-07,0,1,1,-0.2197791131085039
hoot,sf4,167,Spanish,9.61884304291908e-07,0,1,1,-0.2197791131085039
hoot,sf4,171,Korean,3.8054287868709193e-06,0,1,1,-0.2191928921447089
hoot,sf4,185,Korean,5.759452778185458e-08,0,1,1,-0.2199655401637455
hum,km7,5,Spanish,6.120134863710368e-05,1,1,0,-0.2073602334123976
hum,km7,22,Korean,0.0022492224676933853,0,1,1,0.2437189943173747
hum,km7,27,Korean,0.0022492224676933853,1,1,0,0.2437189943173747
hum,km7,31,Spanish,0.0002203260872021172,1,1,0,-0.1745553104802246
hum,km7,53,Korean,0.0022492224676933853,1,1,0,0.2437189943173747
hum,km7,160,Spanish,0.0002203260872021172,1,1,0,-0.1745553104802246
hum,km8,1,Korean,0.0022492224676933853,1,1,0,0.2437189943173747
hum,km8,18,Spanish,2.9803839919229324e-05,1,1,0,-0.21383309780193607
hum,km8,34,Korean,0.0022492224676933853,1,1,0,0.2437189943173747
hum,km8,36,Spanish,1.0142153640178832e-05,0,1,1,-0.21788652223434946
hum,km8,109,Korean,0.0022492224676933853,0,1,1,0.2437189943173747
hum,km8,110,Spanish,1.0142153640178832e-05,0,1,1,-0.21788652223434946
hum,km8,118,Spanish,2.9803839919229324e-05,1,1,0,-0.21383309780193607
hum,sm6,63,Spanish,0.00033653989405900805,1,1,0,-0.15059684235028567
hum,sm6,73,Korean,2.9803839919229324e-05,1,1,0,-0.21383309780193607
hum,sm6,89,Korean,0.0002203260872021172,1,1,0,-0.1745553104802246
hum,sm6,96,Spanish,0.00033653989405900805,1,1,0,-0.15059684235028567
hum,sm6,167,Spanish,0.00033653989405900805,1,1,0,-0.15059684235028567
hum,sm6,171,Korean,2.9803839919229324e-05,1,1,0,-0.21383309780193607
hum,sm6,185,Korean,0.0002203260872021172,1,1,0,-0.1745553104802246
hum,sm7,77,Korean,6.120134863710368e-05,1,1,0,-0.2073602334123976
hum,sm7,83,Spanish,0.00033653989405900805,1,1,0,-0.15059684235028567
hum,sm7,92,Spanish,0.00033653989405900805,1,1,0,-0.15059684235028567
hum,sm7,100,Spanish,0.00033653989405900805,1,1,0,-0.15059684235028567
hum,sm7,139,Spanish,0.00033653989405900805,1,1,0,-0.15059684235028567
hum,sm7,176,Korean,6.120134863710368e-05,1,1,0,-0.2073602334123976
hum,sm7,182,Korean,6.120134863710368e-05,1,1,0,-0.2073602334123976
hung,kf1,1,Korean,0.00010768522356922324,0,1,1,-0.19777718587064833
hung,kf1,18,Spanish,0.0001615087653868367,1,1,0,-0.186681003358826
hung,kf1,34,Korean,0.00010768522356922324,1,1,0,-0.19777718587064833
hung,kf1,36,Spanish,0.0012020492368490531,0,1,1,0.027835295501759377
hung,kf1,109,Korean,0.00010768522356922324,1,1,0,-0.19777718587064833
hung,kf1,110,Spanish,0.0012020492368490531,1,1,0,0.027835295501759377
hung,kf1,118,Spanish,0.0001615087653868367,1,1,0,-0.186681003358826
hung,kf2,5,Spanish,0.0007349717104027702,1,1,0,-0.06845672292729224
hung,kf2,22,Korean,0.00010768522356922324,1,1,0,-0.19777718587064833
hung,kf2,27,Korean,0.00010768522356922324,1,1,0,-0.19777718587064833
hung,kf2,31,Spanish,0.00028844513130164807,1,1,0,-0.1605119881656029
hung,kf2,53,Korean,0.00010768522356922324,1,1,0,-0.19777718587064833
hung,kf2,160,Spanish,0.00028844513130164807,1,1,0,-0.1605119881656029
hung,sf1,77,Korean,0.0007349717104027702,1,1,0,-0.06845672292729224
hung,sf1,83,Spanish,0.0025556516715146437,1,1,0,0.30689198995699624
hung,sf1,92,Spanish,0.0025556516715146437,1,1,0,0.30689198995699624
hung,sf1,100,Spanish,0.0025556516715146437,1,1,0,0.30689198995699624
hung,sf1,139,Spanish,0.0025556516715146437,1,1,0,0.30689198995699624
hung,sf1,176,Korean,0.0007349717104027702,1,1,0,-0.06845672292729224
hung,sf1,182,Korean,0.0007349717104027702,1,1,0,-0.06845672292729224
hung,sf2,63,Spanish,0.0025556516715146437,0,1,1,0.30689198995699624
hung,sf2,73,Korean,0.0001615087653868367,1,1,0,-0.186681003358826
hung,sf2,89,Korean,0.00028844513130164807,0,1,1,-0.1605119881656029
hung,sf2,96,Spanish,0.0025556516715146437,0,1,1,0.30689198995699624
hung,sf2,167,Spanish,0.0025556516715146437,0,1,1,0.30689198995699624
hung,sf2,171,Korean,0.0001615087653868367,1,1,0,-0.186681003358826
hung,sf2,185,Korean,0.00028844513130164807,0,1,1,-0.1605119881656029
hurl,kf3,1,Korean,0.004753476677945624,1,1,0,0.7599923727419976
hurl,kf3,18,Spanish,1.3517313654283311e-05,1,1,0,-0.2171907041915678
hurl,kf3,34,Korean,0.004753476677945624,1,1,0,0.7599923727419976
hurl,kf3,36,Spanish,1.9787403164848347e-05,1,1,0,-0.21589807172582537
hurl,kf3,109,Korean,0.004753476677945624,1,1,0,0.7599923727419976
hurl,kf3,110,Spanish,1.9787403164848347e-05,1,1,0,-0.21589807172582537
hurl,kf3,118,Spanish,1.3517313654283311e-05,1,1,0,-0.2171907041915678
hurl,kf4,5,Spanish,5.4652199827809284e-06,1,1,0,-0.21885071202390335
hurl,kf4,22,Korean,0.004753476677945624,1,1,0,0.7599923727419976
hurl,kf4,27,Korean,0.004753476677945624,0,1,1,0.7599923727419976
hurl,kf4,31,Spanish,6.337706378221614e-06,1,1,0,-0.21867084150710056
hurl,kf4,53,Korean,0.004753476677945624,0,1,1,0.7599923727419976
hurl,kf4,160,Spanish,6.337706378221614e-06,1,1,0,-0.21867084150710056
hurl,sf3,77,Korean,5.4652199827809284e-06,1,1,0,-0.21885071202390335
hurl,sf3,83,Spanish,5.0046480435138624e-08,1,1,0,-0.21996709625812613
hurl,sf3,92,Spanish,5.0046480435138624e-08,0,1,1,-0.21996709625812613
hurl,sf3,100,Spanish,5.0046480435138624e-08,1,1,0,-0.21996709625812613
hurl,sf3,139,Spanish,5.0046480435138624e-08,0,1,1,-0.21996709625812613
hurl,sf3,176,Korean,5.4652199827809284e-06,1,1,0,-0.21885071202390335
hurl,sf3,182,Korean,5.4652199827809284e-06,1,1,0,-0.21885071202390335
hurl,sf4,63,Spanish,5.0046480435138624e-08,0,1,1,-0.21996709625812613
hurl,sf4,73,Korean,1.3517313654283311e-05,1,1,0,-0.2171907041915678
hurl,sf4,89,Korean,6.337706378221614e-06,1,1,0,-0.21867084150710056
hurl,sf4,96,Spanish,5.0046480435138624e-08,0,1,1,-0.21996709625812613
hurl,sf4,167,Spanish,5.0046480435138624e-08,0,1,1,-0.21996709625812613
hurl,sf4,171,Korean,1.3517313654283311e-05,0,1,1,-0.2171907041915678
hurl,sf4,185,Korean,6.337706378221614e-06,0,1,1,-0.21867084150710056
join,kf3,1,Korean,0.00016866704928492993,1,1,0,-0.1852052620396494
join,kf3,18,Spanish,7.540728396697144e-05,1,1,0,-0.2044315586011875
join,kf3,34,Korean,0.00016866704928492993,1,1,0,-0.1852052620396494
join,kf3,36,Spanish,6.269803107538272e-05,1,1,0,-0.20705167955405698
join,kf3,109,Korean,0.00016866704928492993,1,1,0,-0.1852052620396494
join,kf3,110,Spanish,6.269803107538272e-05,1,1,0,-0.20705167955405698
join,kf3,118,Spanish,7.540728396697144e-05,1,1,0,-0.2044315586011875
join,kf4,5,Spanish,0.00037609764194188316,1,1,0,-0.1424416750119409
join,kf4,22,Korean,0.00016866704928492993,1,1,0,-0.1852052620396494
join,kf4,27,Korean,0.00016866704928492993,1,1,0,-0.1852052620396494
join,kf4,31,Spanish,0.0002817680715117111,1,1,0,-0.1618885210277945
join,kf4,53,Korean,0.00016866704928492993,0,1,1,-0.1852052620396494
join,kf4,160,Spanish,0.0002817680715117111,1,1,0,-0.1618885210277945
join,sf3,77,Korean,0.00037609764194188316,1,1,0,-0.1424416750119409
join,sf3,83,Spanish,0.00011401652345260606,1,1,0,-0.1964719343641392
join,sf3,92,Spanish,0.00011401652345260606,1,1,0,-0.1964719343641392
join,sf3,100,Spanish,0.00011401652345260606,1,1,0,-0.1964719343641392
join,sf3,139,Spanish,0.00011401652345260606,1,1,0,-0.1964719343641392
join,sf3,176,Korean,0.00037609764194188316,1,1,0,-0.1424416750119409
join,sf3,182,Korean,0.00037609764194188316,1,1,0,-0.1424416750119409
join,sf4,63,Spanish,0.00011401652345260606,1,1,0,-0.1964719343641392
join,sf4,73,Korean,7.540728396697144e-05,1,1,0,-0.2044315586011875
join,sf4,89,Korean,0.0002817680715117111,1,1,0,-0.1618885210277945
join,sf4,96,Spanish,0.00011401652345260606,1,1,0,-0.1964719343641392
join,sf4,167,Spanish,0.00011401652345260606,1,1,0,-0.1964719343641392
join,sf4,171,Korean,7.540728396697144e-05,1,1,0,-0.2044315586011875
join,sf4,185,Korean,0.0002817680715117111,1,1,0,-0.1618885210277945
judge,kf1,1,Korean,0.0021697680056574024,1,1,0,0.22733877885111176
judge,kf1,18,Spanish,0.00029951307169466356,1,1,0,-0.1582302377923734
judge,kf1,34,Korean,0.0021697680056574024,1,1,0,0.22733877885111176
judge,kf1,36,Spanish,0.00012124726668179877,1,1,0,-0.19498125493544008
judge,kf1,109,Korean,0.0021697680056574024,1,1,0,0.22733877885111176
judge,kf1,110,Spanish,0.00012124726668179877,1,1,0,-0.19498125493544008
judge,kf1,118,Spanish,0.00029951307169466356,1,1,0,-0.1582302377923734
judge,kf2,5,Spanish,1.5527378106319274e-05,1,1,0,-0.21677631224954555
judge,kf2,22,Korean,0.0021697680056574024,1,1,0,0.22733877885111176
judge,kf2,27,Korean,0.0021697680056574024,1,1,0,0.22733877885111176
judge,kf2,31,Spanish,4.8353008678713905e-05,1,1,0,-0.21000902835115018
judge,kf2,53,Korean,0.0021697680056574024,1,1,0,0.22733877885111176
judge,kf2,160,Spanish,4.8353008678713905e-05,1,1,0,-0.21000902835115018
judge,sf1,77,Korean,1.5527378106319274e-05,0,1,1,-0.21677631224954555
judge,sf1,83,Spanish,0.00010247197819466367,0,1,1,-0.19885194089793817
judge,sf1,92,Spanish,0.00010247197819466367,0,1,1,-0.19885194089793817
judge,sf1,100,Spanish,0.00010247197819466367,0,1,1,-0.19885194089793817
judge,sf1,139,Spanish,0.00010247197819466367,0,1,1,-0.19885194089793817
judge,sf1,176,Korean,1.5527378106319274e-05,0,1,1,-0.21677631224954555
judge,sf1,182,Korean,1.5527378106319274e-05,0,1,1,-0.21677631224954555
judge,sf2,63,Spanish,0.00010247197819466367,0,1,1,-0.19885194089793817
judge,sf2,73,Korean,0.00029951307169466356,1,1,0,-0.1582302377923734
judge,sf2,89,Korean,4.8353008678713905e-05,1,1,0,-0.21000902835115018
judge,sf2,96,Spanish,0.00010247197819466367,1,1,0,-0.19885194089793817
judge,sf2,167,Spanish,0.00010247197819466367,0,1,1,-0.19885194089793817
judge,sf2,171,Korean,0.00029951307169466356,0,1,1,-0.1582302377923734
judge,sf2,185,Korean,4.8353008678713905e-05,0,1,1,-0.21000902835115018
league,kf1,1,Korean,4.869003295861511e-05,0,1,1,-0.20993954791945782
league,kf1,18,Spanish,0.0016649642470527816,1,1,0,0.12326917568170946
league,kf1,34,Korean,4.869003295861511e-05,0,1,1,-0.20993954791945782
league,kf1,36,Spanish,0.00033603196608562945,0,1,1,-0.15070155603699487
league,kf1,109,Korean,4.869003295861511e-05,0,1,1,-0.20993954791945782
league,kf1,110,Spanish,0.00033603196608562945,0,1,1,-0.15070155603699487
league,kf1,118,Spanish,0.0016649642470527816,0,1,1,0.12326917568170946
league,kf2,5,Spanish,3.905979051402209e-05,0,1,1,-0.2119249045903437
league,kf2,22,Korean,4.869003295861511e-05,0,1,1,-0.20993954791945782
league,kf2,27,Korean,4.869003295861511e-05,0,1,1,-0.20993954791945782
league,kf2,31,Spanish,1.1479106684519702e-06,0,1,1,-0.21974076218585883
league,kf2,53,Korean,4.869003295861511e-05,0,1,1,-0.20993954791945782
league,kf2,160,Spanish,1.1479106684519702e-06,0,1,1,-0.21974076218585883
league,sf1,77,Korean,3.905979051402209e-05,0,1,1,-0.2119249045903437
league,sf1,83,Spanish,0.00016727539967453152,0,1,1,-0.18549216248410205
league,sf1,92,Spanish,0.00016727539967453152,0,1,1,-0.18549216248410205
league,sf1,100,Spanish,0.00016727539967453152,0,1,1,-0.18549216248410205
league,sf1,139,Spanish,0.00016727539967453152,0,1,1,-0.18549216248410205
league,sf1,176,Korean,3.905979051402209e-05,0,1,1,-0.2119249045903437
league,sf1,182,Korean,3.905979051402209e-05,0,1,1,-0.2119249045903437
league,sf2,63,Spanish,0.00016727539967453152,0,1,1,-0.18549216248410205
league,sf2,73,Korean,0.0016649642470527816,0,1,1,0.12326917568170946
league,sf2,89,Korean,1.1479106684519702e-06,0,1,1,-0.21974076218585883
league,sf2,96,Spanish,0.00016727539967453152,0,1,1,-0.18549216248410205
league,sf2,167,Spanish,0.00016727539967453152,0,1,1,-0.18549216248410205
league,sf2,171,Korean,0.0016649642470527816,0,1,1,0.12326917568170946
league,sf2,185,Korean,1.1479106684519702e-06,0,1,1,-0.21974076218585883
leg,km1,1,Korean,0.0002508531827647155,0,1,1,-0.16826188919133456
leg,km1,18,Spanish,2.7065289755643798e-05,1,1,0,-0.21439767329077877
leg,km1,34,Korean,0.0002508531827647155,0,1,1,-0.16826188919133456
leg,km1,36,Spanish,2.738129103433136e-06,0,1,1,-0.21941292508349927
leg,km1,109,Korean,0.0002508531827647155,0,1,1,-0.16826188919133456
leg,km1,110,Spanish,2.738129103433136e-06,0,1,1,-0.21941292508349927
leg,km1,118,Spanish,2.7065289755643798e-05,1,1,0,-0.21439767329077877
leg,km2,5,Spanish,2.083870538670636e-05,0,1,1,-0.2156813368002727
leg,km2,22,Korean,0.0002508531827647155,1,1,0,-0.16826188919133456
leg,km2,27,Korean,0.0002508531827647155,1,1,0,-0.16826188919133456
leg,km2,31,Spanish,2.8473950197926872e-05,1,1,0,-0.21410726591815135
leg,km2,53,Korean,0.0002508531827647155,1,1,0,-0.16826188919133456
leg,km2,160,Spanish,2.8473950197926872e-05,1,1,0,-0.21410726591815135
leg,sm2,63,Spanish,0.00029467735678919647,0,1,1,-0.15922716169136225
leg,sm2,73,Korean,2.7065289755643798e-05,0,1,1,-0.21439767329077877
leg,sm2,89,Korean,2.8473950197926872e-05,0,1,1,-0.21410726591815135
leg,sm2,96,Spanish,0.00029467735678919647,0,1,1,-0.15922716169136225
leg,sm2,167,Spanish,0.00029467735678919647,1,1,0,-0.15922716169136225
leg,sm2,171,Korean,2.7065289755643798e-05,0,1,1,-0.21439767329077877
leg,sm2,185,Korean,2.8473950197926872e-05,0,1,1,-0.21410726591815135
leg,sm3,77,Korean,2.083870538670636e-05,0,1,1,-0.2156813368002727
leg,sm3,83,Spanish,0.00029467735678919647,1,1,0,-0.15922716169136225
leg,sm3,92,Spanish,0.00029467735678919647,1,1,0,-0.15922716169136225
leg,sm3,100,Spanish,0.00029467735678919647,1,1,0,-0.15922716169136225
leg,sm3,139,Spanish,0.00029467735678919647,1,1,0,-0.15922716169136225
leg,sm3,176,Korean,2.083870538670636e-05,0,1,1,-0.2156813368002727
leg,sm3,182,Korean,2.083870538670636e-05,1,1,0,-0.2156813368002727
lice,kf1,1,Korean,0.00550528933854658,0,1,1,0.9149849691971972
lice,kf1,18,Spanish,0.0024275398904692637,1,1,0,0.28048065290282714
lice,kf1,34,Korean,0.00550528933854658,1,1,0,0.9149849691971972
lice,kf1,36,Spanish,0.0019334718440100307,0,1,1,0.17862430841794766
lice,kf1,109,Korean,0.00550528933854658,1,1,0,0.9149849691971972
lice,kf1,110,Spanish,0.0019334718440100307,1,1,0,0.17862430841794766
lice,kf1,118,Spanish,0.0024275398904692637,1,1,0,0.28048065290282714
lice,kf2,5,Spanish,0.0034953890007694633,1,1,0,0.5006268607300598
lice,kf2,22,Korean,0.00550528933854658,1,1,0,0.9149849691971972
lice,kf2,27,Korean,0.00550528933854658,1,1,0,0.9149849691971972
lice,kf2,31,Spanish,0.0029581593564634674,0,1,1,0.3898723844791131
lice,kf2,53,Korean,0.00550528933854658,1,1,0,0.9149849691971972
lice,kf2,160,Spanish,0.0029581593564634674,1,1,0,0.3898723844791131
lice,sf1,77,Korean,0.0034953890007694633,0,1,1,0.5006268607300598
lice,sf1,83,Spanish,0.0009606619337422779,0,1,1,-0.02192875719446867
lice,sf1,92,Spanish,0.0009606619337422779,0,1,1,-0.02192875719446867
lice,sf1,100,Spanish,0.0009606619337422779,1,1,0,-0.02192875719446867
lice,sf1,139,Spanish,0.0009606619337422779,0,1,1,-0.02192875719446867
lice,sf1,176,Korean,0.0034953890007694633,0,1,1,0.5006268607300598
lice,sf1,182,Korean,0.0034953890007694633,0,1,1,0.5006268607300598
lice,sf2,63,Spanish,0.0009606619337422779,1,1,0,-0.02192875719446867
lice,sf2,73,Korean,0.0024275398904692637,1,1,0,0.28048065290282714
lice,sf2,89,Korean,0.0029581593564634674,0,1,1,0.3898723844791131
lice,sf2,96,Spanish,0.0009606619337422779,0,1,1,-0.02192875719446867
lice,sf2,167,Spanish,0.0009606619337422779,0,1,1,-0.02192875719446867
lice,sf2,171,Korean,0.0024275398904692637,1,1,0,0.28048065290282714
lice,sf2,185,Korean,0.0029581593564634674,0,1,1,0.3898723844791131
lose,km1,1,Korean,2.8046111503250533e-06,1,1,0,-0.21939921924213024
lose,km1,18,Spanish,8.968965850838627e-07,1,1,0,-0.2197925108814673
lose,km1,34,Korean,2.8046111503250533e-06,1,1,0,-0.21939921924213024
lose,km1,36,Spanish,8.496025310479018e-06,1,1,0,-0.21822588563867773
lose,km1,109,Korean,2.8046111503250533e-06,1,1,0,-0.21939921924213024
lose,km1,110,Spanish,8.496025310479018e-06,0,1,1,-0.21822588563867773
lose,km1,118,Spanish,8.968965850838627e-07,1,1,0,-0.2197925108814673
lose,km2,5,Spanish,7.876912924066318e-06,1,1,0,-0.21835352094105606
lose,km2,22,Korean,2.8046111503250533e-06,1,1,0,-0.21939921924213024
lose,km2,27,Korean,2.8046111503250533e-06,1,1,0,-0.21939921924213024
lose,km2,31,Spanish,0.00014450317646063808,0,1,1,-0.19018685065303687
lose,km2,53,Korean,2.8046111503250533e-06,1,1,0,-0.21939921924213024
lose,km2,160,Spanish,0.00014450317646063808,0,1,1,-0.19018685065303687
lose,sm2,63,Spanish,8.26846534545476e-06,0,1,1,-0.21827279906761649
lose,sm2,73,Korean,8.968965850838627e-07,0,1,1,-0.2197925108814673
lose,sm2,89,Korean,0.00014450317646063808,0,1,1,-0.19018685065303687
lose,sm2,96,Spanish,8.26846534545476e-06,0,1,1,-0.21827279906761649
lose,sm2,167,Spanish,8.26846534545476e-06,0,1,1,-0.21827279906761649
lose,sm2,171,Korean,8.968965850838627e-07,0,1,1,-0.2197925108814673
lose,sm2,185,Korean,0.00014450317646063808,0,1,1,-0.19018685065303687
lose,sm3,77,Korean,7.876912924066318e-06,1,1,0,-0.21835352094105606
lose,sm3,83,Spanish,8.26846534545476e-06,0,1,1,-0.21827279906761649
lose,sm3,92,Spanish,8.26846534545476e-06,0,1,1,-0.21827279906761649
lose,sm3,100,Spanish,8.26846534545476e-06,0,1,1,-0.21827279906761649
lose,sm3,139,Spanish,8.26846534545476e-06,0,1,1,-0.21827279906761649
lose,sm3,176,Korean,7.876912924066318e-06,1,1,0,-0.21835352094105606
lose,sm3,182,Korean,7.876912924066318e-06,1,1,0,-0.21835352094105606
mace,kf5,1,Korean,0.0027835590422512673,1,1,0,0.3538770395483547
mace,kf5,18,Spanish,0.0014734441507478731,1,1,0,0.0837856732677972
mace,kf5,34,Korean,0.0027835590422512673,1,1,0,0.3538770395483547
mace,kf5,36,Spanish,0.0005291152979950406,0,1,1,-0.1108957792615157
mace,kf5,109,Korean,0.0027835590422512673,1,1,0,0.3538770395483547
mace,kf5,110,Spanish,0.0005291152979950406,1,1,0,-0.1108957792615157
mace,kf5,118,Spanish,0.0014734441507478731,0,1,1,0.0837856732677972
mace,kf6,5,Spanish,0.011899321646216227,1,1,0,2.233169300373504
mace,kf6,22,Korean,0.0027835590422512673,0,1,1,0.3538770395483547
mace,kf6,27,Korean,0.0027835590422512673,0,1,1,0.3538770395483547
mace,kf6,31,Spanish,0.007383900167458831,1,1,0,1.3022766248993234
mace,kf6,53,Korean,0.0027835590422512673,1,1,0,0.3538770395483547
mace,kf6,160,Spanish,0.007383900167458831,0,1,1,1.3022766248993234
mace,sf5,77,Korean,0.011899321646216227,0,1,1,2.233169300373504
mace,sf5,83,Spanish,0.013286143436953004,1,1,0,2.519074448599029
mace,sf5,92,Spanish,0.013286143436953004,1,1,0,2.519074448599029
mace,sf5,100,Spanish,0.013286143436953004,1,1,0,2.519074448599029
mace,sf5,139,Spanish,0.013286143436953004,0,1,1,2.519074448599029
mace,sf5,176,Korean,0.011899321646216227,0,1,1,2.233169300373504
mace,sf5,182,Korean,0.011899321646216227,1,1,0,2.233169300373504
mace,sf6,63,Spanish,0.013286143436953004,1,1,0,2.519074448599029
mace,sf6,73,Korean,0.0014734441507478731,0,1,1,0.0837856732677972
mace,sf6,89,Korean,0.007383900167458831,0,1,1,1.3022766248993234
mace,sf6,96,Spanish,0.013286143436953004,1,1,0,2.519074448599029
mace,sf6,167,Spanish,0.013286143436953004,1,1,0,2.519074448599029
mace,sf6,171,Korean,0.0014734441507478731,1,1,0,0.0837856732677972
mace,sf6,185,Korean,0.007383900167458831,1,1,0,1.3022766248993234
main,km1,1,Korean,8.559590992918007e-06,1,1,0,-0.21821278103073086
main,km1,18,Spanish,0.00037531616023140887,1,1,0,-0.14260278413624303
main,km1,34,Korean,8.559590992918007e-06,1,1,0,-0.21821278103073086
main,km1,36,Spanish,4.1629437185637305e-05,1,1,0,-0.21139514999790604
main,km1,109,Korean,8.559590992918007e-06,1,1,0,-0.21821278103073086
main,km1,110,Spanish,4.1629437185637305e-05,1,1,0,-0.21139514999790604
main,km1,118,Spanish,0.00037531616023140887,1,1,0,-0.14260278413624303
main,km2,5,Spanish,0.00015629088463635338,1,1,0,-0.18775671400842395
main,km2,22,Korean,8.559590992918007e-06,1,1,0,-0.21821278103073086
main,km2,27,Korean,8.559590992918007e-06,1,1,0,-0.21821278103073086
main,km2,31,Spanish,0.00013571507305243328,1,1,0,-0.1919985931741932
main,km2,53,Korean,8.559590992918007e-06,1,1,0,-0.21821278103073086
main,km2,160,Spanish,0.00013571507305243328,1,1,0,-0.1919985931741932
main,sm2,63,Spanish,0.00010649681718233507,1,1,0,-0.19802218598996063
main,sm2,73,Korean,0.00037531616023140887,1,1,0,-0.14260278413624303
main,sm2,89,Korean,0.00013571507305243328,1,1,0,-0.1919985931741932
main,sm2,96,Spanish,0.00010649681718233507,1,1,0,-0.19802218598996063
main,sm2,167,Spanish,0.00010649681718233507,1,1,0,-0.19802218598996063
main,sm2,171,Korean,0.00037531616023140887,1,1,0,-0.14260278413624303
main,sm2,185,Korean,0.00013571507305243328,0,1,1,-0.1919985931741932
main,sm3,77,Korean,0.00015629088463635338,1,1,0,-0.18775671400842395
main,sm3,83,Spanish,0.00010649681718233507,1,1,0,-0.19802218598996063
main,sm3,92,Spanish,0.00010649681718233507,1,1,0,-0.19802218598996063
main,sm3,100,Spanish,0.00010649681718233507,1,1,0,-0.19802218598996063
main,sm3,139,Spanish,0.00010649681718233507,1,1,0,-0.19802218598996063
main,sm3,176,Korean,0.00015629088463635338,1,1,0,-0.18775671400842395
main,sm3,182,Korean,0.00015629088463635338,0,1,1,-0.18775671400842395
mid,kf5,1,Korean,0.0003090638215574895,1,1,0,-0.15626126919566175
mid,kf5,18,Spanish,3.364202329562351e-06,1,1,0,-0.21928385474460488
mid,kf5,34,Korean,0.0003090638215574895,0,1,1,-0.15626126919566175
mid,kf5,36,Spanish,5.966908294525676e-05,1,1,0,-0.20767612306215252
mid,kf5,109,Korean,0.0003090638215574895,1,1,0,-0.15626126919566175
mid,kf5,110,Spanish,5.966908294525676e-05,1,1,0,-0.20767612306215252
mid,kf5,118,Spanish,3.364202329562351e-06,0,1,1,-0.21928385474460488
mid,kf6,5,Spanish,9.501846622376076e-06,1,1,0,-0.21801852699087804
mid,kf6,22,Korean,0.0003090638215574895,0,1,1,-0.15626126919566175
mid,kf6,27,Korean,0.0003090638215574895,0,1,1,-0.15626126919566175
mid,kf6,31,Spanish,8.989456232307863e-06,0,1,1,-0.21812416064287304
mid,kf6,53,Korean,0.0003090638215574895,0,1,1,-0.15626126919566175
mid,kf6,160,Spanish,8.989456232307863e-06,0,1,1,-0.21812416064287304
mid,sf5,77,Korean,9.501846622376076e-06,0,1,1,-0.21801852699087804
mid,sf5,83,Spanish,2.1459197826558e-06,0,1,1,-0.21953501408928816
mid,sf5,92,Spanish,2.1459197826558e-06,0,1,1,-0.21953501408928816
mid,sf5,100,Spanish,2.1459197826558e-06,0,1,1,-0.21953501408928816
mid,sf5,139,Spanish,2.1459197826558e-06,0,1,1,-0.21953501408928816
mid,sf5,176,Korean,9.501846622376076e-06,0,1,1,-0.21801852699087804
mid,sf5,182,Korean,9.501846622376076e-06,0,1,1,-0.21801852699087804
mid,sf6,63,Spanish,2.1459197826558e-06,0,1,1,-0.21953501408928816
mid,sf6,73,Korean,3.364202329562351e-06,0,1,1,-0.21928385474460488
mid,sf6,89,Korean,8.989456232307863e-06,0,1,1,-0.21812416064287304
mid,sf6,96,Spanish,2.1459197826558e-06,0,1,1,-0.21953501408928816
mid,sf6,167,Spanish,2.1459197826558e-06,0,1,1,-0.21953501408928816
mid,sf6,171,Korean,3.364202329562351e-06,0,1,1,-0.21928385474460488
mid,sf6,185,Korean,8.989456232307863e-06,0,1,1,-0.21812416064287304
moan,km1,1,Korean,1.5864049994993892e-05,1,1,0,-0.2167069044663121
moan,km1,18,Spanish,4.290547403010603e-06,1,1,0,-0.21909288080166484
moan,km1,34,Korean,1.5864049994993892e-05,1,1,0,-0.2167069044663121
moan,km1,36,Spanish,1.4353664418301103e-05,1,1,0,-0.21701828334358847
moan,km1,109,Korean,1.5864049994993892e-05,1,1,0,-0.2167069044663121
moan,km1,110,Spanish,1.4353664418301103e-05,1,1,0,-0.21701828334358847
moan,km1,118,Spanish,4.290547403010603e-06,1,1,0,-0.21909288080166484
moan,km2,5,Spanish,1.1406895181604759e-05,1,1,0,-0.2176257849714339
moan,km2,22,Korean,1.5864049994993892e-05,1,1,0,-0.2167069044663121
moan,km2,27,Korean,1.5864049994993892e-05,1,1,0,-0.2167069044663121
moan,km2,31,Spanish,0.00017098321254759106,1,1,0,-0.18472776521536471
moan,km2,53,Korean,1.5864049994993892e-05,1,1,0,-0.2167069044663121
moan,km2,160,Spanish,0.00017098321254759106,1,1,0,-0.18472776521536471
moan,sm2,63,Spanish,8.1213988856086e-05,1,1,0,-0.2032344568299915
moan,sm2,73,Korean,4.290547403010603e-06,0,1,1,-0.21909288080166484
moan,sm2,89,Korean,0.00017098321254759106,0,1,1,-0.18472776521536471
moan,sm2,96,Spanish,8.1213988856086e-05,0,1,1,-0.2032344568299915
moan,sm2,167,Spanish,8.1213988856086e-05,1,1,0,-0.2032344568299915
moan,sm2,171,Korean,4.290547403010603e-06,1,1,0,-0.21909288080166484
moan,sm2,185,Korean,0.00017098321254759106,1,1,0,-0.18472776521536471
moan,sm3,77,Korean,1.1406895181604759e-05,0,1,1,-0.2176257849714339
moan,sm3,83,Spanish,8.1213988856086e-05,0,1,1,-0.2032344568299915
moan,sm3,92,Spanish,8.1213988856086e-05,0,1,1,-0.2032344568299915
moan,sm3,100,Spanish,8.1213988856086e-05,0,1,1,-0.2032344568299915
moan,sm3,139,Spanish,8.1213988856086e-05,0,1,1,-0.2032344568299915
moan,sm3,176,Korean,1.1406895181604759e-05,0,1,1,-0.2176257849714339
moan,sm3,182,Korean,1.1406895181604759e-05,0,1,1,-0.2176257849714339
mote,kf1,1,Korean,0.0006103085737056299,1,1,0,-0.09415709251603323
mote,kf1,18,Spanish,0.0003465489159241782,0,1,1,-0.14853339706909083
mote,kf1,34,Korean,0.0006103085737056299,1,1,0,-0.09415709251603323
mote,kf1,36,Spanish,0.0001744518350937739,1,1,0,-0.1840126790739233
mote,kf1,109,Korean,0.0006103085737056299,1,1,0,-0.09415709251603323
mote,kf1,110,Spanish,0.0001744518350937739,1,1,0,-0.1840126790739233
mote,kf1,118,Spanish,0.0003465489159241782,0,1,1,-0.14853339706909083
mote,kf2,5,Spanish,0.00040588902753679835,0,1,1,-0.1362999266119299
mote,kf2,22,Korean,0.0006103085737056299,0,1,1,-0.09415709251603323
mote,kf2,27,Korean,0.0006103085737056299,0,1,1,-0.09415709251603323
mote,kf2,31,Spanish,0.0003730815990942083,0,1,1,-0.1430634579859169
mote,kf2,53,Korean,0.0006103085737056299,0,1,1,-0.09415709251603323
mote,kf2,160,Spanish,0.0003730815990942083,0,1,1,-0.1430634579859169
mote,sf1,77,Korean,0.00040588902753679835,0,1,1,-0.1362999266119299
mote,sf1,83,Spanish,0.005082395984181425,1,1,0,0.8278018949399601
mote,sf1,92,Spanish,0.005082395984181425,0,1,1,0.8278018949399601
mote,sf1,100,Spanish,0.005082395984181425,0,1,1,0.8278018949399601
mote,sf1,139,Spanish,0.005082395984181425,0,1,1,0.8278018949399601
mote,sf1,176,Korean,0.00040588902753679835,1,1,0,-0.1362999266119299
mote,sf1,182,Korean,0.00040588902753679835,1,1,0,-0.1362999266119299
mote,sf2,63,Spanish,0.005082395984181425,1,1,0,0.8278018949399601
mote,sf2,73,Korean,0.0003465489159241782,1,1,0,-0.14853339706909083
mote,sf2,89,Korean,0.0003730815990942083,1,1,0,-0.1430634579859169
mote,sf2,96,Spanish,0.005082395984181425,0,1,1,0.8278018949399601
mote,sf2,167,Spanish,0.005082395984181425,1,1,0,0.8278018949399601
mote,sf2,171,Korean,0.0003465489159241782,1,1,0,-0.14853339706909083
mote,sf2,185,Korean,0.0003730815990942083,0,1,1,-0.1430634579859169
mum,km1,1,Korean,0.00010447944952681536,0,1,1,-0.19843808354971149
mum,km1,18,Spanish,2.540050045608477e-06,1,1,0,-0.2194537607718091
mum,km1,34,Korean,0.00010447944952681536,0,1,1,-0.19843808354971149
mum,km1,36,Spanish,1.5347297498836703e-05,0,1,1,-0.21681343740370645
mum,km1,109,Korean,0.00010447944952681536,1,1,0,-0.19843808354971149
mum,km1,110,Spanish,1.5347297498836703e-05,0,1,1,-0.21681343740370645
mum,km1,118,Spanish,2.540050045608477e-06,1,1,0,-0.2194537607718091
mum,km2,5,Spanish,6.438990288213074e-06,1,1,0,-0.21864996096463116
mum,km2,22,Korean,0.00010447944952681536,0,1,1,-0.19843808354971149
mum,km2,27,Korean,0.00010447944952681536,1,1,0,-0.19843808354971149
mum,km2,31,Spanish,0.0005439076683272234,0,1,1,-0.10784620586954966
mum,km2,53,Korean,0.00010447944952681536,0,1,1,-0.19843808354971149
mum,km2,160,Spanish,0.0005439076683272234,1,1,0,-0.10784620586954966
mum,sm2,63,Spanish,9.95175346506491e-05,1,1,0,-0.19946102464973492
mum,sm2,73,Korean,2.540050045608477e-06,0,1,1,-0.2194537607718091
mum,sm2,89,Korean,0.0005439076683272234,0,1,1,-0.10784620586954966
mum,sm2,96,Spanish,9.95175346506491e-05,1,1,0,-0.19946102464973492
mum,sm2,167,Spanish,9.95175346506491e-05,0,1,1,-0.19946102464973492
mum,sm2,171,Korean,2.540050045608477e-06,0,1,1,-0.2194537607718091
mum,sm2,185,Korean,0.0005439076683272234,0,1,1,-0.10784620586954966
mum,sm3,77,Korean,6.438990288213074e-06,0,1,1,-0.21864996096463116
mum,sm3,83,Spanish,9.95175346506491e-05,0,1,1,-0.19946102464973492
mum,sm3,92,Spanish,9.95175346506491e-05,1,1,0,-0.19946102464973492
mum,sm3,100,Spanish,9.95175346506491e-05,0,1,1,-0.19946102464973492
mum,sm3,139,Spanish,9.95175346506491e-05,0,1,1,-0.19946102464973492
mum,sm3,176,Korean,6.438990288213074e-06,1,1,0,-0.21864996096463116
mum,sm3,182,Korean,6.438990288213074e-06,0,1,1,-0.21864996096463116
noise,km3,1,Korean,7.915664482480947e-06,1,1,0,-0.21834553197655715
noise,km3,18,Spanish,0.00014316809902712962,1,1,0,-0.1904620882603988
noise,km3,34,Korean,7.915664482480947e-06,1,1,0,-0.21834553197655715
noise,km3,36,Spanish,2.2556669858664254e-05,1,1,0,-0.21532716376212024
noise,km3,109,Korean,7.915664482480947e-06,1,1,0,-0.21834553197655715
noise,km3,110,Spanish,2.2556669858664254e-05,1,1,0,-0.21532716376212024
noise,km3,118,Spanish,0.00014316809902712962,1,1,0,-0.1904620882603988
noise,km6,5,Spanish,5.58626497737071e-05,1,1,0,-0.20846085174711523
noise,km6,22,Korean,7.915664482480947e-06,1,1,0,-0.21834553197655715
noise,km6,27,Korean,7.915664482480947e-06,1,1,0,-0.21834553197655715
noise,km6,31,Spanish,0.00030033587289949725,1,1,0,-0.1580606103016609
noise,km6,53,Korean,7.915664482480947e-06,1,1,0,-0.21834553197655715
noise,km6,160,Spanish,0.00030033587289949725,1,1,0,-0.1580606103016609
noise,sm4,63,Spanish,0.0013144833858846664,1,1,0,0.05101455491371298
noise,sm4,73,Korean,0.00014316809902712962,1,1,0,-0.1904620882603988
noise,sm4,89,Korean,0.00030033587289949725,1,1,0,-0.1580606103016609
noise,sm4,96,Spanish,0.0013144833858846664,1,1,0,0.05101455491371298
noise,sm4,167,Spanish,0.0013144833858846664,1,1,0,0.05101455491371298
noise,sm4,171,Korean,0.00014316809902712962,1,1,0,-0.1904620882603988
noise,sm4,185,Korean,0.00030033587289949725,1,1,0,-0.1580606103016609
noise,sm5,77,Korean,5.58626497737071e-05,1,1,0,-0.20846085174711523
noise,sm5,83,Spanish,0.0013144833858846664,1,1,0,0.05101455491371298
noise,sm5,92,Spanish,0.0013144833858846664,1,1,0,0.05101455491371298
noise,sm5,100,Spanish,0.0013144833858846664,1,1,0,0.05101455491371298
noise,sm5,139,Spanish,0.0013144833858846664,1,1,0,0.05101455491371298
noise,sm5,176,Korean,5.58626497737071e-05,1,1,0,-0.20846085174711523
noise,sm5,182,Korean,5.58626497737071e-05,1,1,0,-0.20846085174711523
page,kf3,1,Korean,0.002569054632935045,1,1,0,0.30965512484365315
page,kf3,18,Spanish,0.0025375417834802285,1,1,0,0.303158481976799
page,kf3,34,Korean,0.002569054632935045,1,1,0,0.30965512484365315
page,kf3,36,Spanish,0.0004906318001214637,1,1,0,-0.11882948079207523
page,kf3,109,Korean,0.002569054632935045,1,1,0,0.30965512484365315
page,kf3,110,Spanish,0.0004906318001214637,0,1,1,-0.11882948079207523
page,kf3,118,Spanish,0.0025375417834802285,0,1,1,0.303158481976799
page,kf4,5,Spanish,0.0006509816351156292,1,1,0,-0.08577199377523988
page,kf4,22,Korean,0.002569054632935045,1,1,0,0.30965512484365315
page,kf4,27,Korean,0.002569054632935045,1,1,0,0.30965512484365315
page,kf4,31,Spanish,0.0019270211358054254,1,1,0,0.17729443986690804
page,kf4,53,Korean,0.002569054632935045,1,1,0,0.30965512484365315
page,kf4,160,Spanish,0.0019270211358054254,1,1,0,0.17729443986690804
page,sf3,77,Korean,0.0006509816351156292,1,1,0,-0.08577199377523988
page,sf3,83,Spanish,6.56960942051455e-05,1,1,0,-0.2064336032523795
page,sf3,92,Spanish,6.56960942051455e-05,1,1,0,-0.2064336032523795
page,sf3,100,Spanish,6.56960942051455e-05,1,1,0,-0.2064336032523795
page,sf3,139,Spanish,6.56960942051455e-05,1,1,0,-0.2064336032523795
page,sf3,176,Korean,0.0006509816351156292,1,1,0,-0.08577199377523988
page,sf3,182,Korean,0.0006509816351156292,1,1,0,-0.08577199377523988
page,sf4,63,Spanish,6.56960942051455e-05,1,1,0,-0.2064336032523795
page,sf4,73,Korean,0.0025375417834802285,0,1,1,0.303158481976799
page,sf4,89,Korean,0.0019270211358054254,0,1,1,0.17729443986690804
page,sf4,96,Spanish,6.56960942051455e-05,1,1,0,-0.2064336032523795
page,sf4,167,Spanish,6.56960942051455e-05,0,1,1,-0.2064336032523795
page,sf4,171,Korean,0.0025375417834802285,0,1,1,0.303158481976799
page,sf4,185,Korean,0.0019270211358054254,0,1,1,0.17729443986690804
path,km3,1,Korean,0.001048679833996767,1,1,0,-0.0037831158533487477
path,km3,18,Spanish,0.0008735270143305889,1,1,0,-0.03989236449889596
path,km3,34,Korean,0.001048679833996767,1,1,0,-0.0037831158533487477
path,km3,36,Spanish,0.0002400270063868487,1,1,0,-0.17049379784946522
path,km3,109,Korean,0.001048679833996767,1,1,0,-0.0037831158533487477
path,km3,110,Spanish,0.0002400270063868487,1,1,0,-0.17049379784946522
path,km3,118,Spanish,0.0008735270143305889,1,1,0,-0.03989236449889596
path,km6,5,Spanish,0.00018734030281571793,0,1,1,-0.18135561145423684
path,km6,22,Korean,0.001048679833996767,0,1,1,-0.0037831158533487477
path,km6,27,Korean,0.001048679833996767,1,1,0,-0.0037831158533487477
path,km6,31,Spanish,0.0005305732697433544,0,1,1,-0.11059520594229433
path,km6,53,Korean,0.001048679833996767,0,1,1,-0.0037831158533487477
path,km6,160,Spanish,0.0005305732697433544,0,1,1,-0.11059520594229433
path,sm4,63,Spanish,0.000597667346826412,1,1,0,-0.09676318932587293
path,sm4,73,Korean,0.0008735270143305889,1,1,0,-0.03989236449889596
path,sm4,89,Korean,0.0005305732697433544,1,1,0,-0.11059520594229433
path,sm4,96,Spanish,0.000597667346826412,1,1,0,-0.09676318932587293
path,sm4,167,Spanish,0.000597667346826412,1,1,0,-0.09676318932587293
path,sm4,171,Korean,0.0008735270143305889,1,1,0,-0.03989236449889596
path,sm4,185,Korean,0.0005305732697433544,1,1,0,-0.11059520594229433
path,sm5,77,Korean,0.00018734030281571793,1,1,0,-0.18135561145423684
path,sm5,83,Spanish,0.000597667346826412,1,1,0,-0.09676318932587293
path,sm5,92,Spanish,0.000597667346826412,1,1,0,-0.09676318932587293
path,sm5,100,Spanish,0.000597667346826412,1,1,0,-0.09676318932587293
path,sm5,139,Spanish,0.000597667346826412,1,1,0,-0.09676318932587293
path,sm5,176,Korean,0.00018734030281571793,1,1,0,-0.18135561145423684
path,sm5,182,Korean,0.00018734030281571793,1,1,0,-0.18135561145423684
pull,kf5,1,Korean,0.0028859756175735564,1,1,0,0.3749910906426293
pull,kf5,18,Spanish,5.709673686259116e-06,1,1,0,-0.21880031580659987
pull,kf5,34,Korean,0.0028859756175735564,1,1,0,0.3749910906426293
pull,kf5,36,Spanish,0.0006463096659469084,0,1,1,-0.08673516009308276
pull,kf5,109,Korean,0.0028859756175735564,1,1,0,0.3749910906426293
pull,kf5,110,Spanish,0.0006463096659469084,1,1,0,-0.08673516009308276
pull,kf5,118,Spanish,5.709673686259116e-06,0,1,1,-0.21880031580659987
pull,kf6,5,Spanish,0.0004934883232694045,1,1,0,-0.11824058416564728
pull,kf6,22,Korean,0.0028859756175735564,1,1,0,0.3749910906426293
pull,kf6,27,Korean,0.0028859756175735564,1,1,0,0.3749910906426293
pull,kf6,31,Spanish,6.914208506102643e-05,1,1,0,-0.20572318282704782
pull,kf6,53,Korean,0.0028859756175735564,0,1,1,0.3749910906426293
pull,kf6,160,Spanish,6.914208506102643e-05,0,1,1,-0.20572318282704782
pull,sf5,77,Korean,0.0004934883232694045,0,1,1,-0.11824058416564728
pull,sf5,83,Spanish,0.00021101227382167316,1,1,0,-0.17647543259891876
pull,sf5,92,Spanish,0.00021101227382167316,0,1,1,-0.17647543259891876
pull,sf5,100,Spanish,0.00021101227382167316,0,1,1,-0.17647543259891876
pull,sf5,139,Spanish,0.00021101227382167316,0,1,1,-0.17647543259891876
pull,sf5,176,Korean,0.0004934883232694045,0,1,1,-0.11824058416564728
pull,sf5,182,Korean,0.0004934883232694045,1,1,0,-0.11824058416564728
pull,sf6,63,Spanish,0.00021101227382167316,0,1,1,-0.17647543259891876
pull,sf6,73,Korean,5.709673686259116e-06,0,1,1,-0.21880031580659987
pull,sf6,89,Korean,6.914208506102643e-05,0,1,1,-0.20572318282704782
pull,sf6,96,Spanish,0.00021101227382167316,0,1,1,-0.17647543259891876
pull,sf6,167,Spanish,0.00021101227382167316,0,1,1,-0.17647543259891876
pull,sf6,171,Korean,5.709673686259116e-06,1,1,0,-0.21880031580659987
pull,sf6,185,Korean,6.914208506102643e-05,1,1,0,-0.20572318282704782
real,km7,5,Spanish,1.404469493740824e-05,1,1,0,-0.21708198003902682
real,km7,22,Korean,0.0005985480593154729,1,1,0,-0.09658162292966332
real,km7,27,Korean,0.0005985480593154729,1,1,0,-0.09658162292966332
real,km7,31,Spanish,4.310980845689042e-05,0,1,1,-0.2110899588258582
real,km7,53,Korean,0.0005985480593154729,1,1,0,-0.09658162292966332
real,km7,160,Spanish,4.310980845689042e-05,0,1,1,-0.2110899588258582
real,km8,1,Korean,0.0005985480593154729,1,1,0,-0.09658162292966332
real,km8,18,Spanish,1.4338254284271054e-05,1,1,0,-0.2170214602742392
real,km8,34,Korean,0.0005985480593154729,1,1,0,-0.09658162292966332
real,km8,36,Spanish,0.0001200496519768734,1,1,0,-0.19522815342810568
real,km8,109,Korean,0.0005985480593154729,1,1,0,-0.09658162292966332
real,km8,110,Spanish,0.0001200496519768734,1,1,0,-0.19522815342810568
real,km8,118,Spanish,1.4338254284271054e-05,1,1,0,-0.2170214602742392
real,sm6,63,Spanish,1.7492218089414e-05,1,1,0,-0.2163712437177714
real,sm6,73,Korean,1.4338254284271054e-05,1,1,0,-0.2170214602742392
real,sm6,89,Korean,4.310980845689042e-05,1,1,0,-0.2110899588258582
real,sm6,96,Spanish,1.7492218089414e-05,1,1,0,-0.2163712437177714
real,sm6,167,Spanish,1.7492218089414e-05,1,1,0,-0.2163712437177714
real,sm6,171,Korean,1.4338254284271054e-05,1,1,0,-0.2170214602742392
real,sm6,185,Korean,4.310980845689042e-05,1,1,0,-0.2110899588258582
real,sm7,77,Korean,1.404469493740824e-05,1,1,0,-0.21708198003902682
real,sm7,83,Spanish,1.7492218089414e-05,1,1,0,-0.2163712437177714
real,sm7,92,Spanish,1.7492218089414e-05,1,1,0,-0.2163712437177714
real,sm7,100,Spanish,1.7492218089414e-05,1,1,0,-0.2163712437177714
real,sm7,139,Spanish,1.7492218089414e-05,1,1,0,-0.2163712437177714
real,sm7,176,Korean,1.404469493740824e-05,1,1,0,-0.21708198003902682
real,sm7,182,Korean,1.404469493740824e-05,1,1,0,-0.21708198003902682
rim,km1,1,Korean,0.00015377831351381347,1,1,0,-0.18827470198929877
rim,km1,18,Spanish,0.0002296821104345606,1,1,0,-0.17262648644029366
rim,km1,34,Korean,0.00015377831351381347,1,1,0,-0.18827470198929877
rim,km1,36,Spanish,0.0004689375858370792,1,1,0,-0.12330192821974224
rim,km1,109,Korean,0.00015377831351381347,1,1,0,-0.18827470198929877
rim,km1,110,Spanish,0.0004689375858370792,1,1,0,-0.12330192821974224
rim,km1,118,Spanish,0.0002296821104345606,1,1,0,-0.17262648644029366
rim,km2,5,Spanish,0.0003187145975014859,1,1,0,-0.1542716793686273
rim,km2,22,Korean,0.00015377831351381347,1,1,0,-0.18827470198929877
rim,km2,27,Korean,0.00015377831351381347,1,1,0,-0.18827470198929877
rim,km2,31,Spanish,0.0007114536177326927,1,1,0,-0.07330517845036844
rim,km2,53,Korean,0.00015377831351381347,1,1,0,-0.18827470198929877
rim,km2,160,Spanish,0.0007114536177326927,1,1,0,-0.07330517845036844
rim,sm2,63,Spanish,0.0002457114172092747,1,1,0,-0.1693219080438565
rim,sm2,73,Korean,0.0002296821104345606,1,1,0,-0.17262648644029366
rim,sm2,89,Korean,0.0007114536177326927,1,1,0,-0.07330517845036844
rim,sm2,96,Spanish,0.0002457114172092747,0,1,1,-0.1693219080438565
rim,sm2,167,Spanish,0.0002457114172092747,1,1,0,-0.1693219080438565
rim,sm2,171,Korean,0.0002296821104345606,1,1,0,-0.17262648644029366
rim,sm2,185,Korean,0.0007114536177326927,1,1,0,-0.07330517845036844
rim,sm3,77,Korean,0.0003187145975014859,0,1,1,-0.1542716793686273
rim,sm3,83,Spanish,0.0002457114172092747,1,1,0,-0.1693219080438565
rim,sm3,92,Spanish,0.0002457114172092747,1,1,0,-0.1693219080438565
rim,sm3,100,Spanish,0.0002457114172092747,1,1,0,-0.1693219080438565
rim,sm3,139,Spanish,0.0002457114172092747,0,1,1,-0.1693219080438565
rim,sm3,176,Korean,0.0003187145975014859,1,1,0,-0.1542716793686273
rim,sm3,182,Korean,0.0003187145975014859,0,1,1,-0.1542716793686273
roof,kf5,1,Korean,0.0001565721525834199,1,1,0,-0.18769872822060732
roof,kf5,18,Spanish,0.00019572706228255631,1,1,0,-0.1796266094119309
roof,kf5,34,Korean,0.0001565721525834199,1,1,0,-0.18769872822060732
roof,kf5,36,Spanish,0.00043054170019797637,1,1,0,-0.1312175677404235
roof,kf5,109,Korean,0.0001565721525834199,1,1,0,-0.18769872822060732
roof,kf5,110,Spanish,0.00043054170019797637,1,1,0,-0.1312175677404235
roof,kf5,118,Spanish,0.00019572706228255631,1,1,0,-0.1796266094119309
roof,kf6,5,Spanish,2.256852303581257e-05,1,1,0,-0.21532472012848816
roof,kf6,22,Korean,0.0001565721525834199,1,1,0,-0.18769872822060732
roof,kf6,27,Korean,0.0001565721525834199,1,1,0,-0.18769872822060732
roof,kf6,31,Spanish,1.9973530904539152e-05,1,1,0,-0.21585969990374942
roof,kf6,53,Korean,0.0001565721525834199,0,1,1,-0.18769872822060732
roof,kf6,160,Spanish,1.9973530904539152e-05,1,1,0,-0.21585969990374942
roof,sf5,77,Korean,2.256852303581257e-05,1,1,0,-0.21532472012848816
roof,sf5,83,Spanish,0.01715392760999676,1,1,0,3.316451166130217
roof,sf5,92,Spanish,0.01715392760999676,1,1,0,3.316451166130217
roof,sf5,100,Spanish,0.01715392760999676,0,1,1,3.316451166130217
roof,sf5,139,Spanish,0.01715392760999676,1,1,0,3.316451166130217
roof,sf5,176,Korean,2.256852303581257e-05,1,1,0,-0.21532472012848816
roof,sf5,182,Korean,2.256852303581257e-05,1,1,0,-0.21532472012848816
roof,sf6,63,Spanish,0.01715392760999676,1,1,0,3.316451166130217
roof,sf6,73,Korean,0.00019572706228255631,1,1,0,-0.1796266094119309
roof,sf6,89,Korean,1.9973530904539152e-05,1,1,0,-0.21585969990374942
roof,sf6,96,Spanish,0.01715392760999676,1,1,0,3.316451166130217
roof,sf6,167,Spanish,0.01715392760999676,1,1,0,3.316451166130217
roof,sf6,171,Korean,0.00019572706228255631,1,1,0,-0.1796266094119309
roof,sf6,185,Korean,1.9973530904539152e-05,1,1,0,-0.21585969990374942
route,km3,1,Korean,4.182826405465116e-08,0,1,1,-0.2199687905135727
route,km3,18,Spanish,0.00047611600648339906,0,1,1,-0.12182203553805825
route,km3,34,Korean,4.182826405465116e-08,0,1,1,-0.2199687905135727
route,km3,36,Spanish,9.613716745134571e-05,0,1,1,-0.20015791619818693
route,km3,109,Korean,4.182826405465116e-08,0,1,1,-0.2199687905135727
route,km3,110,Spanish,9.613716745134571e-05,1,1,0,-0.20015791619818693
route,km3,118,Spanish,0.00047611600648339906,1,1,0,-0.12182203553805825
route,km6,5,Spanish,2.802137424379047e-08,0,1,1,-0.21997163692174448
route,km6,22,Korean,4.182826405465116e-08,0,1,1,-0.2199687905135727
route,km6,27,Korean,4.182826405465116e-08,1,1,0,-0.2199687905135727
route,km6,31,Spanish,1.2837111059115502e-07,1,1,0,-0.21995094896714468
route,km6,53,Korean,4.182826405465116e-08,0,1,1,-0.2199687905135727
route,km6,160,Spanish,1.2837111059115502e-07,0,1,1,-0.21995094896714468
route,sm4,63,Spanish,0.00011796278027336971,1,1,0,-0.1956583798405425
route,sm4,73,Korean,0.00047611600648339906,1,1,0,-0.12182203553805825
route,sm4,89,Korean,1.2837111059115502e-07,1,1,0,-0.21995094896714468
route,sm4,96,Spanish,0.00011796278027336971,1,1,0,-0.1956583798405425
route,sm4,167,Spanish,0.00011796278027336971,1,1,0,-0.1956583798405425
route,sm4,171,Korean,0.00047611600648339906,1,1,0,-0.12182203553805825
route,sm4,185,Korean,1.2837111059115502e-07,1,1,0,-0.21995094896714468
route,sm5,77,Korean,2.802137424379047e-08,0,1,1,-0.21997163692174448
route,sm5,83,Spanish,0.00011796278027336971,0,1,1,-0.1956583798405425
route,sm5,92,Spanish,0.00011796278027336971,0,1,1,-0.1956583798405425
route,sm5,100,Spanish,0.00011796278027336971,0,1,1,-0.1956583798405425
route,sm5,139,Spanish,0.00011796278027336971,0,1,1,-0.1956583798405425
route,sm5,176,Korean,2.802137424379047e-08,0,1,1,-0.21997163692174448
route,sm5,182,Korean,2.802137424379047e-08,0,1,1,-0.21997163692174448
shop,kf5,1,Korean,0.0007947898436371174,1,1,0,-0.05612470423305591
shop,kf5,18,Spanish,0.0027640907154767203,1,1,0,0.3498634778280541
shop,kf5,34,Korean,0.0007947898436371174,1,1,0,-0.05612470423305591
shop,kf5,36,Spanish,0.00034358531016018626,1,1,0,-0.14914436969073241
shop,kf5,109,Korean,0.0007947898436371174,1,1,0,-0.05612470423305591
shop,kf5,110,Spanish,0.00034358531016018626,1,1,0,-0.14914436969073241
shop,kf5,118,Spanish,0.0027640907154767203,1,1,0,0.3498634778280541
shop,kf6,5,Spanish,0.0004286677732064889,1,1,0,-0.13160389378306553
shop,kf6,22,Korean,0.0007947898436371174,1,1,0,-0.05612470423305591
shop,kf6,27,Korean,0.0007947898436371174,1,1,0,-0.05612470423305591
shop,kf6,31,Spanish,0.003868650880980182,0,1,1,0.5775779830021492
shop,kf6,53,Korean,0.0007947898436371174,1,1,0,-0.05612470423305591
shop,kf6,160,Spanish,0.003868650880980182,0,1,1,0.5775779830021492
shop,sf5,77,Korean,0.0004286677732064889,0,1,1,-0.13160389378306553
shop,sf5,83,Spanish,0.008535169083044665,1,1,0,1.5396205375466272
shop,sf5,92,Spanish,0.008535169083044665,1,1,0,1.5396205375466272
shop,sf5,100,Spanish,0.008535169083044665,1,1,0,1.5396205375466272
shop,sf5,139,Spanish,0.008535169083044665,1,1,0,1.5396205375466272
shop,sf5,176,Korean,0.0004286677732064889,1,1,0,-0.13160389378306553
shop,sf5,182,Korean,0.0004286677732064889,1,1,0,-0.13160389378306553
shop,sf6,63,Spanish,0.008535169083044665,1,1,0,1.5396205375466272
shop,sf6,73,Korean,0.0027640907154767203,1,1,0,0.3498634778280541
shop,sf6,89,Korean,0.003868650880980182,1,1,0,0.5775779830021492
shop,sf6,96,Spanish,0.008535169083044665,1,1,0,1.5396205375466272
shop,sf6,167,Spanish,0.008535169083044665,1,1,0,1.5396205375466272
shop,sf6,171,Korean,0.0027640907154767203,1,1,0,0.3498634778280541
shop,sf6,185,Korean,0.003868650880980182,1,1,0,0.5775779830021492
soil,km1,1,Korean,4.4886565213629816e-05,1,1,0,-0.2107236652564253
soil,km1,18,Spanish,9.621673419048827e-05,1,1,0,-0.2001415128358369
soil,km1,34,Korean,4.4886565213629816e-05,1,1,0,-0.2107236652564253
soil,km1,36,Spanish,4.872298740033322e-05,1,1,0,-0.2099327540800424
soil,km1,109,Korean,4.4886565213629816e-05,1,1,0,-0.2107236652564253
soil,km1,110,Spanish,4.872298740033322e-05,1,1,0,-0.2099327540800424
soil,km1,118,Spanish,9.621673419048827e-05,1,1,0,-0.2001415128358369
soil,km2,5,Spanish,9.551909446291822e-07,1,1,0,-0.219780493001724
soil,km2,22,Korean,4.4886565213629816e-05,1,1,0,-0.2107236652564253
soil,km2,27,Korean,4.4886565213629816e-05,1,1,0,-0.2107236652564253
soil,km2,31,Spanish,7.867113862837452e-05,1,1,0,-0.2037586871068196
soil,km2,53,Korean,4.4886565213629816e-05,1,1,0,-0.2107236652564253
soil,km2,160,Spanish,7.867113862837452e-05,1,1,0,-0.2037586871068196
soil,sm2,63,Spanish,9.144359942809112e-05,1,1,0,-0.20112553530423102
soil,sm2,73,Korean,9.621673419048827e-05,1,1,0,-0.2001415128358369
soil,sm2,89,Korean,7.867113862837452e-05,1,1,0,-0.2037586871068196
soil,sm2,96,Spanish,9.144359942809112e-05,1,1,0,-0.20112553530423102
soil,sm2,167,Spanish,9.144359942809112e-05,1,1,0,-0.20112553530423102
soil,sm2,171,Korean,9.621673419048827e-05,1,1,0,-0.2001415128358369
soil,sm2,185,Korean,7.867113862837452e-05,1,1,0,-0.2037586871068196
soil,sm3,77,Korean,9.551909446291822e-07,0,1,1,-0.219780493001724
soil,sm3,83,Spanish,9.144359942809112e-05,1,1,0,-0.20112553530423102
soil,sm3,92,Spanish,9.144359942809112e-05,1,1,0,-0.20112553530423102
soil,sm3,100,Spanish,9.144359942809112e-05,1,1,0,-0.20112553530423102
soil,sm3,139,Spanish,9.144359942809112e-05,1,1,0,-0.20112553530423102
soil,sm3,176,Korean,9.551909446291822e-07,1,1,0,-0.219780493001724
soil,sm3,182,Korean,9.551909446291822e-07,1,1,0,-0.219780493001724
suck,km7,5,Spanish,9.326655601461854e-05,0,1,1,-0.20074971724558707
suck,km7,22,Korean,0.0009468771707589368,1,1,0,-0.024770603731875656
suck,km7,27,Korean,0.0009468771707589368,0,1,1,-0.024770603731875656
suck,km7,31,Spanish,0.00046699235902654396,1,1,0,-0.12370295332860129
suck,km7,53,Korean,0.0009468771707589368,0,1,1,-0.024770603731875656
suck,km7,160,Spanish,0.00046699235902654396,0,1,1,-0.12370295332860129
suck,km8,1,Korean,0.0009468771707589368,1,1,0,-0.024770603731875656
suck,km8,18,Spanish,0.0037138592012297997,1,1,0,0.5456663571258358
suck,km8,34,Korean,0.0009468771707589368,1,1,0,-0.024770603731875656
suck,km8,36,Spanish,0.0007416967946756465,0,1,1,-0.0670702894080696
suck,km8,109,Korean,0.0009468771707589368,1,1,0,-0.024770603731875656
suck,km8,110,Spanish,0.0007416967946756465,1,1,0,-0.0670702894080696
suck,km8,118,Spanish,0.0037138592012297997,1,1,0,0.5456663571258358
suck,sm6,63,Spanish,0.003193316852004573,1,1,0,0.438352109176332
suck,sm6,73,Korean,0.0037138592012297997,0,1,1,0.5456663571258358
suck,sm6,89,Korean,0.00046699235902654396,1,1,0,-0.12370295332860129
suck,sm6,96,Spanish,0.003193316852004573,1,1,0,0.438352109176332
suck,sm6,167,Spanish,0.003193316852004573,1,1,0,0.438352109176332
suck,sm6,171,Korean,0.0037138592012297997,1,1,0,0.5456663571258358
suck,sm6,185,Korean,0.00046699235902654396,1,1,0,-0.12370295332860129
suck,sm7,77,Korean,9.326655601461854e-05,0,1,1,-0.20074971724558707
suck,sm7,83,Spanish,0.003193316852004573,0,1,1,0.438352109176332
suck,sm7,92,Spanish,0.003193316852004573,0,1,1,0.438352109176332
suck,sm7,100,Spanish,0.003193316852004573,0,1,1,0.438352109176332
suck,sm7,139,Spanish,0.003193316852004573,1,1,0,0.438352109176332
suck,sm7,176,Korean,9.326655601461854e-05,0,1,1,-0.20074971724558707
suck,sm7,182,Korean,9.326655601461854e-05,0,1,1,-0.20074971724558707
teat,kf3,1,Korean,0.002359286163791398,0,1,1,0.2664095646252104
teat,kf3,18,Spanish,7.417200478177096e-06,0,1,1,-0.21844829458526976
teat,kf3,34,Korean,0.002359286163791398,0,1,1,0.2664095646252104
teat,kf3,36,Spanish,0.0018679270558520044,0,1,1,0.16511169093608982
teat,kf3,109,Korean,0.002359286163791398,0,1,1,0.2664095646252104
teat,kf3,110,Spanish,0.0018679270558520044,0,1,1,0.16511169093608982
teat,kf3,118,Spanish,7.417200478177096e-06,0,1,1,-0.21844829458526976
teat,kf4,5,Spanish,0.00014752048006439763,0,1,1,-0.18956480776343385
teat,kf4,22,Korean,0.002359286163791398,0,1,1,0.2664095646252104
teat,kf4,27,Korean,0.002359286163791398,1,1,0,0.2664095646252104
teat,kf4,31,Spanish,2.4385613060346228e-06,0,1,1,-0.219474683541645
teat,kf4,53,Korean,0.002359286163791398,0,1,1,0.2664095646252104
teat,kf4,160,Spanish,2.4385613060346228e-06,0,1,1,-0.219474683541645
teat,sf3,77,Korean,0.00014752048006439763,0,1,1,-0.18956480776343385
teat,sf3,83,Spanish,2.0485628629583448e-05,1,1,0,-0.2157541265871469
teat,sf3,92,Spanish,2.0485628629583448e-05,0,1,1,-0.2157541265871469
teat,sf3,100,Spanish,2.0485628629583448e-05,1,1,0,-0.2157541265871469
teat,sf3,139,Spanish,2.0485628629583448e-05,0,1,1,-0.2157541265871469
teat,sf3,176,Korean,0.00014752048006439763,0,1,1,-0.18956480776343385
teat,sf3,182,Korean,0.00014752048006439763,0,1,1,-0.18956480776343385
teat,sf4,63,Spanish,2.0485628629583448e-05,0,1,1,-0.2157541265871469
teat,sf4,73,Korean,7.417200478177096e-06,0,1,1,-0.21844829458526976
teat,sf4,89,Korean,2.4385613060346228e-06,0,1,1,-0.219474683541645
teat,sf4,96,Spanish,2.0485628629583448e-05,0,1,1,-0.2157541265871469
teat,sf4,167,Spanish,2.0485628629583448e-05,0,1,1,-0.2157541265871469
teat,sf4,171,Korean,7.417200478177096e-06,0,1,1,-0.21844829458526976
teat,sf4,185,Korean,2.4385613060346228e-06,0,1,1,-0.219474683541645
theme,km1,1,Korean,6.978887949422142e-05,0,1,1,-0.20558984063446817
theme,km1,18,Spanish,1.2180626836912112e-05,1,1,0,-0.2174662735871486
theme,km1,34,Korean,6.978887949422142e-05,1,1,0,-0.20558984063446817
theme,km1,36,Spanish,1.6075367666266143e-05,1,1,0,-0.21666333952485292
theme,km1,109,Korean,6.978887949422142e-05,1,1,0,-0.20558984063446817
theme,km1,110,Spanish,1.6075367666266143e-05,1,1,0,-0.21666333952485292
theme,km1,118,Spanish,1.2180626836912112e-05,1,1,0,-0.2174662735871486
theme,km2,5,Spanish,1.6207473996555805e-06,1,1,0,-0.2196432828582162
theme,km2,22,Korean,6.978887949422142e-05,0,1,1,-0.20558984063446817
theme,km2,27,Korean,6.978887949422142e-05,0,1,1,-0.20558984063446817
theme,km2,31,Spanish,1.3852982171014544e-05,1,1,0,-0.2171215032620239
theme,km2,53,Korean,6.978887949422142e-05,1,1,0,-0.20558984063446817
theme,km2,160,Spanish,1.3852982171014544e-05,0,1,1,-0.2171215032620239
theme,sm2,63,Spanish,0.00017150883308243,0,1,1,-0.1846194040561103
theme,sm2,73,Korean,1.2180626836912112e-05,0,1,1,-0.2174662735871486
theme,sm2,89,Korean,1.3852982171014544e-05,0,1,1,-0.2171215032620239
theme,sm2,96,Spanish,0.00017150883308243,0,1,1,-0.1846194040561103
theme,sm2,167,Spanish,0.00017150883308243,0,1,1,-0.1846194040561103
theme,sm2,171,Korean,1.2180626836912112e-05,0,1,1,-0.2174662735871486
theme,sm2,185,Korean,1.3852982171014544e-05,0,1,1,-0.2171215032620239
theme,sm3,77,Korean,1.6207473996555805e-06,0,1,1,-0.2196432828582162
theme,sm3,83,Spanish,0.00017150883308243,0,1,1,-0.1846194040561103
theme,sm3,92,Spanish,0.00017150883308243,0,1,1,-0.1846194040561103
theme,sm3,100,Spanish,0.00017150883308243,0,1,1,-0.1846194040561103
theme,sm3,139,Spanish,0.00017150883308243,0,1,1,-0.1846194040561103
theme,sm3,176,Korean,1.6207473996555805e-06,0,1,1,-0.2196432828582162
theme,sm3,182,Korean,1.6207473996555805e-06,0,1,1,-0.2196432828582162
thick,kf3,1,Korean,0.00028343437992353214,1,1,0,-0.16154499732730662
thick,kf3,18,Spanish,0.0008863173032019953,0,1,1,-0.03725553728717183
thick,kf3,34,Korean,0.00028343437992353214,1,1,0,-0.16154499732730662
thick,kf3,36,Spanish,2.3319759735688723e-05,0,1,1,-0.215169846271252
thick,kf3,109,Korean,0.00028343437992353214,1,1,0,-0.16154499732730662
thick,kf3,110,Spanish,2.3319759735688723e-05,1,1,0,-0.215169846271252
thick,kf3,118,Spanish,0.0008863173032019953,0,1,1,-0.03725553728717183
thick,kf4,5,Spanish,0.0014252704015024046,0,1,1,0.07385424371383288
thick,kf4,22,Korean,0.00028343437992353214,0,1,1,-0.16154499732730662
thick,kf4,27,Korean,0.00028343437992353214,0,1,1,-0.16154499732730662
thick,kf4,31,Spanish,0.002469274443735577,0,1,1,0.2890845872492814
thick,kf4,53,Korean,0.00028343437992353214,0,1,1,-0.16154499732730662
thick,kf4,160,Spanish,0.002469274443735577,0,1,1,0.2890845872492814
thick,sf3,77,Korean,0.0014252704015024046,0,1,1,0.07385424371383288
thick,sf3,83,Spanish,0.00012448780424153389,1,1,0,-0.19431319046058476
thick,sf3,92,Spanish,0.00012448780424153389,1,1,0,-0.19431319046058476
thick,sf3,100,Spanish,0.00012448780424153389,1,1,0,-0.19431319046058476
thick,sf3,139,Spanish,0.00012448780424153389,1,1,0,-0.19431319046058476
thick,sf3,176,Korean,0.0014252704015024046,0,1,1,0.07385424371383288
thick,sf3,182,Korean,0.0014252704015024046,1,1,0,0.07385424371383288
thick,sf4,63,Spanish,0.00012448780424153389,0,1,1,-0.19431319046058476
thick,sf4,73,Korean,0.0008863173032019953,0,1,1,-0.03725553728717183
thick,sf4,89,Korean,0.002469274443735577,0,1,1,0.2890845872492814
thick,sf4,96,Spanish,0.00012448780424153389,0,1,1,-0.19431319046058476
thick,sf4,167,Spanish,0.00012448780424153389,0,1,1,-0.19431319046058476
thick,sf4,171,Korean,0.0008863173032019953,0,1,1,-0.03725553728717183
thick,sf4,185,Korean,0.002469274443735577,0,1,1,0.2890845872492814
vice,km7,5,Spanish,8.206152401818849e-05,1,1,0,-0.20305973022289192
vice,km7,22,Korean,2.146264200570405e-05,1,1,0,-0.2155527069411737
vice,km7,27,Korean,2.146264200570405e-05,1,1,0,-0.2155527069411737
vice,km7,31,Spanish,9.857881187953993e-05,0,1,1,-0.19965455036068733
vice,km7,53,Korean,2.146264200570405e-05,0,1,1,-0.2155527069411737
vice,km7,160,Spanish,9.857881187953993e-05,0,1,1,-0.19965455036068733
vice,km8,1,Korean,2.146264200570405e-05,0,1,1,-0.2155527069411737
vice,km8,18,Spanish,9.62106867994263e-07,1,1,0,-0.21977906722509719
vice,km8,34,Korean,2.146264200570405e-05,0,1,1,-0.2155527069411737
vice,km8,36,Spanish,5.1782351820972425e-06,0,1,1,-0.21890987638988463
vice,km8,109,Korean,2.146264200570405e-05,1,1,0,-0.2155527069411737
vice,km8,110,Spanish,5.1782351820972425e-06,1,1,0,-0.21890987638988463
vice,km8,118,Spanish,9.62106867994263e-07,0,1,1,-0.21977906722509719
vice,sm6,63,Spanish,0.0003140467883740838,1,1,0,-0.15523398805844774
vice,sm6,73,Korean,9.62106867994263e-07,0,1,1,-0.21977906722509719
vice,sm6,89,Korean,9.857881187953993e-05,0,1,1,-0.19965455036068733
vice,sm6,96,Spanish,0.0003140467883740838,1,1,0,-0.15523398805844774
vice,sm6,167,Spanish,0.0003140467883740838,0,1,1,-0.15523398805844774
vice,sm6,171,Korean,9.62106867994263e-07,0,1,1,-0.21977906722509719
vice,sm6,185,Korean,9.857881187953993e-05,0,1,1,-0.19965455036068733
vice,sm7,77,Korean,8.206152401818849e-05,0,1,1,-0.20305973022289192
vice,sm7,83,Spanish,0.0003140467883740838,0,1,1,-0.15523398805844774
vice,sm7,92,Spanish,0.0003140467883740838,0,1,1,-0.15523398805844774
vice,sm7,100,Spanish,0.0003140467883740838,0,1,1,-0.15523398805844774
vice,sm7,139,Spanish,0.0003140467883740838,0,1,1,-0.15523398805844774
vice,sm7,176,Korean,8.206152401818849e-05,0,1,1,-0.20305973022289192
vice,sm7,182,Korean,8.206152401818849e-05,0,1,1,-0.20305973022289192
vote,kf3,1,Korean,3.1762857767372056e-05,1,1,0,-0.2134292295529723
vote,kf3,18,Spanish,8.753931413119595e-12,1,1,0,-0.2199774119625003
vote,kf3,34,Korean,3.1762857767372056e-05,0,1,1,-0.2134292295529723
vote,kf3,36,Spanish,0.00021552887524486098,1,1,0,-0.17554429666782984
vote,kf3,109,Korean,3.1762857767372056e-05,1,1,0,-0.2134292295529723
vote,kf3,110,Spanish,0.00021552887524486098,1,1,0,-0.17554429666782984
vote,kf3,118,Spanish,8.753931413119595e-12,1,1,0,-0.2199774119625003
vote,kf4,5,Spanish,0.00028956262976890737,1,1,0,-0.1602816063190977
vote,kf4,22,Korean,3.1762857767372056e-05,1,1,0,-0.2134292295529723
vote,kf4,27,Korean,3.1762857767372056e-05,1,1,0,-0.2134292295529723
vote,kf4,31,Spanish,4.048836384061728e-09,1,1,0,-0.21997657906502194
vote,kf4,53,Korean,3.1762857767372056e-05,1,1,0,-0.2134292295529723
vote,kf4,160,Spanish,4.048836384061728e-09,1,1,0,-0.21997657906502194
vote,sf3,77,Korean,0.00028956262976890737,0,1,1,-0.1602816063190977
vote,sf3,83,Spanish,1.0526549124671315e-10,0,1,1,-0.21997739206581857
vote,sf3,92,Spanish,1.0526549124671315e-10,0,1,1,-0.21997739206581857
vote,sf3,100,Spanish,1.0526549124671315e-10,0,1,1,-0.21997739206581857
vote,sf3,139,Spanish,1.0526549124671315e-10,0,1,1,-0.21997739206581857
vote,sf3,176,Korean,0.00028956262976890737,0,1,1,-0.1602816063190977
vote,sf3,182,Korean,0.00028956262976890737,0,1,1,-0.1602816063190977
vote,sf4,63,Spanish,1.0526549124671315e-10,0,1,1,-0.21997739206581857
vote,sf4,73,Korean,8.753931413119595e-12,0,1,1,-0.2199774119625003
vote,sf4,89,Korean,4.048836384061728e-09,0,1,1,-0.21997657906502194
vote,sf4,96,Spanish,1.0526549124671315e-10,0,1,1,-0.21997739206581857
vote,sf4,167,Spanish,1.0526549124671315e-10,0,1,1,-0.21997739206581857
vote,sf4,171,Korean,8.753931413119595e-12,0,1,1,-0.2199774119625003
vote,sf4,185,Korean,4.048836384061728e-09,0,1,1,-0.21997657906502194
wail,km3,1,Korean,0.000111763552586142,1,1,0,-0.19693640353662173
wail,km3,18,Spanish,0.00021276652343339667,0,1,1,-0.17611377906952194
wail,km3,34,Korean,0.000111763552586142,1,1,0,-0.19693640353662173
wail,km3,36,Spanish,0.0009037019845432369,1,1,0,-0.033671536856171545
wail,km3,109,Korean,0.000111763552586142,0,1,1,-0.19693640353662173
wail,km3,110,Spanish,0.0009037019845432369,0,1,1,-0.033671536856171545
wail,km3,118,Spanish,0.00021276652343339667,0,1,1,-0.17611377906952194
wail,km6,5,Spanish,0.0002738248472298749,1,1,0,-0.1635260845062862
wail,km6,22,Korean,0.000111763552586142,1,1,0,-0.19693640353662173
wail,km6,27,Korean,0.000111763552586142,1,1,0,-0.19693640353662173
wail,km6,31,Spanish,0.0027418015277109785,1,1,0,0.3452683715393035
wail,km6,53,Korean,0.000111763552586142,1,1,0,-0.19693640353662173
wail,km6,160,Spanish,0.0027418015277109785,1,1,0,0.3452683715393035
wail,sm4,63,Spanish,0.0020116134463300027,1,1,0,0.19473386664893166
wail,sm4,73,Korean,0.00021276652343339667,1,1,0,-0.17611377906952194
wail,sm4,89,Korean,0.0027418015277109785,1,1,0,0.3452683715393035
wail,sm4,96,Spanish,0.0020116134463300027,1,1,0,0.19473386664893166
wail,sm4,167,Spanish,0.0020116134463300027,1,1,0,0.19473386664893166
wail,sm4,171,Korean,0.00021276652343339667,1,1,0,-0.17611377906952194
wail,sm4,185,Korean,0.0027418015277109785,1,1,0,0.3452683715393035
wail,sm5,77,Korean,0.0002738248472298749,1,1,0,-0.1635260845062862
wail,sm5,83,Spanish,0.0020116134463300027,1,1,0,0.19473386664893166
wail,sm5,92,Spanish,0.0020116134463300027,1,1,0,0.19473386664893166
wail,sm5,100,Spanish,0.0020116134463300027,0,1,1,0.19473386664893166
wail,sm5,139,Spanish,0.0020116134463300027,0,1,1,0.19473386664893166
wail,sm5,176,Korean,0.0002738248472298749,1,1,0,-0.1635260845062862
wail,sm5,182,Korean,0.0002738248472298749,1,1,0,-0.1635260845062862
wash,km3,1,Korean,0.0008122247431705369,1,1,0,-0.052530350893142494
wash,km3,18,Spanish,0.008868024527983935,1,1,0,1.608241528331951
wash,km3,34,Korean,0.0008122247431705369,1,1,0,-0.052530350893142494
wash,km3,36,Spanish,0.000788805334003988,1,1,0,-0.0573584619697352
wash,km3,109,Korean,0.0008122247431705369,1,1,0,-0.052530350893142494
wash,km3,110,Spanish,0.000788805334003988,1,1,0,-0.0573584619697352
wash,km3,118,Spanish,0.008868024527983935,1,1,0,1.608241528331951
wash,km6,5,Spanish,0.0015366319916705312,1,1,0,0.09681238596131903
wash,km6,22,Korean,0.0008122247431705369,1,1,0,-0.052530350893142494
wash,km6,27,Korean,0.0008122247431705369,1,1,0,-0.052530350893142494
wash,km6,31,Spanish,0.0021029075509536284,1,1,0,0.2135549254820694
wash,km6,53,Korean,0.0008122247431705369,1,1,0,-0.052530350893142494
wash,km6,160,Spanish,0.0021029075509536284,1,1,0,0.2135549254820694
wash,sm4,63,Spanish,0.0010652341328741145,1,1,0,-0.0003703058543198473
wash,sm4,73,Korean,0.008868024527983935,1,1,0,1.608241528331951
wash,sm4,89,Korean,0.0021029075509536284,1,1,0,0.2135549254820694
wash,sm4,96,Spanish,0.0010652341328741145,1,1,0,-0.0003703058543198473
wash,sm4,167,Spanish,0.0010652341328741145,1,1,0,-0.0003703058543198473
wash,sm4,171,Korean,0.008868024527983935,1,1,0,1.608241528331951
wash,sm4,185,Korean,0.0021029075509536284,1,1,0,0.2135549254820694
wash,sm5,77,Korean,0.0015366319916705312,1,1,0,0.09681238596131903
wash,sm5,83,Spanish,0.0010652341328741145,1,1,0,-0.0003703058543198473
wash,sm5,92,Spanish,0.0010652341328741145,1,1,0,-0.0003703058543198473
wash,sm5,100,Spanish,0.0010652341328741145,1,1,0,-0.0003703058543198473
wash,sm5,139,Spanish,0.0010652341328741145,1,1,0,-0.0003703058543198473
wash,sm5,176,Korean,0.0015366319916705312,1,1,0,0.09681238596131903
wash,sm5,182,Korean,0.0015366319916705312,1,1,0,0.09681238596131903
wave,km3,1,Korean,5.1159798271285726e-05,1,1,0,-0.20943038472162098
wave,km3,18,Spanish,4.472386908461288e-05,0,1,1,-0.2107572064519798
wave,km3,34,Korean,5.1159798271285726e-05,1,1,0,-0.20943038472162098
wave,km3,36,Spanish,0.000473879470847283,1,1,0,-0.12228311644753524
wave,km3,109,Korean,5.1159798271285726e-05,1,1,0,-0.20943038472162098
wave,km3,110,Spanish,0.000473879470847283,1,1,0,-0.12228311644753524
wave,km3,118,Spanish,4.472386908461288e-05,1,1,0,-0.2107572064519798
wave,km6,5,Spanish,1.7427839505404362e-05,1,1,0,-0.2163845159123149
wave,km6,22,Korean,5.1159798271285726e-05,0,1,1,-0.20943038472162098
wave,km6,27,Korean,5.1159798271285726e-05,1,1,0,-0.20943038472162098
wave,km6,31,Spanish,0.0003057343526498012,1,1,0,-0.15694766762689724
wave,km6,53,Korean,5.1159798271285726e-05,1,1,0,-0.20943038472162098
wave,km6,160,Spanish,0.0003057343526498012,0,1,1,-0.15694766762689724
wave,sm4,63,Spanish,0.00031230300124517177,0,1,1,-0.15559348465771913
wave,sm4,73,Korean,4.472386908461288e-05,0,1,1,-0.2107572064519798
wave,sm4,89,Korean,0.0003057343526498012,0,1,1,-0.15694766762689724
wave,sm4,96,Spanish,0.00031230300124517177,0,1,1,-0.15559348465771913
wave,sm4,167,Spanish,0.00031230300124517177,0,1,1,-0.15559348465771913
wave,sm4,171,Korean,4.472386908461288e-05,0,1,1,-0.2107572064519798
wave,sm4,185,Korean,0.0003057343526498012,0,1,1,-0.15694766762689724
wave,sm5,77,Korean,1.7427839505404362e-05,0,1,1,-0.2163845159123149
wave,sm5,83,Spanish,0.00031230300124517177,0,1,1,-0.15559348465771913
wave,sm5,92,Spanish,0.00031230300124517177,0,1,1,-0.15559348465771913
wave,sm5,100,Spanish,0.00031230300124517177,0,1,1,-0.15559348465771913
wave,sm5,139,Spanish,0.00031230300124517177,0,1,1,-0.15559348465771913
wave,sm5,176,Korean,1.7427839505404362e-05,0,1,1,-0.2163845159123149
wave,sm5,182,Korean,1.7427839505404362e-05,0,1,1,-0.2163845159123149
weed,km3,1,Korean,0.00015339219555731144,1,1,0,-0.18835430350142066
weed,km3,18,Spanish,0.0002611646236278822,1,1,0,-0.16613609765265663
weed,km3,34,Korean,0.00015339219555731144,1,1,0,-0.18835430350142066
weed,km3,36,Spanish,3.0122617960130137e-05,0,1,1,-0.21376737898813927
weed,km3,109,Korean,0.00015339219555731144,1,1,0,-0.18835430350142066
weed,km3,110,Spanish,3.0122617960130137e-05,1,1,0,-0.21376737898813927
weed,km3,118,Spanish,0.0002611646236278822,1,1,0,-0.16613609765265663
weed,km6,5,Spanish,6.777650158347747e-05,1,1,0,-0.2060047095157477
weed,km6,22,Korean,0.00015339219555731144,1,1,0,-0.18835430350142066
weed,km6,27,Korean,0.00015339219555731144,1,1,0,-0.18835430350142066
weed,km6,31,Spanish,0.011425539898911327,0,1,1,2.1354951495961414
weed,km6,53,Korean,0.00015339219555731144,1,1,0,-0.18835430350142066
weed,km6,160,Spanish,0.011425539898911327,0,1,1,2.1354951495961414
weed,sm4,63,Spanish,0.00010459159307536805,0,1,1,-0.19841496420006927
weed,sm4,73,Korean,0.0002611646236278822,0,1,1,-0.16613609765265663
weed,sm4,89,Korean,0.011425539898911327,0,1,1,2.1354951495961414
weed,sm4,96,Spanish,0.00010459159307536805,0,1,1,-0.19841496420006927
weed,sm4,167,Spanish,0.00010459159307536805,0,1,1,-0.19841496420006927
weed,sm4,171,Korean,0.0002611646236278822,0,1,1,-0.16613609765265663
weed,sm4,185,Korean,0.011425539898911327,0,1,1,2.1354951495961414
weed,sm5,77,Korean,6.777650158347747e-05,0,1,1,-0.2060047095157477
weed,sm5,83,Spanish,0.00010459159307536805,0,1,1,-0.19841496420006927
weed,sm5,92,Spanish,0.00010459159307536805,0,1,1,-0.19841496420006927
weed,sm5,100,Spanish,0.00010459159307536805,0,1,1,-0.19841496420006927
weed,sm5,139,Spanish,0.00010459159307536805,0,1,1,-0.19841496420006927
weed,sm5,176,Korean,6.777650158347747e-05,0,1,1,-0.2060047095157477
weed,sm5,182,Korean,6.777650158347747e-05,0,1,1,-0.2060047095157477
wick,kf1,1,Korean,0.00020543489167015375,0,1,1,-0.17762525753056582
wick,kf1,18,Spanish,2.1575399118521035e-05,1,1,0,-0.21552946110002186
wick,kf1,34,Korean,0.00020543489167015375,1,1,0,-0.17762525753056582
wick,kf1,36,Spanish,5.405802322185795e-05,0,1,1,-0.2088328909126695
wick,kf1,109,Korean,0.00020543489167015375,0,1,1,-0.17762525753056582
wick,kf1,110,Spanish,5.405802322185795e-05,1,1,0,-0.2088328909126695
wick,kf1,118,Spanish,2.1575399118521035e-05,1,1,0,-0.21552946110002186
wick,kf2,5,Spanish,0.0005339637332539816,0,1,1,-0.10989623295309424
wick,kf2,22,Korean,0.00020543489167015375,0,1,1,-0.17762525753056582
wick,kf2,27,Korean,0.00020543489167015375,0,1,1,-0.17762525753056582
wick,kf2,31,Spanish,0.0002723898634573848,0,1,1,-0.16382191865809673
wick,kf2,53,Korean,0.00020543489167015375,0,1,1,-0.17762525753056582
wick,kf2,160,Spanish,0.0002723898634573848,0,1,1,-0.16382191865809673
wick,sf1,77,Korean,0.0005339637332539816,0,1,1,-0.10989623295309424
wick,sf1,83,Spanish,0.0018718271233657865,0,1,1,0.16591572313984188
wick,sf1,92,Spanish,0.0018718271233657865,0,1,1,0.16591572313984188
wick,sf1,100,Spanish,0.0018718271233657865,1,1,0,0.16591572313984188
wick,sf1,139,Spanish,0.0018718271233657865,1,1,0,0.16591572313984188
wick,sf1,176,Korean,0.0005339637332539816,0,1,1,-0.10989623295309424
wick,sf1,182,Korean,0.0005339637332539816,0,1,1,-0.10989623295309424
wick,sf2,63,Spanish,0.0018718271233657865,1,1,0,0.16591572313984188
wick,sf2,73,Korean,2.1575399118521035e-05,1,1,0,-0.21552946110002186
wick,sf2,89,Korean,0.0002723898634573848,1,1,0,-0.16382191865809673
wick,sf2,96,Spanish,0.0018718271233657865,1,1,0,0.16591572313984188
wick,sf2,167,Spanish,0.0018718271233657865,1,1,0,0.16591572313984188
wick,sf2,171,Korean,2.1575399118521035e-05,1,1,0,-0.21552946110002186
wick,sf2,185,Korean,0.0002723898634573848,1,1,0,-0.16382191865809673
