layer,fold,type,alpha,k,z_train,z_test,poll_train,poll_test,optimism
cnn_2,1,corrected,0.1,0.04203988916437662,6.279282481388372,7.278754501911212,-0.6442827300548181,-0.6399451077271462,-0.006732482690173634
cnn_2,2,corrected,0.1,0.04203988916437662,7.278800734467253,5.079104847756865,-0.639945107728708,-0.6442978622277299,0.006801762286253935
cnn_2,3,corrected,0.1,0.04203988916437662,5.079096767633627,6.279376203854263,-0.6442978622246064,-0.644282730052301,-2.34862991057788e-05
cnn_3,1,corrected,0.1,0.04203988916437662,6.91812674975798,6.53659901000831,-0.6513472851299671,-0.648734568844874,-0.004011249213346679
cnn_3,2,corrected,0.1,0.04203988916437662,6.536620453954572,5.071220742666133,-0.6487345688449909,-0.6518635434340037,0.004823196942600994
cnn_3,3,corrected,0.1,0.004696163979037417,5.029930459184104,6.845919625999046,-0.6512647076072856,-0.6507559617961024,-0.0007811659456449219
cnn_4,1,corrected,0.1,0.20885618981881046,4.287476334152869,4.250100509237335,-0.6668850731937007,-0.6673425455182833,0.000685983751880621
cnn_4,2,corrected,0.1,0.20885618981881046,4.250168130168766,3.625526658913885,-0.6673425455189795,-0.665662424267218,-0.0025176294588784786
cnn_4,3,corrected,0.1,0.04203988916437662,2.9443055264762656,3.8295452532263132,-0.6663011810440783,-0.6674186021246963,0.0016770510279855598
cnn_5,1,corrected,0.1,0.04203988916437662,1.194868431191948,1.8212014348215768,-0.6676899791132264,-0.6690044771881078,0.0019687251808501015
cnn_5,2,corrected,0.1,0.027340288194217743,1.9054659307976307,0.20798051573605078,-0.6687146617389774,-0.6647840158642412,-0.0058779119101631215
cnn_5,3,corrected,0.1,0.004696163979037417,0.18603102138434657,1.3126552883218445,-0.6647768044363075,-0.6674428334724981,0.004010412244228738
cnn_6,1,corrected,0.1,0.8019648295935975,0.9008049456743201,2.0926319620698566,-0.6722770184403141,-0.6729410402321931,0.0009877204986414837
cnn_6,2,corrected,0.1,0.11710914072423073,2.2001229650390277,1.2760340545132578,-0.667170562127684,-0.6639294814541908,-0.004857949162440526
cnn_6,3,corrected,0.1,0.11710914072423073,1.2760268375941952,2.030939536578502,-0.6639294814542509,-0.6656332628419184,0.002566208362875464
tr_0,1,corrected,0.1,0.11710914072423073,1.0586535467494051,1.5043458429414611,-0.6690126571926656,-0.6705064573430057,0.0022328428831354416
tr_0,2,corrected,0.1,0.11710914072423073,1.504344112737938,0.4467413840776951,-0.6705064573429623,-0.6671901672536714,-0.00494594802626134
tr_0,3,corrected,0.1,0.11710914072423073,0.44673820826369387,1.0586515923452284,-0.6671901672536497,-0.6690126571927073,0.0027315899251926187
tr_10,1,corrected,0.1,0.04203988916437662,12.959213211384156,12.962140751518769,-0.6037250664517917,-0.594919489439578,-0.014585408990827246
tr_10,2,corrected,0.1,0.04203988916437662,12.962103329094548,10.86977486552351,-0.5949194894421383,-0.5944658410099414,-0.0007625375201985129
tr_10,3,corrected,0.1,0.04203988916437662,10.86970689485241,12.959237322985986,-0.5944658410042898,-0.6037250664495323,0.015575706468852724
tr_12,1,corrected,0.1,0.04203988916437662,12.025103515833113,12.556445781445856,-0.6150281067091838,-0.6076609773512277,-0.01197852468462825
tr_12,2,corrected,0.1,0.04203988916437662,12.556515009554955,10.384950155985422,-0.6076609773503158,-0.6065738822153639,-0.0017889829616706758
tr_12,3,corrected,0.1,0.04203988916437662,10.385004325527737,12.025067736978077,-0.6065738822119608,-0.6150281067068291,0.013937666528005854
tr_14,1,corrected,0.1,0.04203988916437662,12.64705010635725,12.713645095018805,-0.6121097868714085,-0.6043394772746444,-0.01269430707272197
tr_14,2,corrected,0.1,0.04203988916437662,12.71355904518272,10.653739305942725,-0.6043394772750721,-0.603158710165281,-0.001953814295096351
tr_14,3,corrected,0.1,0.04203988916437662,10.653739454686507,12.647156806381433,-0.6031587101659721,-0.612109786872108,0.014840333987173705
tr_16,1,corrected,0.1,0.04203988916437662,14.3336596271622,13.743073010368674,-0.6123885251552359,-0.601172695092909,-0.01831489259124135
tr_16,2,corrected,0.1,0.04203988916437662,13.74303989894447,12.668454933138877,-0.6011726950932361,-0.5999220402596672,-0.002080358678590573
tr_16,3,corrected,0.1,0.04203988916437662,12.66857642319587,14.333679017209953,-0.599922040252917,-0.6123885251560449,0.020780174867174914
tr_18,1,corrected,0.1,0.11710914072423073,11.52017105682866,12.051053418130795,-0.6190486810301431,-0.609862962613183,-0.014838442756512174
tr_18,2,corrected,0.1,0.04203988916437662,12.190497043830684,11.640634370356224,-0.6135303972652657,-0.6138745768734404,0.0005609821611265137
tr_18,3,corrected,0.1,0.04203988916437662,11.640565294891394,11.815784903190906,-0.6138745768730648,-0.6219374280019463,0.013134362348008934
tr_2,1,corrected,0.1,1.416437083014295,2.226246425208596,2.1315964093244437,-0.6716984956382042,-0.6745792498080162,0.0042887607885364306
tr_2,2,corrected,0.1,1.1616590666051083,2.146545355643581,1.9496796610035132,-0.6745995511368582,-0.6741706850367479,-0.0006357343395612128
tr_2,3,corrected,0.1,0.20885618981881046,1.1673343712527497,1.807345309580554,-0.6703628901937928,-0.6699307338213786,-0.0006446603455171824
tr_20,1,corrected,0.1,0.04203988916437662,13.85450349770531,12.975730618293971,-0.6150455928410452,-0.608351143044253,-0.01088447730495709
tr_20,2,corrected,0.1,0.04203988916437662,12.975805958849602,13.391039316546028,-0.6083511430439582,-0.604220385319397,-0.006790087882291846
tr_20,3,corrected,0.1,0.04203988916437662,13.391054242386664,13.854486002758154,-0.6042203853191879,-0.6150455928411207,0.0179159918879835
tr_22,1,corrected,0.1,0.11710914072423073,10.81809916205301,11.417849967231932,-0.6259348850671297,-0.617034295759538,-0.014219672876416005
tr_22,2,corrected,0.1,0.11710914072423073,11.417851233701278,11.113865216630929,-0.6170342957591805,-0.6142826299925304,-0.004459502146901777
tr_22,3,corrected,0.1,0.11710914072423073,11.113741634675174,10.818066392414963,-0.6142826299936823,-0.625934885066796,0.018968882569955568
tr_24,1,corrected,0.1,0.11710914072423073,11.481634490680547,12.296782505886718,-0.6265180304992399,-0.6168482551284071,-0.015434153368463243
tr_24,2,corrected,0.1,0.11710914072423073,12.296802644806686,11.589913348078507,-0.6168482551286664,-0.6148176485253922,-0.003291906212575061
tr_24,3,corrected,0.1,0.11710914072423073,11.589901366125245,11.481626855557582,-0.6148176485257856,-0.6265180304988208,0.019030654050173266
tr_4,1,corrected,0.1,0.004696163979037417,2.692493088036629,3.308296136183293,-0.666523038614669,-0.6656865742255637,-0.0012549669563469026
tr_4,2,corrected,0.1,0.004696163979037417,3.3083091745919755,1.6744345058182977,-0.6656865742253639,-0.6650469755620851,-0.000960810519609867
tr_4,3,corrected,0.1,0.004696163979037417,1.674444718195883,2.6926285105413044,-0.6650469755625946,-0.6665230386153546,0.002219486903930754
tr_6,1,corrected,0.1,0.11710914072423073,10.54206986132568,10.339936454750775,-0.6280974071735144,-0.6232723723759308,-0.007681984899916369
tr_6,2,corrected,0.1,0.04203988916437662,10.70737531017958,9.148650329343276,-0.619881381658858,-0.621217551035707,0.0021555242928466183
tr_6,3,corrected,0.1,0.04203988916437662,9.148610141946845,10.867212847893189,-0.6212175510335974,-0.6258109754253979,0.007394228292741863
tr_8,1,corrected,0.1,0.11710914072423073,11.287286633075404,11.121951364355573,-0.6171060683668105,-0.6108614824070392,-0.010119145281293002
tr_8,2,corrected,0.1,0.04203988916437662,11.455436325321884,9.90911788511111,-0.6038539238119045,-0.6032491810954946,-0.001001471866891834
tr_8,3,corrected,0.1,0.04203988916437662,9.909133007053649,11.94588834392423,-0.6032491810909069,-0.6123194806832243,0.0150357429013245
