dataset_id,fold,Condition,Sentence,TestTalker,ceiling_z,numCorrect,numIncorrect
B23,1,b_SPA,S0812,B23.SPA.SPA,0.35670805980594245,31,4
B23,1,b_SPA,S3199,B23.TUR.TUR,-0.6203124055958381,15,20
B23,1,b_SPA,S5787,B23.BRP.BRP,-0.162503249407887,26,9
B23,1,b_SPA,S9029,B23.TUR.TUR,-1.0379661677056915,9,26
B23,1,b_SPA,S5774,B23.TUR.TUR,0.2442360249365458,28,14
B23,1,b_SPA,S2588,B23.SPA.SPA,-0.5197134351942752,17,18
B23,1,b_SPA,S9461,B23.SPA.SPA,-0.162503249407887,24,11
B23,1,b_SPA,S2189,B23.TUR.TUR,-0.4201963710428933,27,8
B23,1,b_SPA,S2227,B23.SPA.SPA,0.0803655071349686,34,8
B23,1,b_SPA,S9530,B23.FAR.FAR,-0.25392928611232457,22,13
B23,1,b_SPA,S7518,B23.BRP.BRP,0.49279376753942034,34,1
B23,1,b_SPA,S0195,B23.SPA.SPA,-0.2502702147415979,28,14
B23,1,b_SPA,S0754,B23.TUR.TUR,0.3766968565513299,37,5
B23,1,b_SPA,S9215,B23.FAR.FAR,0.6525382177515361,37,5
B23,1,b_SPA,S0363,B23.BRP.BRP,0.5650913514383746,33,9
B23,1,b_SPA,S5237,B23.BRP.BRP,0.3766968565513299,35,7
B23,1,b_SPA,S7985,B23.BRP.BRP,0.49279376753942034,34,1
B23,1,b_SPA,S1895,B23.FAR.FAR,-0.7480142282186852,14,21
B23,1,b_SPA,S7585,B23.SPA.SPA,0.49279376753942034,39,3
B23,1,b_SPA,S7540,B23.SPA.SPA,-0.5596197333316403,15,20
B23,1,b_SPA,S8198,B23.FAR.FAR,0.1658283376725907,25,10
B23,1,b_SPA,S2214,B23.FAR.FAR,0.0009633338347412198,25,17
B23,1,b_SPA,S8954,B23.TUR.TUR,-0.6934237124121894,23,19
B23,1,b_SPA,S1886,B23.SPA.SPA,-0.03292638189580797,28,7
B23,1,b_SPA,S1186,B23.FAR.FAR,0.1658283376725907,27,8
B23,1,b_SPA,S2368,B23.TUR.TUR,-0.3595036987786954,17,18
B23,1,b_SPA,S6062,B23.FAR.FAR,-0.4401851677882805,18,24
B23,1,b_SPA,S7645,B23.FAR.FAR,0.3014685041330559,33,2
B23,1,b_SPA,S9445,B23.TUR.TUR,0.3484020983348902,41,8
B23,1,b_SPA,S9841,B23.TUR.TUR,-1.1456444420471241,4,31
B23,1,b_SPA,S2103,B23.BRP.BRP,-0.4235340255981629,23,19
B23,1,b_SPA,S4862,B23.TUR.TUR,-0.5596197333316403,17,18
B23,1,b_SPA,S2348,B23.BRP.BRP,0.2520101799584726,30,5
B23,1,b_SPA,S6509,B23.SPA.SPA,0.026304299875569974,30,5
B23,1,b_SPA,S0015,B23.FAR.FAR,-0.40681642265881,31,11
B23,1,b_SPA,S9275,B23.SPA.SPA,-0.29704236001210993,15,20
B23,1,b_SPA,S8247,B23.TUR.TUR,-0.3595036987786954,21,14
B23,1,b_SPA,S1573,B23.TUR.TUR,-0.04694441736345691,14,14
B23,1,b_SPA,S2669,B23.SPA.SPA,0.2520101799584726,29,6
B23,1,b_SPA,S0223,B23.BRP.BRP,0.3014685041330559,32,3
B23,1,b_SPA,S7149,B23.TUR.TUR,-0.06970313885885977,33,9
B23,1,b_SPA,S0101,B23.SPA.SPA,-0.3798864863741377,22,13
B23,1,b_SPA,S5541,B23.FAR.FAR,-0.17440101870632993,24,18
B23,1,b_SPA,S5527,B23.TUR.TUR,-0.6582130748206508,23,19
B23,1,b_SPA,S5422,B23.BRP.BRP,1.2211698345700492,35,0
B23,1,b_SPA,S5292,B23.BRP.BRP,0.43093335379192726,40,2
B23,1,b_SPA,S0448,B23.SPA.SPA,-0.33892561800435345,21,14
B23,1,b_SPA,S9562,B23.BRP.BRP,0.43093335379192726,38,4
B23,1,b_SPA,S8234,B23.FAR.FAR,0.3766968565513299,36,6
B23,1,b_SPA,S9666,B23.BRP.BRP,-0.2318018761558485,22,13
B23,1,b_SPA,S5714,B23.TUR.TUR,0.20709211706549183,20,8
B23,1,b_SPA,S7421,B23.FAR.FAR,0.5650913514383746,34,8
B23,1,b_SPA,S7239,B23.BRP.BRP,-0.011340709538181422,15,13
B23,1,b_SPA,S5218,B23.FAR.FAR,-0.4401851677882805,9,26
B23,1,b_SPA,S9981,B23.SPA.SPA,0.8496177189791978,33,2
B23,1,b_SPA,S3383,B23.BRP.BRP,0.5650913514383746,42,0
B23,1,b_SPA,S8005,B23.FAR.FAR,0.14001880670245814,30,12
B23,1,b_SPA,S2534,B23.SPA.SPA,-0.003986253884353286,25,10
B23,1,b_SPA,S3842,B23.BRP.BRP,0.49279376753942034,29,6
B23,1,b_SPA,S0582,B23.FAR.FAR,0.10939592940402673,34,8
B23,1,b_FAR,S0101,B23.SPA.SPA,-0.36096568927151546,18,17
B23,1,b_FAR,S2368,B23.TUR.TUR,-0.4686240593528265,19,16
B23,1,b_FAR,S4862,B23.TUR.TUR,-0.3827843103387619,14,21
B23,1,b_FAR,S2534,B23.SPA.SPA,-0.24764973594535677,26,9
B23,1,b_FAR,S0582,B23.FAR.FAR,0.46519829309691024,42,0
B23,1,b_FAR,S2669,B23.SPA.SPA,1.086739836546145,34,1
B23,1,b_FAR,S9215,B23.FAR.FAR,0.7373577784557287,41,1
B23,1,b_FAR,S9445,B23.TUR.TUR,0.31990098461292915,41,8
B23,1,b_FAR,S1186,B23.FAR.FAR,0.13553778391266752,30,5
B23,1,b_FAR,S9562,B23.BRP.BRP,0.29961130078098835,40,2
B23,1,b_FAR,S8234,B23.FAR.FAR,1.1555289974871972,42,0
B23,1,b_FAR,S3842,B23.BRP.BRP,0.6666984220129797,26,9
B23,1,b_FAR,S0015,B23.FAR.FAR,-0.3091202349973449,33,9
B23,1,b_FAR,S7540,B23.SPA.SPA,-0.4686240593528265,15,20
B23,1,b_FAR,S8005,B23.FAR.FAR,-0.031914051865371836,31,11
B23,1,b_FAR,S9530,B23.FAR.FAR,-0.06649581067345746,28,7
B23,1,b_FAR,S9666,B23.BRP.BRP,0.09677205945266525,29,6
B23,1,b_FAR,S9029,B23.TUR.TUR,-0.973720108301588,4,31
B23,1,b_FAR,S5218,B23.FAR.FAR,-0.36096568927151546,22,13
B23,1,b_FAR,S1886,B23.SPA.SPA,0.22267466262918145,31,4
B23,1,b_FAR,S6509,B23.SPA.SPA,0.026304299875569974,33,2
B23,1,b_FAR,S9461,B23.SPA.SPA,-0.2710348133498966,28,7
B23,1,b_FAR,S5541,B23.FAR.FAR,0.21482322868196266,33,9
B23,1,b_FAR,S5774,B23.TUR.TUR,0.020787628601669644,41,1
B23,1,b_FAR,S9275,B23.SPA.SPA,-0.33892561800435345,21,14
B23,1,b_FAR,S6062,B23.FAR.FAR,-0.4008264516704951,22,20
B23,1,b_FAR,S0448,B23.SPA.SPA,-0.40442176167167626,27,8
B23,1,b_FAR,S0754,B23.TUR.TUR,0.07834724474051816,39,3
B23,1,b_FAR,S0812,B23.SPA.SPA,1.2211698345700492,35,0
B23,1,b_FAR,S2588,B23.SPA.SPA,-0.5538996746151688,18,17
B23,1,b_FAR,S7421,B23.FAR.FAR,0.8929092086141661,32,10
B23,1,b_FAR,S8954,B23.TUR.TUR,-0.5431942987087152,19,23
B23,1,b_FAR,S1573,B23.TUR.TUR,-0.006095996072945792,19,9
B23,1,b_FAR,S7149,B23.TUR.TUR,-0.031914051865371836,37,5
B23,1,b_FAR,S7585,B23.SPA.SPA,1.1555289974871972,42,0
B23,1,b_FAR,S8198,B23.FAR.FAR,0.09677205945266525,26,9
B23,1,b_FAR,S5714,B23.TUR.TUR,0.17728673405848314,21,7
B23,1,b_FAR,S0195,B23.SPA.SPA,0.1422733151041398,37,5
B23,1,b_FAR,S7985,B23.BRP.BRP,1.086739836546145,32,3
B23,1,b_FAR,S1895,B23.FAR.FAR,-0.685808549263161,8,27
B23,1,b_FAR,S9841,B23.TUR.TUR,-1.1571028384330169,5,30
B23,1,b_FAR,S2214,B23.FAR.FAR,0.020787628601669644,25,17
B23,1,b_FAR,S3383,B23.BRP.BRP,1.1555289974871972,39,3
B23,1,b_FAR,S5422,B23.BRP.BRP,1.2211698345700492,35,0
B23,1,b_FAR,S5527,B23.TUR.TUR,-0.6896110323437995,9,33
B23,1,b_FAR,S5237,B23.BRP.BRP,-0.031914051865371836,39,3
B23,1,b_FAR,S7518,B23.BRP.BRP,1.2211698345700492,33,2
B23,1,b_FAR,S0223,B23.BRP.BRP,0.6666984220129797,34,1
B23,1,b_FAR,S8247,B23.TUR.TUR,-0.31662143686004124,17,18
B23,1,b_FAR,S7239,B23.BRP.BRP,0.034672483504037455,21,7
B23,1,b_FAR,S5292,B23.BRP.BRP,0.4029926141413859,42,0
B23,1,b_FAR,S5787,B23.BRP.BRP,-0.3827843103387619,23,12
B23,1,b_FAR,S2189,B23.TUR.TUR,0.06049053929646342,21,14
B23,1,b_FAR,S2103,B23.BRP.BRP,-0.17016951294126664,35,7
B23,1,b_FAR,S0363,B23.BRP.BRP,1.2211698345700492,37,5
B23,1,b_FAR,S2348,B23.BRP.BRP,0.3915342177554931,33,2
B23,1,b_FAR,S3199,B23.TUR.TUR,-0.33892561800435345,16,19
B23,1,b_FAR,S2227,B23.SPA.SPA,0.07834724474051816,37,5
B23,1,b_FAR,S9981,B23.SPA.SPA,0.823197527469793,35,0
B23,1,b_FAR,S7645,B23.FAR.FAR,0.6666984220129797,33,2
B23,1,c_noTUR,S9981,B23.SPA.SPA,0.6666984220129797,35,0
B23,1,c_noTUR,S2189,B23.TUR.TUR,-0.40442176167167626,32,3
B23,1,c_noTUR,S5218,B23.FAR.FAR,-0.4686240593528265,25,10
B23,1,c_noTUR,S2669,B23.SPA.SPA,0.5539750483242992,34,1
B23,1,c_noTUR,S8005,B23.FAR.FAR,-0.2710348133498966,33,9
B23,1,c_noTUR,S0812,B23.SPA.SPA,0.13553778391266752,35,0
B23,1,c_noTUR,S9666,B23.BRP.BRP,-0.0948727513003351,29,6
B23,1,c_noTUR,S6062,B23.FAR.FAR,-0.2318018761558485,28,14
B23,1,c_noTUR,S8954,B23.TUR.TUR,-0.6520067894842556,30,12
B23,1,c_noTUR,S7540,B23.SPA.SPA,-0.42591642975936495,22,13
B23,1,c_noTUR,S7518,B23.BRP.BRP,0.3915342177554931,35,0
B23,1,c_noTUR,S0195,B23.SPA.SPA,-0.08081944197293499,38,4
B23,1,c_noTUR,S7585,B23.SPA.SPA,1.2211698345700492,42,0
B23,1,c_noTUR,S0223,B23.BRP.BRP,0.823197527469793,34,1
B23,1,c_noTUR,S7645,B23.FAR.FAR,0.3915342177554931,35,0
B23,1,c_noTUR,S7149,B23.TUR.TUR,0.048878999375537975,30,12
B23,1,c_noTUR,S8198,B23.FAR.FAR,0.32826916824139685,35,0
B23,1,c_noTUR,S9530,B23.FAR.FAR,-0.06649581067345746,21,14
B23,1,c_noTUR,S2227,B23.SPA.SPA,0.17728673405848314,39,3
B23,1,c_noTUR,S0363,B23.BRP.BRP,0.3484020983348902,42,0
B23,1,c_noTUR,S8234,B23.FAR.FAR,0.5378327096739052,42,0
B23,1,c_noTUR,S7985,B23.BRP.BRP,1.086739836546145,35,0
B23,1,c_noTUR,S8247,B23.TUR.TUR,-0.2710348133498966,32,3
B23,1,c_noTUR,S2103,B23.BRP.BRP,-0.3278093148902781,28,14
B23,1,c_noTUR,S2368,B23.TUR.TUR,-0.42591642975936495,20,15
B23,1,c_noTUR,S0754,B23.TUR.TUR,0.4029926141413859,40,2
B23,1,c_noTUR,S7421,B23.FAR.FAR,0.5378327096739052,41,1
B23,1,c_noTUR,S1573,B23.TUR.TUR,-0.1154833831914587,23,5
B23,1,c_noTUR,S5714,B23.TUR.TUR,-0.04446195150122276,24,4
B23,1,c_noTUR,S5422,B23.BRP.BRP,1.2211698345700492,35,0
B23,1,c_noTUR,S3383,B23.BRP.BRP,0.7373577784557287,42,0
B23,1,c_noTUR,S5774,B23.TUR.TUR,0.21482322868196266,34,8
B23,1,c_noTUR,S1895,B23.FAR.FAR,-0.5970317940357717,12,23
B23,1,c_noTUR,S5787,B23.BRP.BRP,-0.5753943427028573,18,17
B23,1,c_noTUR,S6509,B23.SPA.SPA,0.06049053929646342,28,7
B23,1,c_noTUR,S5237,B23.BRP.BRP,0.625608281466863,42,0
B23,1,c_noTUR,S9562,B23.BRP.BRP,1.2211698345700492,42,0
B23,1,c_noTUR,S1886,B23.SPA.SPA,0.026304299875569974,34,1
B23,1,c_noTUR,S9029,B23.TUR.TUR,-0.8311058577471419,14,21
B23,1,c_noTUR,S5541,B23.FAR.FAR,0.21482322868196266,40,2
B23,1,c_noTUR,S7239,B23.BRP.BRP,-0.21166894606235492,22,6
B23,1,c_noTUR,S9461,B23.SPA.SPA,-0.31662143686004124,34,1
B23,1,c_noTUR,S1186,B23.FAR.FAR,0.13553778391266752,30,5
B23,1,c_noTUR,S0448,B23.SPA.SPA,-0.3827843103387619,26,9
B23,1,c_noTUR,S0582,B23.FAR.FAR,0.3484020983348902,42,0
B23,1,c_noTUR,S3842,B23.BRP.BRP,0.13553778391266752,34,1
B23,1,c_noTUR,S0101,B23.SPA.SPA,-0.36096568927151546,16,19
B23,1,c_noTUR,S9215,B23.FAR.FAR,0.46519829309691024,42,0
B23,1,c_noTUR,S2534,B23.SPA.SPA,0.32826916824139685,32,3
B23,1,c_noTUR,S9445,B23.TUR.TUR,-0.006095996072945792,43,6
B23,1,c_noTUR,S9841,B23.TUR.TUR,-0.8849433530741986,11,24
B23,1,c_noTUR,S2348,B23.BRP.BRP,0.6666984220129797,35,0
B23,1,c_noTUR,S2214,B23.FAR.FAR,0.1422733151041398,33,9
B23,1,c_noTUR,S3199,B23.TUR.TUR,-0.7560224616014506,17,18
B23,1,c_noTUR,S4862,B23.TUR.TUR,-0.5111920450217072,23,12
B23,1,c_noTUR,S2588,B23.SPA.SPA,-0.4899080521872668,20,15
B23,1,c_noTUR,S9275,B23.SPA.SPA,-0.29400755511137255,19,16
B23,1,c_noTUR,S5527,B23.TUR.TUR,-0.8531087089132999,19,23
B23,1,c_noTUR,S0015,B23.FAR.FAR,-0.2710348133498966,25,17
B23,1,c_noTUR,S5292,B23.BRP.BRP,0.4029926141413859,42,0
B23,1,c_noSPA,S2669,B23.SPA.SPA,0.5539750483242992,31,4
B23,1,c_noSPA,S3383,B23.BRP.BRP,0.2553800536379302,38,4
B23,1,c_noSPA,S1573,B23.TUR.TUR,-0.14871024662739174,24,4
B23,1,c_noSPA,S7421,B23.FAR.FAR,0.29961130078098835,35,7
B23,1,c_noSPA,S0812,B23.SPA.SPA,0.27258826073281456,31,4
B23,1,c_noSPA,S9461,B23.SPA.SPA,-0.40442176167167626,21,14
B23,1,c_noSPA,S7540,B23.SPA.SPA,-0.2710348133498966,22,13
B23,1,c_noSPA,S2227,B23.SPA.SPA,0.020787628601669644,33,9
B23,1,c_noSPA,S9841,B23.TUR.TUR,-1.2524043651073482,4,31
B23,1,c_noSPA,S1895,B23.FAR.FAR,-0.4686240593528265,10,25
B23,1,c_noSPA,S8198,B23.FAR.FAR,-0.06649581067345746,34,1
B23,1,c_noSPA,S0363,B23.BRP.BRP,0.625608281466863,42,0
B23,1,c_noSPA,S2588,B23.SPA.SPA,-0.5325108630607728,13,22
B23,1,c_noSPA,S2189,B23.TUR.TUR,-0.3827843103387619,21,14
B23,1,c_noSPA,S0582,B23.FAR.FAR,0.5378327096739052,35,7
B23,1,c_noSPA,S5292,B23.BRP.BRP,0.1422733151041398,38,4
B23,1,c_noSPA,S0195,B23.SPA.SPA,-0.41876510022176355,28,14
B23,1,c_noSPA,S9666,B23.BRP.BRP,-0.2710348133498966,25,10
B23,1,c_noSPA,S8234,B23.FAR.FAR,0.8929092086141661,38,4
B23,1,c_noSPA,S7585,B23.SPA.SPA,0.7373577784557287,41,1
B23,1,c_noSPA,S8954,B23.TUR.TUR,-0.6151997142912421,9,33
B23,1,c_noSPA,S9981,B23.SPA.SPA,0.3915342177554931,35,0
B23,1,c_noSPA,S9445,B23.TUR.TUR,-0.006095996072945792,43,6
B23,1,c_noSPA,S2103,B23.BRP.BRP,-0.5431942987087152,31,11
B23,1,c_noSPA,S3842,B23.BRP.BRP,0.13553778391266752,33,2
B23,1,c_noSPA,S2348,B23.BRP.BRP,0.5539750483242992,34,1
B23,1,c_noSPA,S0101,B23.SPA.SPA,-0.31662143686004124,18,17
B23,1,c_noSPA,S9530,B23.FAR.FAR,-0.3827843103387619,18,17
B23,1,c_noSPA,S5774,B23.TUR.TUR,-0.1267073954612336,35,7
B23,1,c_noSPA,S5218,B23.FAR.FAR,-0.5538996746151688,16,19
B23,1,c_noSPA,S0015,B23.FAR.FAR,-0.29020507203073403,26,16
B23,1,c_noSPA,S5237,B23.BRP.BRP,0.1422733151041398,42,0
B23,1,c_noSPA,S8005,B23.FAR.FAR,0.020787628601669644,31,11
B23,1,c_noSPA,S1186,B23.FAR.FAR,0.026304299875569974,24,11
B23,1,c_noSPA,S0223,B23.BRP.BRP,-0.0948727513003351,27,8
B23,1,c_noSPA,S2534,B23.SPA.SPA,-0.17440101870632993,33,2
B23,1,c_noSPA,S9215,B23.FAR.FAR,0.29961130078098835,36,6
B23,1,c_noSPA,S0754,B23.TUR.TUR,0.3484020983348902,33,9
B23,1,c_noSPA,S7985,B23.BRP.BRP,0.46519829309691024,35,0
B23,1,c_noSPA,S8247,B23.TUR.TUR,-0.06649581067345746,21,14
B23,1,c_noSPA,S4862,B23.TUR.TUR,-0.5753943427028573,16,19
B23,1,c_noSPA,S3199,B23.TUR.TUR,-0.4686240593528265,9,26
B23,1,c_noSPA,S5787,B23.BRP.BRP,-0.5538996746151688,14,21
B23,1,c_noSPA,S9275,B23.SPA.SPA,-0.29400755511137255,20,15
B23,1,c_noSPA,S7239,B23.BRP.BRP,-0.08081944197293499,20,8
B23,1,c_noSPA,S0448,B23.SPA.SPA,-0.33892561800435345,22,13
B23,1,c_noSPA,S9562,B23.BRP.BRP,0.2553800536379302,32,10
B23,1,c_noSPA,S6509,B23.SPA.SPA,0.13553778391266752,29,6
B23,1,c_noSPA,S5527,B23.TUR.TUR,-0.7480142282186852,10,32
B23,1,c_noSPA,S5541,B23.FAR.FAR,0.21482322868196266,38,4
B23,1,c_noSPA,S5422,B23.BRP.BRP,1.2211698345700492,34,1
B23,1,c_noSPA,S7149,B23.TUR.TUR,-0.10410005353300139,29,13
B23,1,c_noSPA,S2368,B23.TUR.TUR,-0.29400755511137255,21,14
B23,1,c_noSPA,S7518,B23.BRP.BRP,0.27258826073281456,29,6
B23,1,c_noSPA,S1886,B23.SPA.SPA,-0.12223636490086891,26,9
B23,1,c_noSPA,S2214,B23.FAR.FAR,-0.10410005353300139,30,12
B23,1,c_noSPA,S6062,B23.FAR.FAR,-0.2318018761558485,21,21
B23,1,c_noSPA,S9029,B23.TUR.TUR,-0.7804145241672009,8,27
B23,1,c_noSPA,S5714,B23.TUR.TUR,-0.006095996072945792,18,10
B23,1,c_noSPA,S7645,B23.FAR.FAR,0.22267466262918145,24,11
B23,1,c_noFAR,S9215,B23.FAR.FAR,1.127588257836656,34,8
B23,1,c_noFAR,S9666,B23.BRP.BRP,-0.18794318382143996,20,15
B23,1,c_noFAR,S2103,B23.BRP.BRP,-0.21010437023040265,15,27
B23,1,c_noFAR,S3383,B23.BRP.BRP,0.7086999109953203,42,0
B23,1,c_noFAR,S5527,B23.TUR.TUR,-0.7058141956431665,19,23
B23,1,c_noFAR,S5714,B23.TUR.TUR,0.0924671733542903,22,6
B23,1,c_noFAR,S4862,B23.TUR.TUR,-0.4784496558013741,9,26
B23,1,c_noFAR,S2214,B23.FAR.FAR,-0.14200072275781417,26,16
B23,1,c_noFAR,S7239,B23.BRP.BRP,-0.15370855657640148,19,9
B23,1,c_noFAR,S0754,B23.TUR.TUR,0.5965778591978051,40,2
B23,1,c_noFAR,S1895,B23.FAR.FAR,-0.570422726793085,15,20
B23,1,c_noFAR,S0195,B23.SPA.SPA,-0.01414752056779657,29,13
B23,1,c_noFAR,S5292,B23.BRP.BRP,0.508419913419322,39,3
B23,1,c_noFAR,S1573,B23.TUR.TUR,-0.08081944197293499,21,7
B23,1,c_noFAR,S0812,B23.SPA.SPA,0.7947586359052471,25,10
B23,1,c_noFAR,S8247,B23.TUR.TUR,-0.13251776071408658,14,21
B23,1,c_noFAR,S9562,B23.BRP.BRP,0.31777922103645884,42,0
B23,1,c_noFAR,S3199,B23.TUR.TUR,-0.33892561800435345,13,22
B23,1,c_noFAR,S9029,B23.TUR.TUR,-0.8472983436604471,9,26
B23,1,c_noFAR,S1186,B23.FAR.FAR,0.36124366399557006,26,9
B23,1,c_noFAR,S2588,B23.SPA.SPA,-0.6893181746801134,13,22
B23,1,c_noFAR,S5541,B23.FAR.FAR,0.18288636589865812,28,14
B23,1,c_noFAR,S5774,B23.TUR.TUR,0.2238935458784997,40,2
B23,1,c_noFAR,S2189,B23.TUR.TUR,-0.24036244857711717,22,13
B23,1,c_noFAR,S2368,B23.TUR.TUR,-0.4325071947377483,23,12
B23,1,c_noFAR,S7518,B23.BRP.BRP,0.5246395309950083,35,0
B23,1,c_noFAR,S7149,B23.TUR.TUR,0.10939592940402673,29,13
B23,1,c_noFAR,S7421,B23.FAR.FAR,0.2685626161174798,40,2
B23,1,c_noFAR,S0015,B23.FAR.FAR,-0.3349430292369228,25,17
B23,1,c_noFAR,S8234,B23.FAR.FAR,0.10939592940402673,42,0
B23,1,c_noFAR,S9841,B23.TUR.TUR,-1.2210944608609189,7,28
B23,1,c_noFAR,S9445,B23.TUR.TUR,-0.018136673265813415,40,9
B23,1,c_noFAR,S7645,B23.FAR.FAR,0.7947586359052471,33,2
B23,1,c_noFAR,S9275,B23.SPA.SPA,-0.3861239605288817,17,18
B23,1,c_noFAR,S0223,B23.BRP.BRP,0.06320263067501558,27,8
B23,1,c_noFAR,S3842,B23.BRP.BRP,-0.0731414689224028,29,6
B23,1,c_noFAR,S5218,B23.FAR.FAR,-0.2904979296944203,14,21
B23,1,c_noFAR,S0582,B23.FAR.FAR,0.8646144503977267,34,8
B23,1,c_noFAR,S2669,B23.SPA.SPA,0.2974773780345651,30,5
B23,1,c_noFAR,S8954,B23.TUR.TUR,-0.3349430292369228,20,22
B23,1,c_noFAR,S8198,B23.FAR.FAR,-0.008521858073980601,28,7
B23,1,c_noFAR,S0101,B23.SPA.SPA,-0.26567690076532635,19,16
B23,1,c_noFAR,S9981,B23.SPA.SPA,1.2211698345700492,35,0
B23,1,c_noFAR,S0448,B23.SPA.SPA,-0.13251776071408658,14,21
B23,1,c_noFAR,S7585,B23.SPA.SPA,1.2211698345700492,42,0
B23,1,c_noFAR,S9530,B23.FAR.FAR,-0.26567690076532635,18,17
B23,1,c_noFAR,S1886,B23.SPA.SPA,-0.18794318382143996,20,15
B23,1,c_noFAR,S5422,B23.BRP.BRP,1.2211698345700492,35,0
B23,1,c_noFAR,S8005,B23.FAR.FAR,-0.16526268278639908,34,8
B23,1,c_noFAR,S7540,B23.SPA.SPA,-0.4093933775814485,12,23
B23,1,c_noFAR,S5237,B23.BRP.BRP,0.31777922103645884,31,11
B23,1,c_noFAR,S6062,B23.FAR.FAR,-0.18794318382143996,17,25
B23,1,c_noFAR,S9461,B23.SPA.SPA,0.14488643810996762,18,17
B23,1,c_noFAR,S6509,B23.SPA.SPA,-0.008521858073980601,21,14
B23,1,c_noFAR,S0363,B23.BRP.BRP,0.508419913419322,39,3
B23,1,c_noFAR,S2534,B23.SPA.SPA,-0.04158650477888677,20,15
B23,1,c_noFAR,S5787,B23.BRP.BRP,-0.6408904863701802,22,13
B23,1,c_noFAR,S2227,B23.SPA.SPA,0.014482084701396183,32,10
B23,1,c_noFAR,S7985,B23.BRP.BRP,1.2211698345700492,32,3
B23,1,c_noFAR,S2348,B23.BRP.BRP,0.36124366399557006,29,6
B23,1,b_BRP,S2669,B23.SPA.SPA,1.2211698345700492,30,5
B23,1,b_BRP,S3383,B23.BRP.BRP,0.5378327096739052,36,6
B23,1,b_BRP,S2348,B23.BRP.BRP,0.46519829309691024,31,4
B23,1,b_BRP,S5292,B23.BRP.BRP,0.10939592940402673,35,7
B23,1,b_BRP,S0448,B23.SPA.SPA,-0.36096568927151546,25,10
B23,1,b_BRP,S2214,B23.FAR.FAR,-0.10410005353300139,28,14
B23,1,b_BRP,S0223,B23.BRP.BRP,-0.006095996072945792,26,9
B23,1,b_BRP,S7518,B23.BRP.BRP,0.6666984220129797,34,1
B23,1,b_BRP,S5218,B23.FAR.FAR,-0.4899080521872668,9,26
B23,1,b_BRP,S6062,B23.FAR.FAR,-0.45441754348132574,20,22
B23,1,b_BRP,S5422,B23.BRP.BRP,1.086739836546145,35,0
B23,1,b_BRP,S1573,B23.TUR.TUR,-0.18071250031439973,16,12
B23,1,b_BRP,S0101,B23.SPA.SPA,-0.33892561800435345,19,16
B23,1,b_BRP,S9666,B23.BRP.BRP,-0.03696074963852645,22,13
B23,1,b_BRP,S8005,B23.FAR.FAR,-0.056787329652886874,26,16
B23,1,b_BRP,S9029,B23.TUR.TUR,-0.9133202937010763,7,28
B23,1,b_BRP,S0363,B23.BRP.BRP,0.5378327096739052,39,3
B23,1,b_BRP,S5714,B23.TUR.TUR,-0.18071250031439973,23,5
B23,1,b_BRP,S7421,B23.FAR.FAR,0.29961130078098835,31,11
B23,1,b_BRP,S7149,B23.TUR.TUR,0.17728673405848314,27,15
B23,1,b_BRP,S8198,B23.FAR.FAR,0.09677205945266525,26,9
B23,1,b_BRP,S5787,B23.BRP.BRP,-0.06649581067345746,17,18
B23,1,b_BRP,S9275,B23.SPA.SPA,-0.29400755511137255,13,22
B23,1,b_BRP,S0582,B23.FAR.FAR,0.3484020983348902,32,10
B23,1,b_BRP,S3199,B23.TUR.TUR,-0.33892561800435345,14,21
B23,1,b_BRP,S2189,B23.TUR.TUR,-0.42591642975936495,11,24
B23,1,b_BRP,S6509,B23.SPA.SPA,0.17728673405848314,20,15
B23,1,b_BRP,S9562,B23.BRP.BRP,-0.031914051865371836,37,5
B23,1,b_BRP,S9530,B23.FAR.FAR,-0.2710348133498966,16,19
B23,1,b_BRP,S5541,B23.FAR.FAR,0.2553800536379302,33,9
B23,1,b_BRP,S7985,B23.BRP.BRP,1.086739836546145,33,2
B23,1,b_BRP,S2534,B23.SPA.SPA,-0.06649581067345746,18,17
B23,1,b_BRP,S0754,B23.TUR.TUR,0.21482322868196266,37,5
B23,1,b_BRP,S5774,B23.TUR.TUR,0.17728673405848314,31,11
B23,1,b_BRP,S7645,B23.FAR.FAR,0.09677205945266525,28,7
B23,1,b_BRP,S9215,B23.FAR.FAR,0.8929092086141661,34,8
B23,1,b_BRP,S2103,B23.BRP.BRP,-0.2710348133498966,32,10
B23,1,b_BRP,S3842,B23.BRP.BRP,0.22267466262918145,32,3
B23,1,b_BRP,S1186,B23.FAR.FAR,0.09677205945266525,28,7
B23,1,b_BRP,S9445,B23.TUR.TUR,0.0914469850444189,37,12
B23,1,b_BRP,S5527,B23.TUR.TUR,-0.7681471583121786,17,25
B23,1,b_BRP,S0812,B23.SPA.SPA,1.086739836546145,25,10
B23,1,b_BRP,S7585,B23.SPA.SPA,0.7373577784557287,41,1
B23,1,b_BRP,S8247,B23.TUR.TUR,-0.24764973594535677,16,19
B23,1,b_BRP,S1895,B23.FAR.FAR,-0.4686240593528265,11,24
B23,1,b_BRP,S7239,B23.BRP.BRP,-0.14871024662739174,22,6
B23,1,b_BRP,S2227,B23.SPA.SPA,0.1422733151041398,36,6
B23,1,b_BRP,S1886,B23.SPA.SPA,0.09677205945266525,24,11
B23,1,b_BRP,S9461,B23.SPA.SPA,-0.42591642975936495,22,13
B23,1,b_BRP,S7540,B23.SPA.SPA,-0.40442176167167626,8,27
B23,1,b_BRP,S0195,B23.SPA.SPA,-0.056787329652886874,31,11
B23,1,b_BRP,S5237,B23.BRP.BRP,0.2553800536379302,33,9
B23,1,b_BRP,S9981,B23.SPA.SPA,1.086739836546145,34,1
B23,1,b_BRP,S2368,B23.TUR.TUR,-0.29400755511137255,13,22
B23,1,b_BRP,S8234,B23.FAR.FAR,0.46519829309691024,38,4
B23,1,b_BRP,S0015,B23.FAR.FAR,-0.2710348133498966,30,12
B23,1,b_BRP,S8954,B23.TUR.TUR,0.020787628601669644,21,21
B23,1,b_BRP,S2588,B23.SPA.SPA,-0.31662143686004124,11,24
B23,1,b_BRP,S4862,B23.TUR.TUR,-0.7087812910246369,12,23
B23,1,b_BRP,S9841,B23.TUR.TUR,-0.973720108301588,1,34
B23,1,b_TUR,S1895,B23.FAR.FAR,-0.6649225986902285,15,20
B23,1,b_TUR,S5787,B23.BRP.BRP,-0.5243049668614085,19,16
B23,1,b_TUR,S7985,B23.BRP.BRP,0.06320263067501558,29,6
B23,1,b_TUR,S9981,B23.SPA.SPA,0.6378181786127384,33,2
B23,1,b_TUR,S9275,B23.SPA.SPA,-0.3148935056843051,17,18
B23,1,b_TUR,S2214,B23.FAR.FAR,-0.29459166268241144,26,16
B23,1,b_TUR,S7540,B23.SPA.SPA,-0.5243049668614085,17,18
B23,1,b_TUR,S0363,B23.BRP.BRP,0.31777922103645884,35,7
B23,1,b_TUR,S3199,B23.TUR.TUR,-0.4093933775814485,8,27
B23,1,b_TUR,S7421,B23.FAR.FAR,0.2685626161174798,40,2
B23,1,b_TUR,S8247,B23.TUR.TUR,-0.33892561800435345,20,15
B23,1,b_TUR,S2588,B23.SPA.SPA,-0.5473089096367854,16,19
B23,1,b_TUR,S9562,B23.BRP.BRP,0.04447222013104033,26,16
B23,1,b_TUR,S9461,B23.SPA.SPA,-0.2904979296944203,23,12
B23,1,b_TUR,S7518,B23.BRP.BRP,0.10256328815849428,32,3
B23,1,b_TUR,S2227,B23.SPA.SPA,0.18288636589865812,35,7
B23,1,b_TUR,S9029,B23.TUR.TUR,-0.7141392036092071,13,22
B23,1,b_TUR,S0195,B23.SPA.SPA,-0.29459166268241144,29,13
B23,1,b_TUR,S6062,B23.FAR.FAR,-0.4899080521872668,17,25
B23,1,b_TUR,S2368,B23.TUR.TUR,-0.33892561800435345,16,19
B23,1,b_TUR,S9215,B23.FAR.FAR,0.10939592940402673,40,2
B23,1,b_TUR,S0582,B23.FAR.FAR,-0.01414752056779657,29,13
B23,1,b_TUR,S5541,B23.FAR.FAR,-0.01414752056779657,33,9
B23,1,b_TUR,S7585,B23.SPA.SPA,0.508419913419322,42,0
B23,1,b_TUR,S0101,B23.SPA.SPA,-0.33892561800435345,19,16
B23,1,b_TUR,S2189,B23.TUR.TUR,-0.16065892419034522,20,15
B23,1,b_TUR,S8234,B23.FAR.FAR,0.2685626161174798,41,1
B23,1,b_TUR,S8954,B23.TUR.TUR,-0.4708080450867121,14,28
B23,1,b_TUR,S4862,B23.TUR.TUR,-0.6408904863701802,10,25
B23,1,b_TUR,S3383,B23.BRP.BRP,0.10939592940402673,40,2
B23,1,b_TUR,S5714,B23.TUR.TUR,-0.08081944197293499,22,6
B23,1,b_TUR,S8198,B23.FAR.FAR,-0.13251776071408658,17,18
B23,1,b_TUR,S3842,B23.BRP.BRP,0.10256328815849428,28,7
B23,1,b_TUR,S2103,B23.BRP.BRP,-0.27400190873136704,27,15
B23,1,b_TUR,S7645,B23.FAR.FAR,0.24127835648638518,30,5
B23,1,b_TUR,S5774,B23.TUR.TUR,-0.21010437023040265,30,12
B23,1,b_TUR,S1886,B23.SPA.SPA,0.06320263067501558,26,9
B23,1,b_TUR,S0812,B23.SPA.SPA,0.43539291008990205,33,2
B23,1,b_TUR,S2348,B23.BRP.BRP,0.5246395309950083,34,1
B23,1,b_TUR,S2669,B23.SPA.SPA,0.24127835648638518,29,6
B23,1,b_TUR,S2534,B23.SPA.SPA,-0.0731414689224028,21,14
B23,1,b_TUR,S7149,B23.TUR.TUR,0.0760271842745562,40,2
B23,1,b_TUR,S5422,B23.BRP.BRP,1.2211698345700492,35,0
B23,1,b_TUR,S8005,B23.FAR.FAR,-0.29459166268241144,25,17
B23,1,b_TUR,S5527,B23.TUR.TUR,-0.8617287350455735,11,31
B23,1,b_TUR,S6509,B23.SPA.SPA,-0.33892561800435345,26,9
B23,1,b_TUR,S9530,B23.FAR.FAR,-0.3148935056843051,14,21
B23,1,b_TUR,S0015,B23.FAR.FAR,-0.39390061345283717,26,16
B23,1,b_TUR,S5218,B23.FAR.FAR,-0.570422726793085,13,22
B23,1,b_TUR,S1186,B23.FAR.FAR,-0.10339414147290307,26,9
B23,1,b_TUR,S1573,B23.TUR.TUR,-0.11808736932896027,21,7
B23,1,b_TUR,S7239,B23.BRP.BRP,-0.37441612671029445,18,10
B23,1,b_TUR,S0223,B23.BRP.BRP,0.026304299875569974,25,10
B23,1,b_TUR,S5237,B23.BRP.BRP,0.14488643810996762,34,8
B23,1,b_TUR,S0448,B23.SPA.SPA,-0.455511137513125,21,14
B23,1,b_TUR,S9445,B23.TUR.TUR,0.03144049855053356,40,9
B23,1,b_TUR,S9666,B23.BRP.BRP,-0.21447928770537772,24,11
B23,1,b_TUR,S0754,B23.TUR.TUR,0.0760271842745562,34,8
B23,1,b_TUR,S9841,B23.TUR.TUR,-1.3410597683701038,7,28
B23,1,b_TUR,S5292,B23.BRP.BRP,0.43539291008990205,41,1
B23,1,c_noBRP,S7985,B23.BRP.BRP,1.112790211260643,31,4
B23,1,c_noBRP,S7421,B23.FAR.FAR,0.6525382177515361,38,4
B23,1,c_noBRP,S9029,B23.TUR.TUR,-0.919129592495092,9,26
B23,1,c_noBRP,S8005,B23.FAR.FAR,-0.06970313885885977,25,17
B23,1,c_noBRP,S7518,B23.BRP.BRP,0.2520101799584726,33,2
B23,1,c_noBRP,S9215,B23.FAR.FAR,0.6525382177515361,42,0
B23,1,c_noBRP,S7645,B23.FAR.FAR,0.5811673083254799,33,2
B23,1,c_noBRP,S3842,B23.BRP.BRP,0.35670805980594245,30,5
B23,1,c_noBRP,S9530,B23.FAR.FAR,-0.3798864863741377,18,17
B23,1,c_noBRP,S0195,B23.SPA.SPA,-0.26845785842725817,28,14
B23,1,c_noBRP,S5787,B23.BRP.BRP,-0.162503249407887,20,15
B23,1,c_noBRP,S9666,B23.BRP.BRP,-0.03292638189580797,26,9
B23,1,c_noBRP,S6062,B23.FAR.FAR,-0.2863923919623443,26,16
B23,1,c_noBRP,S2669,B23.SPA.SPA,0.8496177189791978,32,3
B23,1,c_noBRP,S1573,B23.TUR.TUR,-0.04694441736345691,20,8
B23,1,c_noBRP,S9841,B23.TUR.TUR,-0.9468897224787257,6,29
B23,1,c_noBRP,S0812,B23.SPA.SPA,-0.003986253884353286,31,4
B23,1,c_noBRP,S5218,B23.FAR.FAR,-0.4601026691802584,22,13
B23,1,c_noBRP,S0101,B23.SPA.SPA,-0.33892561800435345,21,14
B23,1,c_noBRP,S6509,B23.SPA.SPA,0.0918004435428928,30,5
B23,1,c_noBRP,S2227,B23.SPA.SPA,0.2442360249365458,32,10
B23,1,c_noBRP,S0448,B23.SPA.SPA,-0.3798864863741377,21,14
B23,1,c_noBRP,S2189,B23.TUR.TUR,-0.11321973792145083,24,11
B23,1,c_noBRP,S0754,B23.TUR.TUR,0.32826916824139685,37,5
B23,1,c_noBRP,S5774,B23.TUR.TUR,-0.21302301482783703,34,8
B23,1,c_noBRP,S1186,B23.FAR.FAR,0.0918004435428928,27,8
B23,1,c_noBRP,S5714,B23.TUR.TUR,0.26390794925691524,23,5
B23,1,c_noBRP,S8247,B23.TUR.TUR,0.026304299875569974,21,14
B23,1,c_noBRP,S2348,B23.BRP.BRP,0.41954505030039363,34,1
B23,1,c_noBRP,S7149,B23.TUR.TUR,-0.023418584523416414,30,12
B23,1,c_noBRP,S1895,B23.FAR.FAR,-0.6616986088520816,11,24
B23,1,c_noBRP,S5541,B23.FAR.FAR,0.1724819125524777,34,8
B23,1,c_noBRP,S7239,B23.BRP.BRP,-0.04694441736345691,19,9
B23,1,c_noBRP,S7585,B23.SPA.SPA,1.1815187406782883,38,4
B23,1,c_noBRP,S9461,B23.SPA.SPA,-0.25392928611232457,21,14
B23,1,c_noBRP,S5527,B23.TUR.TUR,-0.6408904863701802,10,32
B23,1,c_noBRP,S8198,B23.FAR.FAR,0.12756384965949694,30,5
B23,1,c_noBRP,S0015,B23.FAR.FAR,-0.2502702147415979,24,18
B23,1,c_noBRP,S8954,B23.TUR.TUR,-0.3900149938458021,17,25
B23,1,c_noBRP,S9275,B23.SPA.SPA,-0.29704236001210993,25,10
B23,1,c_noBRP,S2534,B23.SPA.SPA,-0.03292638189580797,29,6
B23,1,c_noBRP,S5237,B23.BRP.BRP,0.05272449138497386,40,2
B23,1,c_noBRP,S8234,B23.FAR.FAR,0.5650913514383746,42,0
B23,1,c_noBRP,S3199,B23.TUR.TUR,-0.5396309365862532,22,13
B23,1,c_noBRP,S3383,B23.BRP.BRP,0.5650913514383746,42,0
B23,1,c_noBRP,S1886,B23.SPA.SPA,-0.11321973792145083,29,6
B23,1,c_noBRP,S5422,B23.BRP.BRP,1.2211698345700492,35,0
B23,1,c_noBRP,S7540,B23.SPA.SPA,-0.40010689878923245,11,24
B23,1,c_noBRP,S4862,B23.TUR.TUR,-0.3798864863741377,21,14
B23,1,c_noBRP,S2588,B23.SPA.SPA,-0.6616986088520816,8,27
B23,1,c_noBRP,S9562,B23.BRP.BRP,0.3766968565513299,32,10
B23,1,c_noBRP,S2103,B23.BRP.BRP,-0.2863923919623443,27,15
B23,1,c_noBRP,S0363,B23.BRP.BRP,0.5650913514383746,36,6
B23,1,c_noBRP,S5292,B23.BRP.BRP,0.32826916824139685,34,8
B23,1,c_noBRP,S9981,B23.SPA.SPA,1.112790211260643,35,0
B23,1,c_noBRP,S0582,B23.FAR.FAR,0.49279376753942034,40,2
B23,1,c_noBRP,S9445,B23.TUR.TUR,0.27258826073281456,44,5
B23,1,c_noBRP,S0223,B23.BRP.BRP,0.20709211706549183,30,5
B23,1,c_noBRP,S2214,B23.FAR.FAR,-0.11321973792145083,28,14
B23,1,c_noBRP,S2368,B23.TUR.TUR,-0.1861486333593317,18,17
B23,1,a_control,S0015,B23.FAR.FAR,-0.40681642265881,41,13
B23,1,a_control,S7518,B23.BRP.BRP,0.32826916824139685,42,3
B23,1,a_control,S9666,B23.BRP.BRP,-0.4899080521872668,25,20
B23,1,a_control,S8198,B23.FAR.FAR,-0.06970313885885977,36,9
B23,1,a_control,S2669,B23.SPA.SPA,0.05272449138497386,42,3
B23,1,a_control,S9562,B23.BRP.BRP,-0.04307896569539114,52,2
B23,1,a_control,S2189,B23.TUR.TUR,-0.47335561602825954,31,14
B23,1,a_control,S9841,B23.TUR.TUR,-1.2240521293110795,8,37
B23,1,a_control,S8954,B23.TUR.TUR,-0.5869942994991164,30,24
B23,1,a_control,S0363,B23.BRP.BRP,0.4029926141413859,50,4
B23,1,a_control,S8247,B23.TUR.TUR,-0.5898011105287314,23,22
B23,1,a_control,S3383,B23.BRP.BRP,0.5650913514383746,54,0
B23,1,a_control,S2368,B23.TUR.TUR,-0.5396309365862532,23,22
B23,1,a_control,S7585,B23.SPA.SPA,0.5040218091390106,54,0
B23,1,a_control,S9275,B23.SPA.SPA,-0.6408904863701802,29,16
B23,1,a_control,S2534,B23.SPA.SPA,-0.023418584523416414,39,6
B23,1,a_control,S2588,B23.SPA.SPA,-0.6408904863701802,23,22
B23,1,a_control,S5292,B23.BRP.BRP,0.32066954732164976,48,6
B23,1,a_control,S9530,B23.FAR.FAR,-0.5562820787763709,33,12
B23,1,a_control,S3842,B23.BRP.BRP,0.0803655071349686,40,5
B23,1,a_control,S3199,B23.TUR.TUR,-0.9563975198511172,17,28
B23,1,a_control,S4862,B23.TUR.TUR,-0.5898011105287314,22,23
B23,1,a_control,S5527,B23.TUR.TUR,-0.9563975198511172,10,44
B23,1,a_control,S0448,B23.SPA.SPA,-0.4235340255981629,18,27
B23,1,a_control,S9461,B23.SPA.SPA,-0.21302301482783703,26,19
B23,1,a_control,S1573,B23.TUR.TUR,-0.15950429225689394,26,10
B23,1,a_control,S7985,B23.BRP.BRP,0.6525382177515361,45,0
B23,1,a_control,S5218,B23.FAR.FAR,-0.6237276099102272,26,19
B23,1,a_control,S1895,B23.FAR.FAR,-0.47335561602825954,22,23
B23,1,a_control,S2348,B23.BRP.BRP,0.2442360249365458,43,2
B23,1,a_control,S7645,B23.FAR.FAR,0.1724819125524777,45,0
B23,1,a_control,S7540,B23.SPA.SPA,-0.5396309365862532,29,16
B23,1,a_control,S2227,B23.SPA.SPA,0.1347945331665372,47,7
B23,1,a_control,S5541,B23.FAR.FAR,-0.062197136670010214,50,4
B23,1,a_control,S9215,B23.FAR.FAR,0.4029926141413859,54,0
B23,1,a_control,S5774,B23.TUR.TUR,0.4029926141413859,47,7
B23,1,a_control,S0101,B23.SPA.SPA,-0.37311185742524705,32,13
B23,1,a_control,S8234,B23.FAR.FAR,0.10939592940402673,54,0
B23,1,a_control,S0812,B23.SPA.SPA,0.3766968565513299,44,1
B23,1,a_control,S1186,B23.FAR.FAR,-0.19390120693103574,36,9
B23,1,a_control,S7421,B23.FAR.FAR,0.4029926141413859,51,3
B23,1,a_control,S8005,B23.FAR.FAR,-0.3216030295538827,46,8
B23,1,a_control,S0754,B23.TUR.TUR,0.2507059106734251,52,2
B23,1,a_control,S2103,B23.BRP.BRP,-0.4899080521872668,23,31
B23,1,a_control,S9445,B23.TUR.TUR,0.030009489651692204,55,8
B23,1,a_control,S9029,B23.TUR.TUR,-0.6934237124121894,10,35
B23,1,a_control,S0195,B23.SPA.SPA,-0.4207528371492172,38,16
B23,1,a_control,S5787,B23.BRP.BRP,-0.6757166443197308,19,26
B23,1,a_control,S7149,B23.TUR.TUR,-0.20031536839641775,44,10
B23,1,a_control,S6062,B23.FAR.FAR,-0.6294320899842875,26,28
B23,1,a_control,S0223,B23.BRP.BRP,0.0009633338347412198,38,7
B23,1,a_control,S6509,B23.SPA.SPA,-0.15448351731435184,36,9
B23,1,a_control,S5714,B23.TUR.TUR,-0.10791273360139109,24,12
B23,1,a_control,S5422,B23.BRP.BRP,1.2211698345700492,45,0
B23,1,a_control,S5237,B23.BRP.BRP,0.06179480858151079,48,6
B23,1,a_control,S0582,B23.FAR.FAR,-0.04307896569539114,46,8
B23,1,a_control,S9981,B23.SPA.SPA,0.7639668456984153,45,0
B23,1,a_control,S7239,B23.BRP.BRP,-0.5106005143171951,18,18
B23,1,a_control,S2214,B23.FAR.FAR,-0.023418584523416414,44,10
B23,1,a_control,S1886,B23.SPA.SPA,-0.1341056884943834,37,8
B23,2,c_noFAR,S2214,B23.FAR.FAR,-0.19571805483651522,28,14
B23,2,c_noFAR,S8234,B23.FAR.FAR,1.0510658320240225,30,12
B23,2,c_noFAR,S8198,B23.FAR.FAR,0.07960701670777931,25,10
B23,2,c_noFAR,S5714,B23.TUR.TUR,-0.017588383285359614,24,4
B23,2,c_noFAR,S7585,B23.SPA.SPA,1.1397569862477017,42,0
B23,2,c_noFAR,S9666,B23.BRP.BRP,-0.3612962822403016,27,8
B23,2,c_noFAR,S5237,B23.BRP.BRP,0.0860825951241275,36,6
B23,2,c_noFAR,S6062,B23.FAR.FAR,-0.42750154435320703,29,13
B23,2,c_noFAR,S9029,B23.TUR.TUR,-0.8206163757534876,9,26
B23,2,c_noFAR,S7421,B23.FAR.FAR,0.6540679156707917,34,8
B23,2,c_noFAR,S5422,B23.BRP.BRP,1.1397569862477017,35,0
B23,2,c_noFAR,S9461,B23.SPA.SPA,-0.26938953290416306,31,4
B23,2,c_noFAR,S1886,B23.SPA.SPA,-0.24539797322454002,22,13
B23,2,c_noFAR,S1186,B23.FAR.FAR,0.007333200355963633,33,2
B23,2,c_noFAR,S7239,B23.BRP.BRP,-0.0941924272402758,17,11
B23,2,c_noFAR,S9841,B23.TUR.TUR,-1.006108734648693,3,32
B23,2,c_noFAR,S9562,B23.BRP.BRP,1.1397569862477017,34,8
B23,2,c_noFAR,S0812,B23.SPA.SPA,0.04230328380361953,35,0
B23,2,c_noFAR,S4862,B23.TUR.TUR,-0.6944159179409103,19,16
B23,2,c_noFAR,S2189,B23.TUR.TUR,-0.08691569269785585,16,19
B23,2,c_noFAR,S7518,B23.BRP.BRP,0.9858050519129653,32,3
B23,2,c_noFAR,S0448,B23.SPA.SPA,-0.44930333812139867,27,8
B23,2,c_noFAR,S5774,B23.TUR.TUR,0.3950434985382248,36,6
B23,2,c_noFAR,S0363,B23.BRP.BRP,0.3950434985382248,40,2
B23,2,c_noFAR,S8954,B23.TUR.TUR,-0.4456751380463443,26,16
B23,2,c_noFAR,S5787,B23.BRP.BRP,-0.31603415730145035,8,27
B23,2,c_noFAR,S2348,B23.BRP.BRP,0.04230328380361953,35,0
B23,2,c_noFAR,S2534,B23.SPA.SPA,-0.220867424661421,26,9
B23,2,c_noFAR,S8247,B23.TUR.TUR,-0.42750154435320703,26,9
B23,2,c_noFAR,S3383,B23.BRP.BRP,1.1397569862477017,39,3
B23,2,c_noFAR,S9275,B23.SPA.SPA,-0.3612962822403016,16,19
B23,2,c_noFAR,S0015,B23.FAR.FAR,-0.29679325592365424,23,19
B23,2,c_noFAR,S0582,B23.FAR.FAR,0.19459675053221384,42,0
B23,2,c_noFAR,S9215,B23.FAR.FAR,0.23693148708918044,42,0
B23,2,c_noFAR,S5218,B23.FAR.FAR,-0.4710431263808097,22,13
B23,2,c_noFAR,S6509,B23.SPA.SPA,-0.08691569269785585,23,12
B23,2,c_noFAR,S9530,B23.FAR.FAR,-0.3612962822403016,22,13
B23,2,c_noFAR,S7985,B23.BRP.BRP,0.5868903484847295,35,0
B23,2,c_noFAR,S2368,B23.TUR.TUR,-0.3388103901295261,19,16
B23,2,c_noFAR,S0223,B23.BRP.BRP,0.07960701670777931,26,9
B23,2,c_noFAR,S0195,B23.SPA.SPA,-0.19571805483651522,36,6
B23,2,c_noFAR,S2103,B23.BRP.BRP,-0.3724462219993288,23,19
B23,2,c_noFAR,S2669,B23.SPA.SPA,0.2643352101086718,30,5
B23,2,c_noFAR,S9981,B23.SPA.SPA,1.1397569862477017,35,0
B23,2,c_noFAR,S3199,B23.TUR.TUR,-0.4710431263808097,19,16
B23,2,c_noFAR,S2227,B23.SPA.SPA,-0.08202194112280424,35,7
B23,2,c_noFAR,S5541,B23.FAR.FAR,-0.003871204890010605,33,9
B23,2,c_noFAR,S1895,B23.FAR.FAR,-0.5802632275698975,16,19
B23,2,c_noFAR,S1573,B23.TUR.TUR,0.024551694353900852,18,10
B23,2,c_noFAR,S5527,B23.TUR.TUR,-0.5913592288457448,14,28
B23,2,c_noFAR,S2588,B23.SPA.SPA,-0.6025091686047718,10,25
B23,2,c_noFAR,S7149,B23.TUR.TUR,-0.08202194112280424,35,7
B23,2,c_noFAR,S8005,B23.FAR.FAR,-0.03100467308885287,28,14
B23,2,c_noFAR,S0101,B23.SPA.SPA,-0.383542223275176,24,11
B23,2,c_noFAR,S7540,B23.SPA.SPA,-0.5802632275698975,20,15
B23,2,c_noFAR,S5292,B23.BRP.BRP,0.6540679156707917,37,5
B23,2,c_noFAR,S3842,B23.BRP.BRP,-0.02567299865820225,27,8
B23,2,c_noFAR,S0754,B23.TUR.TUR,0.5478051817549147,40,2
B23,2,c_noFAR,S9445,B23.TUR.TUR,0.012200989558772638,38,11
B23,2,c_noFAR,S7645,B23.FAR.FAR,0.7356293501935757,33,2
B23,2,b_FAR,S3383,B23.BRP.BRP,0.6812281691242461,41,1
B23,2,b_FAR,S2588,B23.SPA.SPA,-0.5222791820012606,17,18
B23,2,b_FAR,S7645,B23.FAR.FAR,0.6142613568694836,33,2
B23,2,b_FAR,S9530,B23.FAR.FAR,-0.023373908299080655,26,9
B23,2,b_FAR,S8198,B23.FAR.FAR,0.07411842828875131,26,9
B23,2,b_FAR,S6509,B23.SPA.SPA,0.2935178709419851,26,9
B23,2,b_FAR,S7149,B23.TUR.TUR,0.0860825951241275,32,10
B23,2,b_FAR,S5774,B23.TUR.TUR,0.5753185209026273,28,14
B23,2,b_FAR,S9841,B23.TUR.TUR,-1.1572470150038634,6,29
B23,2,b_FAR,S5541,B23.FAR.FAR,0.028728182411127443,38,4
B23,2,b_FAR,S5787,B23.BRP.BRP,-0.5020744510641442,29,6
B23,2,b_FAR,S0582,B23.FAR.FAR,0.6812281691242461,39,3
B23,2,b_FAR,S6062,B23.FAR.FAR,-0.4819027254225367,27,15
B23,2,b_FAR,S2368,B23.TUR.TUR,-0.46173099978092935,19,16
B23,2,b_FAR,S3842,B23.BRP.BRP,0.11085831841124658,34,1
B23,2,b_FAR,S7985,B23.BRP.BRP,0.5074287251761908,35,0
B23,2,b_FAR,S2227,B23.SPA.SPA,0.15042553564897415,34,8
B23,2,b_FAR,S9029,B23.TUR.TUR,-1.0379238791338246,7,28
B23,2,b_FAR,S5237,B23.BRP.BRP,0.1860004335068276,31,11
B23,2,b_FAR,S1895,B23.FAR.FAR,-0.7809218693811166,13,22
B23,2,b_FAR,S0812,B23.SPA.SPA,1.1397569862477017,35,0
B23,2,b_FAR,S8247,B23.TUR.TUR,-0.4415262688438128,23,12
B23,2,b_FAR,S9445,B23.TUR.TUR,0.15042553564897415,45,4
B23,2,b_FAR,S0363,B23.BRP.BRP,0.49212995915035523,42,0
B23,2,b_FAR,S5422,B23.BRP.BRP,1.1397569862477017,35,0
B23,2,b_FAR,S5527,B23.TUR.TUR,-0.8261231006744069,17,25
B23,2,b_FAR,S2534,B23.SPA.SPA,-0.13344496846787907,21,14
B23,2,b_FAR,S7421,B23.FAR.FAR,0.1860004335068276,41,1
B23,2,b_FAR,S9981,B23.SPA.SPA,1.0123520834537039,34,1
B23,2,b_FAR,S9666,B23.BRP.BRP,0.11085831841124658,28,7
B23,2,b_FAR,S2214,B23.FAR.FAR,-0.17887320737636478,33,9
B23,2,b_FAR,S5218,B23.FAR.FAR,-0.2962396728737146,19,16
B23,2,b_FAR,S9562,B23.BRP.BRP,0.2663576174885307,40,2
B23,2,b_FAR,S1186,B23.FAR.FAR,0.07411842828875131,31,4
B23,2,b_FAR,S7540,B23.SPA.SPA,-0.5222791820012606,18,17
B23,2,b_FAR,S1573,B23.TUR.TUR,-0.0941924272402758,21,7
B23,2,b_FAR,S9275,B23.SPA.SPA,-0.2962396728737146,19,16
B23,2,b_FAR,S0448,B23.SPA.SPA,-0.27446744960467895,21,14
B23,2,b_FAR,S7518,B23.BRP.BRP,0.7625820710788778,35,0
B23,2,b_FAR,S0754,B23.TUR.TUR,0.2663576174885307,33,9
B23,2,b_FAR,S5292,B23.BRP.BRP,0.49212995915035523,40,2
B23,2,b_FAR,S2103,B23.BRP.BRP,0.05665646472477723,25,17
B23,2,b_FAR,S1886,B23.SPA.SPA,0.15042553564897415,32,3
B23,2,b_FAR,S8005,B23.FAR.FAR,-0.0941924272402758,33,9
B23,2,b_FAR,S2669,B23.SPA.SPA,0.7625820710788778,35,0
B23,2,b_FAR,S0223,B23.BRP.BRP,0.5074287251761908,35,0
B23,2,b_FAR,S0101,B23.SPA.SPA,-0.4212552021397697,21,14
B23,2,b_FAR,S3199,B23.TUR.TUR,-0.3596986827624415,17,18
B23,2,b_FAR,S0195,B23.SPA.SPA,0.22443782409750082,34,8
B23,2,b_FAR,S2348,B23.BRP.BRP,0.2935178709419851,34,1
B23,2,b_FAR,S5714,B23.TUR.TUR,-0.05973492067571777,26,2
B23,2,b_FAR,S9215,B23.FAR.FAR,0.6812281691242461,41,1
B23,2,b_FAR,S7239,B23.BRP.BRP,-0.05973492067571777,23,5
B23,2,b_FAR,S9461,B23.SPA.SPA,-0.15853536776512275,23,12
B23,2,b_FAR,S7585,B23.SPA.SPA,1.0775464336121932,42,0
B23,2,b_FAR,S0015,B23.FAR.FAR,-0.11625643152797699,23,19
B23,2,b_FAR,S8954,B23.TUR.TUR,-0.5155385572923394,18,24
B23,2,b_FAR,S8234,B23.FAR.FAR,1.1397569862477017,41,1
B23,2,b_FAR,S2189,B23.TUR.TUR,-0.27446744960467895,33,2
B23,2,b_FAR,S4862,B23.TUR.TUR,-0.4819027254225367,19,16
B23,2,c_noTUR,S3842,B23.BRP.BRP,0.2935178709419851,30,5
B23,2,c_noTUR,S2348,B23.BRP.BRP,1.0123520834537039,33,2
B23,2,c_noTUR,S3199,B23.TUR.TUR,-0.5834283530187762,10,25
B23,2,c_noTUR,S5422,B23.BRP.BRP,1.1397569862477017,35,0
B23,2,c_noTUR,S5774,B23.TUR.TUR,0.05665646472477723,38,4
B23,2,c_noTUR,S9530,B23.FAR.FAR,-0.25230443868931973,28,7
B23,2,c_noTUR,S2368,B23.TUR.TUR,-0.4008838107944075,19,16
B23,2,c_noTUR,S5527,B23.TUR.TUR,-0.6711695494091775,11,31
B23,2,c_noTUR,S7239,B23.BRP.BRP,-0.15853536776512275,20,8
B23,2,c_noTUR,S5714,B23.TUR.TUR,0.015264076182932277,22,6
B23,2,c_noTUR,S7149,B23.TUR.TUR,0.0021048214395797175,31,11
B23,2,c_noTUR,S9215,B23.FAR.FAR,1.0775464336121932,37,5
B23,2,c_noTUR,S1886,B23.SPA.SPA,0.5074287251761908,24,11
B23,2,c_noTUR,S0363,B23.BRP.BRP,0.49212995915035523,39,3
B23,2,c_noTUR,S0223,B23.BRP.BRP,0.7625820710788778,34,1
B23,2,c_noTUR,S8954,B23.TUR.TUR,-0.36315860382836007,14,28
B23,2,c_noTUR,S9981,B23.SPA.SPA,0.7625820710788778,34,1
B23,2,c_noTUR,S2103,B23.BRP.BRP,-0.27446744960467895,25,17
B23,2,c_noTUR,S2588,B23.SPA.SPA,-0.5222791820012606,22,13
B23,2,c_noTUR,S9562,B23.BRP.BRP,1.1397569862477017,42,0
B23,2,c_noTUR,S4862,B23.TUR.TUR,-0.3596986827624415,16,19
B23,2,c_noTUR,S5292,B23.BRP.BRP,0.4232913002236084,41,1
B23,2,c_noTUR,S9666,B23.BRP.BRP,-0.08061732584778379,28,7
B23,2,c_noTUR,S0448,B23.SPA.SPA,-0.2962396728737146,22,13
B23,2,c_noTUR,S5787,B23.BRP.BRP,-0.5425502487053038,17,18
B23,2,c_noTUR,S7585,B23.SPA.SPA,1.1397569862477017,42,0
B23,2,c_noTUR,S8198,B23.FAR.FAR,0.5074287251761908,32,3
B23,2,c_noTUR,S5541,B23.FAR.FAR,0.31259868652798084,37,5
B23,2,c_noTUR,S0195,B23.SPA.SPA,-0.047842754069495286,36,6
B23,2,c_noTUR,S0582,B23.FAR.FAR,0.8286507320203569,36,6
B23,2,c_noTUR,S2214,B23.FAR.FAR,0.0860825951241275,34,8
B23,2,c_noTUR,S6509,B23.SPA.SPA,0.03973292195334682,28,7
B23,2,c_noTUR,S7421,B23.FAR.FAR,0.6812281691242461,39,3
B23,2,c_noTUR,S1186,B23.FAR.FAR,0.15042553564897415,29,6
B23,2,c_noTUR,S3383,B23.BRP.BRP,1.0775464336121932,40,2
B23,2,c_noTUR,S9275,B23.SPA.SPA,-0.4415262688438128,26,9
B23,2,c_noTUR,S0754,B23.TUR.TUR,0.2663576174885307,42,0
B23,2,c_noTUR,S5237,B23.BRP.BRP,0.6812281691242461,41,1
B23,2,c_noTUR,S7518,B23.BRP.BRP,0.4232913002236084,34,1
B23,2,c_noTUR,S2227,B23.SPA.SPA,0.22443782409750082,37,5
B23,2,c_noTUR,S6062,B23.FAR.FAR,-0.27446744960467895,30,12
B23,2,c_noTUR,S5218,B23.FAR.FAR,-0.3176717895763555,18,17
B23,2,c_noTUR,S8247,B23.TUR.TUR,-0.10751133325166336,25,10
B23,2,c_noTUR,S0015,B23.FAR.FAR,-0.36315860382836007,30,12
B23,2,c_noTUR,S1573,B23.TUR.TUR,-0.12704488670856767,23,5
B23,2,c_noTUR,S1895,B23.FAR.FAR,-0.5834283530187762,12,23
B23,2,c_noTUR,S0101,B23.SPA.SPA,-0.5020744510641442,23,12
B23,2,c_noTUR,S2534,B23.SPA.SPA,0.19344156415878988,34,1
B23,2,c_noTUR,S7985,B23.BRP.BRP,1.0123520834537039,35,0
B23,2,c_noTUR,S9029,B23.TUR.TUR,-0.6675657779713589,8,27
B23,2,c_noTUR,S7540,B23.SPA.SPA,-0.38037709782629736,20,15
B23,2,c_noTUR,S8234,B23.FAR.FAR,1.0775464336121932,38,4
B23,2,c_noTUR,S9841,B23.TUR.TUR,-0.7809218693811166,8,27
B23,2,c_noTUR,S0812,B23.SPA.SPA,0.5074287251761908,28,7
B23,2,c_noTUR,S7645,B23.FAR.FAR,1.0123520834537039,30,5
B23,2,c_noTUR,S2669,B23.SPA.SPA,0.6142613568694836,33,2
B23,2,c_noTUR,S9445,B23.TUR.TUR,0.2479178722368061,33,16
B23,2,c_noTUR,S8005,B23.FAR.FAR,-0.27446744960467895,33,9
B23,2,c_noTUR,S2189,B23.TUR.TUR,-0.023373908299080655,16,19
B23,2,c_noTUR,S9461,B23.SPA.SPA,0.07411842828875131,19,16
B23,2,b_SPA,S0754,B23.TUR.TUR,0.3908169914713512,36,6
B23,2,b_SPA,S1573,B23.TUR.TUR,-0.2634381419172324,21,7
B23,2,b_SPA,S5237,B23.BRP.BRP,0.2138761643913024,38,4
B23,2,b_SPA,S7421,B23.FAR.FAR,0.2138761643913024,40,2
B23,2,b_SPA,S2189,B23.TUR.TUR,0.06940662102084508,6,29
B23,2,b_SPA,S2669,B23.SPA.SPA,0.38002382238219157,26,9
B23,2,b_SPA,S9029,B23.TUR.TUR,-0.8389059149497534,3,32
B23,2,b_SPA,S2588,B23.SPA.SPA,-0.4913141930848527,16,19
B23,2,b_SPA,S5774,B23.TUR.TUR,-0.03979124617094611,37,5
B23,2,b_SPA,S5292,B23.BRP.BRP,0.3908169914713512,40,2
B23,2,b_SPA,S2368,B23.TUR.TUR,-0.37763070947582356,18,17
B23,2,b_SPA,S0448,B23.SPA.SPA,-0.2788514702300579,18,17
B23,2,b_SPA,S7518,B23.BRP.BRP,0.6396614614274744,32,3
B23,2,b_SPA,S0582,B23.FAR.FAR,0.14587180637787586,32,10
B23,2,b_SPA,S7149,B23.TUR.TUR,-0.08365704422683909,33,9
B23,2,b_SPA,S0223,B23.BRP.BRP,0.44944467960755424,29,6
B23,2,b_SPA,S9841,B23.TUR.TUR,-1.1033713874523208,4,31
B23,2,b_SPA,S9562,B23.BRP.BRP,0.2935178709419851,40,2
B23,2,b_SPA,S5422,B23.BRP.BRP,1.1397569862477017,35,0
B23,2,b_SPA,S2534,B23.SPA.SPA,-0.048802181362652165,26,9
B23,2,b_SPA,S3199,B23.TUR.TUR,-0.6054923573064773,15,20
B23,2,b_SPA,S5527,B23.TUR.TUR,-0.41899729858374946,9,33
B23,2,b_SPA,S9666,B23.BRP.BRP,-0.23728476253328662,22,13
B23,2,b_SPA,S8198,B23.FAR.FAR,0.17867333733435822,24,11
B23,2,b_SPA,S0195,B23.SPA.SPA,-0.25478797548331317,28,14
B23,2,b_SPA,S9445,B23.TUR.TUR,0.17867333733435822,45,4
B23,2,b_SPA,S4862,B23.TUR.TUR,-0.5290271719494464,16,19
B23,2,b_SPA,S0812,B23.SPA.SPA,0.44944467960755424,29,6
B23,2,b_SPA,S1186,B23.FAR.FAR,0.17867333733435822,26,9
B23,2,b_SPA,S2227,B23.SPA.SPA,0.14587180637787586,31,11
B23,2,b_SPA,S7540,B23.SPA.SPA,-0.41583406448105725,8,27
B23,2,b_SPA,S3383,B23.BRP.BRP,0.85357231566168,39,3
B23,2,b_SPA,S7985,B23.BRP.BRP,0.7876215859232949,31,4
B23,2,b_SPA,S5541,B23.FAR.FAR,-0.08365704422683909,19,23
B23,2,b_SPA,S7239,B23.BRP.BRP,-0.15440772864173738,19,9
B23,2,b_SPA,S0101,B23.SPA.SPA,-0.3388103901295261,20,15
B23,2,b_SPA,S2103,B23.BRP.BRP,-0.3388103901295261,18,24
B23,2,b_SPA,S0363,B23.BRP.BRP,0.14587180637787586,41,1
B23,2,b_SPA,S5787,B23.BRP.BRP,0.06940662102084508,17,18
B23,2,b_SPA,S0015,B23.FAR.FAR,-0.23728476253328662,21,21
B23,2,b_SPA,S6062,B23.FAR.FAR,-0.5132931046142957,23,19
B23,2,b_SPA,S8954,B23.TUR.TUR,-0.3712101117269094,4,38
B23,2,b_SPA,S3842,B23.BRP.BRP,0.38002382238219157,30,5
B23,2,b_SPA,S7585,B23.SPA.SPA,0.6008411420811774,37,5
B23,2,b_SPA,S2214,B23.FAR.FAR,-0.08365704422683909,28,14
B23,2,b_SPA,S1895,B23.FAR.FAR,-0.6646895670879186,11,24
B23,2,b_SPA,S9981,B23.SPA.SPA,0.7876215859232949,33,2
B23,2,b_SPA,S8247,B23.TUR.TUR,-0.2788514702300579,17,18
B23,2,b_SPA,S9275,B23.SPA.SPA,-0.5101505271079205,26,9
B23,2,b_SPA,S5218,B23.FAR.FAR,-0.5670110151469107,16,19
B23,2,b_SPA,S8005,B23.FAR.FAR,0.03237271520037999,33,9
B23,2,b_SPA,S9530,B23.FAR.FAR,-0.12489953589532017,16,19
B23,2,b_SPA,S8234,B23.FAR.FAR,0.44944467960755424,34,8
B23,2,b_SPA,S9215,B23.FAR.FAR,0.3908169914713512,40,2
B23,2,b_SPA,S2348,B23.BRP.BRP,0.17867333733435822,31,4
B23,2,b_SPA,S7645,B23.FAR.FAR,0.44944467960755424,30,5
B23,2,b_SPA,S9461,B23.SPA.SPA,-0.12489953589532017,22,13
B23,2,b_SPA,S1886,B23.SPA.SPA,0.007333200355963633,26,9
B23,2,b_SPA,S6509,B23.SPA.SPA,0.10330108912206457,27,8
B23,2,b_SPA,S5714,B23.TUR.TUR,0.0860825951241275,22,6
B23,2,b_BRP,S5787,B23.BRP.BRP,-0.2962396728737146,26,9
B23,2,b_BRP,S2227,B23.SPA.SPA,0.05665646472477723,38,4
B23,2,b_BRP,S9981,B23.SPA.SPA,1.0123520834537039,34,1
B23,2,b_BRP,S9215,B23.FAR.FAR,0.31259868652798084,40,2
B23,2,b_BRP,S1573,B23.TUR.TUR,-0.3016277030581335,20,8
B23,2,b_BRP,S2214,B23.FAR.FAR,-0.047842754069495286,25,17
B23,2,b_BRP,S1886,B23.SPA.SPA,-0.15853536776512275,32,3
B23,2,b_BRP,S2189,B23.TUR.TUR,-0.6249950607155474,21,14
B23,2,b_BRP,S7421,B23.FAR.FAR,0.0021048214395797175,39,3
B23,2,b_BRP,S3199,B23.TUR.TUR,-0.4819027254225367,21,14
B23,2,b_BRP,S6509,B23.SPA.SPA,-0.15853536776512275,30,5
B23,2,b_BRP,S7985,B23.BRP.BRP,0.7625820710788778,34,1
B23,2,b_BRP,S8234,B23.FAR.FAR,0.4232913002236084,38,4
B23,2,b_BRP,S2588,B23.SPA.SPA,-0.4212552021397697,16,19
B23,2,b_BRP,S9461,B23.SPA.SPA,-0.25230443868931973,14,21
B23,2,b_BRP,S5292,B23.BRP.BRP,0.31259868652798084,29,13
B23,2,b_BRP,S0223,B23.BRP.BRP,0.07411842828875131,23,12
B23,2,b_BRP,S3842,B23.BRP.BRP,0.2935178709419851,30,5
B23,2,b_BRP,S2103,B23.BRP.BRP,-0.23728476253328662,30,12
B23,2,b_BRP,S3383,B23.BRP.BRP,0.4232913002236084,37,5
B23,2,b_BRP,S5237,B23.BRP.BRP,0.2663576174885307,32,10
B23,2,b_BRP,S0812,B23.SPA.SPA,0.15042553564897415,34,1
B23,2,b_BRP,S0582,B23.FAR.FAR,0.22443782409750082,34,8
B23,2,b_BRP,S7645,B23.FAR.FAR,0.15042553564897415,26,9
B23,2,b_BRP,S0015,B23.FAR.FAR,-0.15853536776512275,24,18
B23,2,b_BRP,S7239,B23.BRP.BRP,-0.12704488670856767,21,7
B23,2,b_BRP,S7540,B23.SPA.SPA,-0.6249950607155474,19,16
B23,2,b_BRP,S5774,B23.TUR.TUR,-0.0714161944122003,39,3
B23,2,b_BRP,S7585,B23.SPA.SPA,1.0775464336121932,39,3
B23,2,b_BRP,S7149,B23.TUR.TUR,-0.023373908299080655,33,9
B23,2,b_BRP,S5527,B23.TUR.TUR,-0.6355304437289844,11,31
B23,2,b_BRP,S9530,B23.FAR.FAR,-0.4008838107944075,22,13
B23,2,b_BRP,S6062,B23.FAR.FAR,-0.4314011323397567,19,23
B23,2,b_BRP,S2534,B23.SPA.SPA,-0.20657765387824228,23,12
B23,2,b_BRP,S2348,B23.BRP.BRP,0.353476790841453,32,3
B23,2,b_BRP,S8247,B23.TUR.TUR,-0.38037709782629736,22,13
B23,2,b_BRP,S9666,B23.BRP.BRP,-0.22969502653179213,29,6
B23,2,b_BRP,S5422,B23.BRP.BRP,1.1397569862477017,34,1
B23,2,b_BRP,S9562,B23.BRP.BRP,0.05665646472477723,33,9
B23,2,b_BRP,S1186,B23.FAR.FAR,0.03973292195334682,29,6
B23,2,b_BRP,S5541,B23.FAR.FAR,0.15042553564897415,35,7
B23,2,b_BRP,S4862,B23.TUR.TUR,-0.6461336612687179,10,25
B23,2,b_BRP,S2669,B23.SPA.SPA,0.4232913002236084,35,0
B23,2,b_BRP,S0101,B23.SPA.SPA,-0.4212552021397697,23,12
B23,2,b_BRP,S0448,B23.SPA.SPA,-0.22969502653179213,19,16
B23,2,b_BRP,S5218,B23.FAR.FAR,-0.5425502487053038,12,23
B23,2,b_BRP,S0363,B23.BRP.BRP,0.6812281691242461,37,5
B23,2,b_BRP,S8954,B23.TUR.TUR,-0.21820394694729076,31,11
B23,2,b_BRP,S8005,B23.FAR.FAR,-0.19874733628588273,32,10
B23,2,b_BRP,S9841,B23.TUR.TUR,-1.3172822416865264,10,25
B23,2,b_BRP,S7518,B23.BRP.BRP,1.0123520834537039,32,3
B23,2,b_BRP,S9275,B23.SPA.SPA,-0.4415262688438128,20,15
B23,2,b_BRP,S0754,B23.TUR.TUR,0.22443782409750082,36,6
B23,2,b_BRP,S9029,B23.TUR.TUR,-0.971138651201037,10,25
B23,2,b_BRP,S0195,B23.SPA.SPA,-0.047842754069495286,30,12
B23,2,b_BRP,S9445,B23.TUR.TUR,0.020995904857251706,39,10
B23,2,b_BRP,S8198,B23.FAR.FAR,0.007333200355963633,28,7
B23,2,b_BRP,S5714,B23.TUR.TUR,-0.023373908299080655,18,10
B23,2,b_BRP,S2368,B23.TUR.TUR,-0.4415262688438128,20,15
B23,2,b_BRP,S1895,B23.FAR.FAR,-0.5425502487053038,15,20
B23,2,c_noSPA,S5422,B23.BRP.BRP,1.0123520834537039,35,0
B23,2,c_noSPA,S8198,B23.FAR.FAR,0.24074675799923956,25,10
B23,2,c_noSPA,S5774,B23.TUR.TUR,-0.17887320737636478,37,5
B23,2,c_noSPA,S9841,B23.TUR.TUR,-1.1142309864940478,2,33
B23,2,c_noSPA,S7645,B23.FAR.FAR,-0.0526257195435044,31,4
B23,2,c_noSPA,S7585,B23.SPA.SPA,0.5753185209026273,42,0
B23,2,c_noSPA,S1895,B23.FAR.FAR,-0.6041067680826319,17,18
B23,2,c_noSPA,S9666,B23.BRP.BRP,-0.18288358146395692,21,14
B23,2,c_noSPA,S9461,B23.SPA.SPA,-0.4415262688438128,23,12
B23,2,c_noSPA,S0223,B23.BRP.BRP,-0.10751133325166336,27,8
B23,2,c_noSPA,S2588,B23.SPA.SPA,-0.6675657779713589,20,15
B23,2,c_noSPA,S2348,B23.BRP.BRP,0.4232913002236084,35,0
B23,2,c_noSPA,S9530,B23.FAR.FAR,-0.5020744510641442,24,11
B23,2,c_noSPA,S7985,B23.BRP.BRP,0.4232913002236084,35,0
B23,2,c_noSPA,S1186,B23.FAR.FAR,-0.0526257195435044,26,9
B23,2,c_noSPA,S7540,B23.SPA.SPA,-0.22969502653179213,20,15
B23,2,c_noSPA,S6062,B23.FAR.FAR,-0.32827500711608926,26,16
B23,2,c_noSPA,S1573,B23.TUR.TUR,0.015264076182932277,19,9
B23,2,c_noSPA,S0363,B23.BRP.BRP,0.5753185209026273,42,0
B23,2,c_noSPA,S5714,B23.TUR.TUR,-0.1888652352062954,23,5
B23,2,c_noSPA,S0015,B23.FAR.FAR,-0.38037709782629736,31,11
B23,2,c_noSPA,S8234,B23.FAR.FAR,0.49212995915035523,41,1
B23,2,c_noSPA,S5237,B23.BRP.BRP,0.4232913002236084,35,7
B23,2,c_noSPA,S0101,B23.SPA.SPA,-0.46173099978092935,25,10
B23,2,c_noSPA,S7421,B23.FAR.FAR,0.1860004335068276,37,5
B23,2,c_noSPA,S2368,B23.TUR.TUR,-0.3176717895763555,22,13
B23,2,c_noSPA,S2189,B23.TUR.TUR,-0.46173099978092935,25,10
B23,2,c_noSPA,S5218,B23.FAR.FAR,-0.5425502487053038,16,19
B23,2,c_noSPA,S7518,B23.BRP.BRP,0.007333200355963633,35,0
B23,2,c_noSPA,S9562,B23.BRP.BRP,0.028728182411127443,38,4
B23,2,c_noSPA,S4862,B23.TUR.TUR,-0.6041067680826319,18,17
B23,2,c_noSPA,S9215,B23.FAR.FAR,0.0860825951241275,41,1
B23,2,c_noSPA,S0812,B23.SPA.SPA,0.15042553564897415,33,2
B23,2,c_noSPA,S0195,B23.SPA.SPA,-0.32827500711608926,23,19
B23,2,c_noSPA,S8247,B23.TUR.TUR,-0.2962396728737146,30,5
B23,2,c_noSPA,S2103,B23.BRP.BRP,-0.2926359014358959,17,25
B23,2,c_noSPA,S3842,B23.BRP.BRP,0.15042553564897415,32,3
B23,2,c_noSPA,S3383,B23.BRP.BRP,0.22443782409750082,38,4
B23,2,c_noSPA,S0448,B23.SPA.SPA,-0.3388103901295261,22,13
B23,2,c_noSPA,S9275,B23.SPA.SPA,-0.4415262688438128,27,8
B23,2,c_noSPA,S5527,B23.TUR.TUR,-0.7456015038977826,11,31
B23,2,c_noSPA,S9445,B23.TUR.TUR,0.020995904857251706,41,8
B23,2,c_noSPA,S1886,B23.SPA.SPA,-0.13344496846787907,26,9
B23,2,c_noSPA,S6509,B23.SPA.SPA,0.007333200355963633,32,3
B23,2,c_noSPA,S2534,B23.SPA.SPA,0.11085831841124658,23,12
B23,2,c_noSPA,S7149,B23.TUR.TUR,-0.17887320737636478,32,10
B23,2,c_noSPA,S9029,B23.TUR.TUR,-0.7809218693811166,9,26
B23,2,c_noSPA,S5292,B23.BRP.BRP,0.1860004335068276,36,6
B23,2,c_noSPA,S2227,B23.SPA.SPA,-0.023373908299080655,34,8
B23,2,c_noSPA,S2214,B23.FAR.FAR,-0.17887320737636478,33,9
B23,2,c_noSPA,S7239,B23.BRP.BRP,-0.0941924272402758,20,8
B23,2,c_noSPA,S0582,B23.FAR.FAR,0.22443782409750082,40,2
B23,2,c_noSPA,S8005,B23.FAR.FAR,-0.047842754069495286,33,9
B23,2,c_noSPA,S9981,B23.SPA.SPA,0.5074287251761908,33,2
B23,2,c_noSPA,S0754,B23.TUR.TUR,0.05665646472477723,40,2
B23,2,c_noSPA,S2669,B23.SPA.SPA,0.2935178709419851,34,1
B23,2,c_noSPA,S5787,B23.BRP.BRP,-0.46173099978092935,10,25
B23,2,c_noSPA,S3199,B23.TUR.TUR,-0.5834283530187762,15,20
B23,2,c_noSPA,S5541,B23.FAR.FAR,0.11724186158858764,40,2
B23,2,c_noSPA,S8954,B23.TUR.TUR,-0.5663290649405579,7,35
B23,2,c_noBRP,S9445,B23.TUR.TUR,0.20868368540379678,45,4
B23,2,c_noBRP,S5218,B23.FAR.FAR,-0.43477827889562704,21,14
B23,2,c_noBRP,S2534,B23.SPA.SPA,0.06940662102084508,25,10
B23,2,c_noBRP,S7540,B23.SPA.SPA,-0.5101505271079205,17,18
B23,2,c_noBRP,S3383,B23.BRP.BRP,0.6008411420811774,41,1
B23,2,c_noBRP,S2588,B23.SPA.SPA,-0.7265206883117868,12,23
B23,2,c_noBRP,S0812,B23.SPA.SPA,0.32047059182728704,22,13
B23,2,c_noBRP,S7239,B23.BRP.BRP,-0.06208765686939918,19,9
B23,2,c_noBRP,S2348,B23.BRP.BRP,1.037041107533416,29,6
B23,2,c_noBRP,S1886,B23.SPA.SPA,0.06940662102084508,22,13
B23,2,c_noBRP,S8234,B23.FAR.FAR,1.1021779946742793,38,4
B23,2,c_noBRP,S9215,B23.FAR.FAR,1.1021779946742793,39,3
B23,2,c_noBRP,S6062,B23.FAR.FAR,-0.21948725425948726,22,20
B23,2,c_noBRP,S5774,B23.TUR.TUR,0.0860825951241275,20,22
B23,2,c_noBRP,S0101,B23.SPA.SPA,-0.3388103901295261,21,14
B23,2,c_noBRP,S2189,B23.TUR.TUR,-0.21588978047812263,28,7
B23,2,c_noBRP,S7421,B23.FAR.FAR,0.6008411420811774,38,4
B23,2,c_noBRP,S9666,B23.BRP.BRP,-0.10043876945371313,28,7
B23,2,c_noBRP,S5787,B23.BRP.BRP,-0.2788514702300579,25,10
B23,2,c_noBRP,S0223,B23.BRP.BRP,0.22124405459016952,29,6
B23,2,c_noBRP,S1186,B23.FAR.FAR,0.06940662102084508,27,8
B23,2,c_noBRP,S0754,B23.TUR.TUR,0.17867333733435822,40,2
B23,2,c_noBRP,S0448,B23.SPA.SPA,-0.2582558296762503,15,20
B23,2,c_noBRP,S0582,B23.FAR.FAR,0.7064466893602621,37,5
B23,2,c_noBRP,S5422,B23.BRP.BRP,1.1397569862477017,35,0
B23,2,c_noBRP,S2214,B23.FAR.FAR,-0.1640069366224309,30,12
B23,2,c_noBRP,S2227,B23.SPA.SPA,0.11510517016564033,35,7
B23,2,c_noBRP,S7149,B23.TUR.TUR,-0.08365704422683909,32,10
B23,2,c_noBRP,S0015,B23.FAR.FAR,-0.27202516219673833,25,17
B23,2,c_noBRP,S1573,B23.TUR.TUR,-0.12489953589532017,22,6
B23,2,c_noBRP,S3842,B23.BRP.BRP,0.26811776638399365,31,4
B23,2,c_noBRP,S7985,B23.BRP.BRP,0.5331999614562323,34,1
B23,2,c_noBRP,S1895,B23.FAR.FAR,-0.7697881661532039,17,18
B23,2,c_noBRP,S8005,B23.FAR.FAR,-0.28902246588848607,36,6
B23,2,c_noBRP,S8198,B23.FAR.FAR,0.13956593660724737,29,6
B23,2,c_noBRP,S9562,B23.BRP.BRP,0.2519511632452135,34,8
B23,2,c_noBRP,S2103,B23.BRP.BRP,-0.20136472125235097,22,20
B23,2,c_noBRP,S7518,B23.BRP.BRP,0.44944467960755424,29,6
B23,2,c_noBRP,S9981,B23.SPA.SPA,1.1397569862477017,34,1
B23,2,c_noBRP,S9461,B23.SPA.SPA,-0.2991158837571548,23,12
B23,2,c_noBRP,S5237,B23.BRP.BRP,0.2519511632452135,33,9
B23,2,c_noBRP,S8247,B23.TUR.TUR,-0.21588978047812263,30,5
B23,2,c_noBRP,S5541,B23.FAR.FAR,0.2138761643913024,32,10
B23,2,c_noBRP,S0363,B23.BRP.BRP,0.44944467960755424,37,5
B23,2,c_noBRP,S5527,B23.TUR.TUR,-0.8191114305220176,21,21
B23,2,c_noBRP,S0195,B23.SPA.SPA,-0.23728476253328662,26,16
B23,2,c_noBRP,S9029,B23.TUR.TUR,-0.8886938391907934,9,26
B23,2,c_noBRP,S8954,B23.TUR.TUR,-0.4662152929235257,22,20
B23,2,c_noBRP,S5292,B23.BRP.BRP,0.17867333733435822,37,5
B23,2,c_noBRP,S4862,B23.TUR.TUR,-0.3583130935385961,20,15
B23,2,c_noBRP,S2669,B23.SPA.SPA,0.6396614614274744,33,2
B23,2,c_noBRP,S9841,B23.TUR.TUR,-0.971138651201037,8,27
B23,2,c_noBRP,S3199,B23.TUR.TUR,-0.47249125776022055,19,16
B23,2,c_noBRP,S2368,B23.TUR.TUR,-0.3190896666221074,24,11
B23,2,c_noBRP,S6509,B23.SPA.SPA,0.13956593660724737,28,7
B23,2,c_noBRP,S9275,B23.SPA.SPA,-0.3190896666221074,26,9
B23,2,c_noBRP,S7645,B23.FAR.FAR,0.38002382238219157,35,0
B23,2,c_noBRP,S5714,B23.TUR.TUR,0.23252006562353986,23,5
B23,2,c_noBRP,S9530,B23.FAR.FAR,-0.3583130935385961,17,18
B23,2,c_noBRP,S7585,B23.SPA.SPA,0.5179641081896277,42,0
B23,2,b_TUR,S5541,B23.FAR.FAR,0.05445764688287322,30,12
B23,2,b_TUR,S2103,B23.BRP.BRP,-0.27727948935929936,27,15
B23,2,b_TUR,S9666,B23.BRP.BRP,-0.24539797322454002,25,10
B23,2,b_TUR,S0812,B23.SPA.SPA,0.2643352101086718,35,0
B23,2,b_TUR,S0448,B23.SPA.SPA,-0.49276232446426377,23,12
B23,2,b_TUR,S7518,B23.BRP.BRP,0.21107305893174133,29,6
B23,2,b_TUR,S9445,B23.TUR.TUR,0.06330636229605162,38,11
B23,2,b_TUR,S2368,B23.TUR.TUR,-0.4710431263808097,22,13
B23,2,b_TUR,S1895,B23.FAR.FAR,-0.4710431263808097,7,28
B23,2,b_TUR,S1886,B23.SPA.SPA,0.007333200355963633,27,8
B23,2,b_TUR,S5218,B23.FAR.FAR,-0.5802632275698975,14,21
B23,2,b_TUR,S2669,B23.SPA.SPA,0.04230328380361953,33,2
B23,2,b_TUR,S4862,B23.TUR.TUR,-0.6708919960154195,12,23
B23,2,b_TUR,S9029,B23.TUR.TUR,-0.6708919960154195,12,23
B23,2,b_TUR,S0015,B23.FAR.FAR,-0.3724462219993288,25,17
B23,2,b_TUR,S2227,B23.SPA.SPA,0.1197184269939301,36,6
B23,2,b_TUR,S0754,B23.TUR.TUR,-0.15217647280891264,42,0
B23,2,b_TUR,S5237,B23.BRP.BRP,0.1197184269939301,34,8
B23,2,b_TUR,S7645,B23.FAR.FAR,0.16326000902153284,31,4
B23,2,b_TUR,S5422,B23.BRP.BRP,1.1397569862477017,35,0
B23,2,b_TUR,S7540,B23.SPA.SPA,-0.5582098327827598,19,16
B23,2,b_TUR,S5714,B23.TUR.TUR,-0.16327247408475998,24,4
B23,2,b_TUR,S8954,B23.TUR.TUR,-0.6099753845595144,22,20
B23,2,b_TUR,S0223,B23.BRP.BRP,-0.05700974016888333,27,8
B23,2,b_TUR,S5527,B23.TUR.TUR,-0.8576488567694215,12,30
B23,2,b_TUR,S6509,B23.SPA.SPA,-0.24539797322454002,22,13
B23,2,b_TUR,S0195,B23.SPA.SPA,-0.21672113332894738,25,17
B23,2,b_TUR,S2189,B23.TUR.TUR,-0.292913454829654,25,10
B23,2,b_TUR,S9562,B23.BRP.BRP,-0.25745648817489397,38,4
B23,2,b_TUR,S9275,B23.SPA.SPA,-0.42750154435320703,22,13
B23,2,b_TUR,S7585,B23.SPA.SPA,0.4642542282658804,42,0
B23,2,b_TUR,S9530,B23.FAR.FAR,-0.4055956180623135,18,17
B23,2,b_TUR,S0101,B23.SPA.SPA,-0.3612962822403016,20,15
B23,2,b_TUR,S0363,B23.BRP.BRP,0.283576111486468,35,7
B23,2,b_TUR,S0582,B23.FAR.FAR,-0.10615659407565199,32,10
B23,2,b_TUR,S7149,B23.TUR.TUR,0.1197184269939301,38,4
B23,2,b_TUR,S3383,B23.BRP.BRP,0.19459675053221384,37,5
B23,2,b_TUR,S7421,B23.FAR.FAR,0.3950434985382248,37,5
B23,2,b_TUR,S8234,B23.FAR.FAR,0.4642542282658804,37,5
B23,2,b_TUR,S5787,B23.BRP.BRP,-0.4055956180623135,14,21
B23,2,b_TUR,S7239,B23.BRP.BRP,-0.16327247408475998,11,17
B23,2,b_TUR,S9841,B23.TUR.TUR,-1.1270654598666061,4,31
B23,2,b_TUR,S3199,B23.TUR.TUR,-0.7680873960085581,24,11
B23,2,b_TUR,S9215,B23.FAR.FAR,0.8018346123064808,29,13
B23,2,b_TUR,S6062,B23.FAR.FAR,-0.5545497931279957,21,21
B23,2,b_TUR,S2588,B23.SPA.SPA,-0.5582098327827598,17,18
B23,2,b_TUR,S2214,B23.FAR.FAR,-0.3724462219993288,30,12
B23,2,b_TUR,S1573,B23.TUR.TUR,-0.0941924272402758,20,8
B23,2,b_TUR,S8247,B23.TUR.TUR,-0.31603415730145035,19,16
B23,2,b_TUR,S1186,B23.FAR.FAR,-0.08691569269785585,25,10
B23,2,b_TUR,S2348,B23.BRP.BRP,0.4796262347448113,34,1
B23,2,b_TUR,S9981,B23.SPA.SPA,0.5868903484847295,33,2
B23,2,b_TUR,S5774,B23.TUR.TUR,-0.31603415730145035,35,7
B23,2,b_TUR,S2534,B23.SPA.SPA,-0.169859626679076,24,11
B23,2,b_TUR,S8005,B23.FAR.FAR,-0.3538300662855591,28,14
B23,2,b_TUR,S8198,B23.FAR.FAR,-0.44930333812139867,30,5
B23,2,b_TUR,S5292,B23.BRP.BRP,0.5478051817549147,39,3
B23,2,b_TUR,S9461,B23.SPA.SPA,-0.31603415730145035,24,11
B23,2,b_TUR,S7985,B23.BRP.BRP,0.07960701670777931,28,7
B23,2,b_TUR,S3842,B23.BRP.BRP,-0.02567299865820225,31,4
B23,2,a_control,S0101,B23.SPA.SPA,-0.28902246588848607,27,18
B23,2,a_control,S2189,B23.TUR.TUR,-0.3712101117269094,25,20
B23,2,a_control,S0195,B23.SPA.SPA,-0.2663073375747996,27,27
B23,2,a_control,S5541,B23.FAR.FAR,0.0860825951241275,42,12
B23,2,a_control,S5292,B23.BRP.BRP,0.22000794431775011,50,4
B23,2,a_control,S2227,B23.SPA.SPA,0.06305861983451044,49,5
B23,2,a_control,S9530,B23.FAR.FAR,-0.3712101117269094,22,23
B23,2,a_control,S8005,B23.FAR.FAR,-0.11141092123821317,32,22
B23,2,a_control,S9215,B23.FAR.FAR,0.6679092631128578,49,5
B23,2,a_control,S3383,B23.BRP.BRP,1.1397569862477017,49,5
B23,2,a_control,S9666,B23.BRP.BRP,-0.38722991745651714,19,26
B23,2,a_control,S5774,B23.TUR.TUR,0.28631539397416256,49,5
B23,2,a_control,S5787,B23.BRP.BRP,-0.8592325952028395,30,15
B23,2,a_control,S6062,B23.FAR.FAR,-0.5342814991120074,20,34
B23,2,a_control,S1886,B23.SPA.SPA,-0.03979124617094611,32,13
B23,2,a_control,S8234,B23.FAR.FAR,1.1397569862477017,36,18
B23,2,a_control,S0812,B23.SPA.SPA,0.6008411420811774,40,5
B23,2,a_control,S8247,B23.TUR.TUR,-0.5606521201907005,22,23
B23,2,a_control,S9445,B23.TUR.TUR,0.06628811069639144,52,11
B23,2,a_control,S0363,B23.BRP.BRP,0.4094499527815414,49,5
B23,2,a_control,S4862,B23.TUR.TUR,-0.5765755333885562,22,23
B23,2,a_control,S2348,B23.BRP.BRP,0.3394148062418571,40,5
B23,2,a_control,S5422,B23.BRP.BRP,1.1397569862477017,45,0
B23,2,a_control,S9981,B23.SPA.SPA,1.1397569862477017,42,3
B23,2,a_control,S2534,B23.SPA.SPA,0.0860825951241275,34,11
B23,2,a_control,S9461,B23.SPA.SPA,-0.28902246588848607,30,15
B23,2,a_control,S0448,B23.SPA.SPA,-0.641412398587413,32,13
B23,2,a_control,S7585,B23.SPA.SPA,1.1397569862477017,47,7
B23,2,a_control,S1186,B23.FAR.FAR,-0.06208765686939918,29,16
B23,2,a_control,S9841,B23.TUR.TUR,-1.022374706821488,3,42
B23,2,a_control,S5527,B23.TUR.TUR,-0.9630254405097837,12,42
B23,2,a_control,S0015,B23.FAR.FAR,-0.2663073375747996,31,23
B23,2,a_control,S7149,B23.TUR.TUR,0.040969032225766144,30,24
B23,2,a_control,S9029,B23.TUR.TUR,-0.8191114305220176,18,27
B23,2,a_control,S0223,B23.BRP.BRP,0.007333200355963633,37,8
B23,2,a_control,S2669,B23.SPA.SPA,0.3394148062418571,33,12
B23,2,a_control,S5237,B23.BRP.BRP,0.28631539397416256,39,15
B23,2,a_control,S2103,B23.BRP.BRP,-0.416361450564718,18,36
B23,2,a_control,S2214,B23.FAR.FAR,0.040969032225766144,40,14
B23,2,a_control,S1573,B23.TUR.TUR,-0.1687653339512129,26,10
B23,2,a_control,S7540,B23.SPA.SPA,-0.3712101117269094,19,26
B23,2,a_control,S5218,B23.FAR.FAR,-0.4662152929235257,17,28
B23,2,a_control,S7985,B23.BRP.BRP,1.1021779946742793,42,3
B23,2,a_control,S7239,B23.BRP.BRP,-0.4819027254225367,17,19
B23,2,a_control,S2368,B23.TUR.TUR,-0.5765755333885562,26,19
B23,2,a_control,S6509,B23.SPA.SPA,-0.03979124617094611,30,15
B23,2,a_control,S7518,B23.BRP.BRP,0.3908169914713512,40,5
B23,2,a_control,S2588,B23.SPA.SPA,-0.5448081522613242,18,27
B23,2,a_control,S8198,B23.FAR.FAR,0.03237271520037999,31,14
B23,2,a_control,S0582,B23.FAR.FAR,0.13540585949294118,37,17
B23,2,a_control,S7421,B23.FAR.FAR,0.4094499527815414,50,4
B23,2,a_control,S1895,B23.FAR.FAR,-0.40315333065437287,18,27
B23,2,a_control,S8954,B23.TUR.TUR,-0.4688305227570731,22,32
B23,2,a_control,S7645,B23.FAR.FAR,0.44944467960755424,38,7
B23,2,a_control,S9562,B23.BRP.BRP,0.5179641081896277,33,21
B23,2,a_control,S3199,B23.TUR.TUR,-0.7090174753617603,6,39
B23,2,a_control,S5714,B23.TUR.TUR,-0.1687653339512129,26,10
B23,2,a_control,S9275,B23.SPA.SPA,-0.3550763623023209,12,33
B23,2,a_control,S3842,B23.BRP.BRP,0.2519511632452135,34,11
B23,2,a_control,S0754,B23.TUR.TUR,0.3235708383124809,49,5
B23,3,b_BRP,S1886,B23.SPA.SPA,0.04709220618517086,26,9
B23,3,b_BRP,S9530,B23.FAR.FAR,-0.3921688800807221,23,12
B23,3,b_BRP,S0015,B23.FAR.FAR,-0.24172582736714585,30,12
B23,3,b_BRP,S2669,B23.SPA.SPA,0.4734084707527296,35,0
B23,3,b_BRP,S8005,B23.FAR.FAR,-0.1641201361377336,32,10
B23,3,b_BRP,S9029,B23.TUR.TUR,-0.8656048300383113,7,28
B23,3,b_BRP,S2189,B23.TUR.TUR,-0.5164844089256235,17,18
B23,3,b_BRP,S6509,B23.SPA.SPA,-0.12290681148764636,30,5
B23,3,b_BRP,S5237,B23.BRP.BRP,-0.0094577366867102,42,0
B23,3,b_BRP,S0754,B23.TUR.TUR,0.2302086005088632,37,5
B23,3,b_BRP,S8247,B23.TUR.TUR,-0.3921688800807221,24,11
B23,3,b_BRP,S2214,B23.FAR.FAR,-0.2603467089418155,37,5
B23,3,b_BRP,S3383,B23.BRP.BRP,0.2302086005088632,42,0
B23,3,b_BRP,S9666,B23.BRP.BRP,-0.09719161250891994,25,10
B23,3,b_BRP,S5527,B23.TUR.TUR,-0.7050360698473446,16,26
B23,3,b_BRP,S1895,B23.FAR.FAR,-0.6446130677174572,21,14
B23,3,b_BRP,S7585,B23.SPA.SPA,0.6292214645448686,42,0
B23,3,b_BRP,S8954,B23.TUR.TUR,-0.27871980527978585,36,6
B23,3,b_BRP,S8198,B23.FAR.FAR,-0.014359807292100471,30,5
B23,3,b_BRP,S9841,B23.TUR.TUR,-1.0618485897875516,5,30
B23,3,b_BRP,S9562,B23.BRP.BRP,0.12780261385652555,32,10
B23,3,b_BRP,S7421,B23.FAR.FAR,0.12780261385652555,36,6
B23,3,b_BRP,S0582,B23.FAR.FAR,0.015620430874979548,42,0
B23,3,b_BRP,S5292,B23.BRP.BRP,-0.033618201486183906,41,1
B23,3,b_BRP,S7985,B23.BRP.BRP,0.6691340527751255,35,0
B23,3,b_BRP,S7149,B23.TUR.TUR,-0.12290681148764636,39,3
B23,3,b_BRP,S7540,B23.SPA.SPA,-0.6226472496762814,20,15
B23,3,b_BRP,S2348,B23.BRP.BRP,0.3404034309925523,33,2
B23,3,b_BRP,S5774,B23.TUR.TUR,0.12780261385652555,33,9
B23,3,b_BRP,S4862,B23.TUR.TUR,-0.7365078451575358,15,20
B23,3,b_BRP,S9461,B23.SPA.SPA,-0.43365260370880426,24,11
B23,3,b_BRP,S8234,B23.FAR.FAR,0.3599593959517934,40,2
B23,3,b_BRP,S9215,B23.FAR.FAR,0.2696031567912246,42,0
B23,3,b_BRP,S0812,B23.SPA.SPA,0.15319530078120605,35,0
B23,3,b_BRP,S5787,B23.BRP.BRP,-0.2860060393300641,27,8
B23,3,b_BRP,S0101,B23.SPA.SPA,-0.3076710320994821,19,16
B23,3,b_BRP,S5218,B23.FAR.FAR,-0.7607919460015043,23,12
B23,3,b_BRP,S1573,B23.TUR.TUR,-0.24172582736714585,19,9
B23,3,b_BRP,S2588,B23.SPA.SPA,-0.6226472496762814,27,8
B23,3,b_BRP,S9275,B23.SPA.SPA,-0.49570855328339103,24,11
B23,3,b_BRP,S5422,B23.BRP.BRP,1.0771380117565024,35,0
B23,3,b_BRP,S3199,B23.TUR.TUR,-0.4543266445031728,21,14
B23,3,b_BRP,S0448,B23.SPA.SPA,-0.2640402212888884,22,13
B23,3,b_BRP,S5714,B23.TUR.TUR,-0.09063215628141826,21,7
B23,3,b_BRP,S2103,B23.BRP.BRP,-0.07957504760987796,24,18
B23,3,b_BRP,S3842,B23.BRP.BRP,0.2863182148277932,31,4
B23,3,b_BRP,S2534,B23.SPA.SPA,-0.3290794837951988,30,5
B23,3,b_BRP,S1186,B23.FAR.FAR,0.08029874378792537,29,6
B23,3,b_BRP,S9981,B23.SPA.SPA,0.8211482408865273,35,0
B23,3,b_BRP,S9445,B23.TUR.TUR,-0.005933866485877943,42,7
B23,3,b_BRP,S0195,B23.SPA.SPA,-0.10153451324736959,34,8
B23,3,b_BRP,S2227,B23.SPA.SPA,0.2696031567912246,33,9
B23,3,b_BRP,S7645,B23.FAR.FAR,-0.014359807292100471,32,3
B23,3,b_BRP,S0363,B23.BRP.BRP,0.3599593959517934,42,0
B23,3,b_BRP,S2368,B23.TUR.TUR,-0.49570855328339103,24,11
B23,3,b_BRP,S6062,B23.FAR.FAR,-0.5060858253548313,25,17
B23,3,b_BRP,S5541,B23.FAR.FAR,0.06901996485401188,39,3
B23,3,b_BRP,S0223,B23.BRP.BRP,-0.14786134300484127,32,3
B23,3,b_BRP,S7239,B23.BRP.BRP,-0.02164604134237869,19,9
B23,3,b_BRP,S7518,B23.BRP.BRP,0.5596410810265326,35,0
B23,3,c_noSPA,S9445,B23.TUR.TUR,0.19374781858886136,36,13
B23,3,c_noSPA,S7239,B23.BRP.BRP,-0.12290681148764636,22,6
B23,3,c_noSPA,S0363,B23.BRP.BRP,1.2077155441185667,38,4
B23,3,c_noSPA,S9666,B23.BRP.BRP,-0.21901091442756748,24,11
B23,3,c_noSPA,S9530,B23.FAR.FAR,-0.3076710320994821,16,19
B23,3,c_noSPA,S2103,B23.BRP.BRP,-0.3502728315626918,22,20
B23,3,c_noSPA,S9841,B23.TUR.TUR,-1.3105087334761694,6,29
B23,3,c_noSPA,S9461,B23.SPA.SPA,-0.2640402212888884,16,19
B23,3,c_noSPA,S8005,B23.FAR.FAR,-0.033618201486183906,34,8
B23,3,c_noSPA,S7985,B23.BRP.BRP,1.2077155441185667,30,5
B23,3,c_noSPA,S1573,B23.TUR.TUR,-0.02164604134237869,21,7
B23,3,c_noSPA,S9215,B23.FAR.FAR,0.41298546862284197,34,8
B23,3,c_noSPA,S1186,B23.FAR.FAR,-0.12290681148764636,30,5
B23,3,c_noSPA,S2348,B23.BRP.BRP,1.0771380117565024,31,4
B23,3,c_noSPA,S7421,B23.FAR.FAR,0.19374781858886136,38,4
B23,3,c_noSPA,S2189,B23.TUR.TUR,-0.21901091442756748,15,20
B23,3,c_noSPA,S5774,B23.TUR.TUR,0.19374781858886136,24,18
B23,3,c_noSPA,S7518,B23.BRP.BRP,0.4018554444698235,27,8
B23,3,c_noSPA,S9562,B23.BRP.BRP,0.12780261385652555,36,6
B23,3,c_noSPA,S7540,B23.SPA.SPA,-0.3076710320994821,25,10
B23,3,c_noSPA,S5527,B23.TUR.TUR,-0.8516916822510353,17,25
B23,3,c_noSPA,S2669,B23.SPA.SPA,0.4734084707527296,32,3
B23,3,c_noSPA,S8247,B23.TUR.TUR,-0.09719161250891994,23,12
B23,3,c_noSPA,S0223,B23.BRP.BRP,-0.014359807292100471,25,10
B23,3,c_noSPA,S5714,B23.TUR.TUR,-0.09063215628141826,21,7
B23,3,c_noSPA,S0582,B23.FAR.FAR,0.3125668344683612,39,3
B23,3,c_noSPA,S6509,B23.SPA.SPA,0.23783502976871682,27,8
B23,3,c_noSPA,S3199,B23.TUR.TUR,-0.6896423745787781,21,14
B23,3,c_noSPA,S2227,B23.SPA.SPA,0.04173363047745942,33,9
B23,3,c_noSPA,S4862,B23.TUR.TUR,-0.47500068529754136,13,22
B23,3,c_noSPA,S7149,B23.TUR.TUR,-0.10153451324736959,30,12
B23,3,c_noSPA,S2534,B23.SPA.SPA,0.04709220618517086,26,9
B23,3,c_noSPA,S2368,B23.TUR.TUR,-0.2860060393300641,22,13
B23,3,c_noSPA,S2588,B23.SPA.SPA,-0.49570855328339103,13,22
B23,3,c_noSPA,S6062,B23.FAR.FAR,-0.36779792513002485,30,12
B23,3,c_noSPA,S5218,B23.FAR.FAR,-0.5164844089256235,16,19
B23,3,c_noSPA,S5422,B23.BRP.BRP,1.0771380117565024,35,0
B23,3,c_noSPA,S1895,B23.FAR.FAR,-0.6226472496762814,19,16
B23,3,c_noSPA,S7645,B23.FAR.FAR,0.015620430874979548,30,5
B23,3,c_noSPA,S5292,B23.BRP.BRP,0.2696031567912246,35,7
B23,3,c_noSPA,S0015,B23.FAR.FAR,-0.18406125419975983,22,20
B23,3,c_noSPA,S9981,B23.SPA.SPA,0.8211482408865273,31,4
B23,3,c_noSPA,S0101,B23.SPA.SPA,-0.2860060393300641,18,17
B23,3,c_noSPA,S8198,B23.FAR.FAR,0.15319530078120605,28,7
B23,3,c_noSPA,S8954,B23.TUR.TUR,-0.9776732538603575,28,14
B23,3,c_noSPA,S2214,B23.FAR.FAR,-0.056961606755310215,29,13
B23,3,c_noSPA,S0448,B23.SPA.SPA,-0.2640402212888884,20,15
B23,3,c_noSPA,S5237,B23.BRP.BRP,0.41298546862284197,36,6
B23,3,c_noSPA,S0754,B23.TUR.TUR,0.2302086005088632,36,6
B23,3,c_noSPA,S9275,B23.SPA.SPA,-0.19583848398774076,17,18
B23,3,c_noSPA,S9029,B23.TUR.TUR,-0.8656048300383113,13,22
B23,3,c_noSPA,S3383,B23.BRP.BRP,0.3599593959517934,36,6
B23,3,c_noSPA,S7585,B23.SPA.SPA,1.1439558278762518,39,3
B23,3,c_noSPA,S0812,B23.SPA.SPA,0.4018554444698235,29,6
B23,3,c_noSPA,S3842,B23.BRP.BRP,0.4734084707527296,27,8
B23,3,c_noSPA,S8234,B23.FAR.FAR,0.5439613460082637,41,1
B23,3,c_noSPA,S0195,B23.SPA.SPA,-0.2968732975836594,23,19
B23,3,c_noSPA,S1886,B23.SPA.SPA,-0.07061217939882376,25,10
B23,3,c_noSPA,S5541,B23.FAR.FAR,0.4734084707527296,33,9
B23,3,c_noSPA,S5787,B23.BRP.BRP,-0.6896423745787781,22,13
B23,3,c_noTUR,S8234,B23.FAR.FAR,0.6292214645448686,41,1
B23,3,c_noTUR,S5422,B23.BRP.BRP,1.2077155441185667,35,0
B23,3,c_noTUR,S7239,B23.BRP.BRP,-0.056961606755310215,18,10
B23,3,c_noTUR,S9666,B23.BRP.BRP,0.08029874378792537,24,11
B23,3,c_noTUR,S6509,B23.SPA.SPA,0.04709220618517086,29,6
B23,3,c_noTUR,S4862,B23.TUR.TUR,-0.3712902015187176,18,17
B23,3,c_noTUR,S9530,B23.FAR.FAR,-0.14786134300484127,25,10
B23,3,c_noTUR,S7421,B23.FAR.FAR,0.6292214645448686,40,2
B23,3,c_noTUR,S2534,B23.SPA.SPA,0.5596410810265326,29,6
B23,3,c_noTUR,S7985,B23.BRP.BRP,1.2077155441185667,34,1
B23,3,c_noTUR,S9275,B23.SPA.SPA,-0.24172582736714585,18,17
B23,3,c_noTUR,S5527,B23.TUR.TUR,-0.6669274616391996,12,30
B23,3,c_noTUR,S8005,B23.FAR.FAR,0.015620430874979548,21,21
B23,3,c_noTUR,S9215,B23.FAR.FAR,0.5439613460082637,41,1
B23,3,c_noTUR,S3199,B23.TUR.TUR,-0.6226472496762814,13,22
B23,3,c_noTUR,S9981,B23.SPA.SPA,1.0771380117565024,33,2
B23,3,c_noTUR,S8247,B23.TUR.TUR,0.08029874378792537,20,15
B23,3,c_noTUR,S2669,B23.SPA.SPA,0.6691340527751255,33,2
B23,3,c_noTUR,S0582,B23.FAR.FAR,0.4734084707527296,40,2
B23,3,c_noTUR,S8198,B23.FAR.FAR,0.6691340527751255,31,4
B23,3,c_noTUR,S7645,B23.FAR.FAR,0.4734084707527296,34,1
B23,3,c_noTUR,S8954,B23.TUR.TUR,-0.41985321508102785,19,23
B23,3,c_noTUR,S0754,B23.TUR.TUR,0.8888621398261423,35,7
B23,3,c_noTUR,S5774,B23.TUR.TUR,0.19374781858886136,35,7
B23,3,c_noTUR,S0195,B23.SPA.SPA,0.2696031567912246,27,15
B23,3,c_noTUR,S5292,B23.BRP.BRP,1.1439558278762518,36,6
B23,3,c_noTUR,S9562,B23.BRP.BRP,1.2077155441185667,42,0
B23,3,c_noTUR,S2227,B23.SPA.SPA,0.3599593959517934,35,7
B23,3,c_noTUR,S5541,B23.FAR.FAR,0.41298546862284197,36,6
B23,3,c_noTUR,S5218,B23.FAR.FAR,-0.2860060393300641,18,17
B23,3,c_noTUR,S3383,B23.BRP.BRP,0.8888621398261423,41,1
B23,3,c_noTUR,S5237,B23.BRP.BRP,1.1439558278762518,39,3
B23,3,c_noTUR,S2214,B23.FAR.FAR,0.04173363047745942,37,5
B23,3,c_noTUR,S1573,B23.TUR.TUR,0.09764371564894025,18,10
B23,3,c_noTUR,S3842,B23.BRP.BRP,0.4018554444698235,29,6
B23,3,c_noTUR,S0101,B23.SPA.SPA,-0.3712902015187176,18,17
B23,3,c_noTUR,S1895,B23.FAR.FAR,-0.6896423745787781,18,17
B23,3,c_noTUR,S5787,B23.BRP.BRP,-0.4543266445031728,14,21
B23,3,c_noTUR,S2348,B23.BRP.BRP,0.8211482408865273,34,1
B23,3,c_noTUR,S1186,B23.FAR.FAR,0.15319530078120605,30,5
B23,3,c_noTUR,S2368,B23.TUR.TUR,-0.3712902015187176,19,16
B23,3,c_noTUR,S0812,B23.SPA.SPA,0.3404034309925523,31,4
B23,3,c_noTUR,S9445,B23.TUR.TUR,-0.005933866485877943,44,5
B23,3,c_noTUR,S2103,B23.BRP.BRP,-0.2603467089418155,26,16
B23,3,c_noTUR,S9029,B23.TUR.TUR,-0.7365078451575358,12,23
B23,3,c_noTUR,S7149,B23.TUR.TUR,-0.10153451324736959,37,5
B23,3,c_noTUR,S2189,B23.TUR.TUR,-0.1721454438488097,23,12
B23,3,c_noTUR,S1886,B23.SPA.SPA,0.11554051602613445,32,3
B23,3,c_noTUR,S0448,B23.SPA.SPA,-0.1721454438488097,18,17
B23,3,c_noTUR,S7518,B23.BRP.BRP,1.0771380117565024,30,5
B23,3,c_noTUR,S2588,B23.SPA.SPA,-0.3076710320994821,13,22
B23,3,c_noTUR,S5714,B23.TUR.TUR,0.09764371564894025,21,7
B23,3,c_noTUR,S0363,B23.BRP.BRP,0.737768468740415,37,5
B23,3,c_noTUR,S0223,B23.BRP.BRP,0.8211482408865273,34,1
B23,3,c_noTUR,S7540,B23.SPA.SPA,-0.3076710320994821,18,17
B23,3,c_noTUR,S9841,B23.TUR.TUR,-0.8114616764974256,10,25
B23,3,c_noTUR,S7585,B23.SPA.SPA,1.2077155441185667,42,0
B23,3,c_noTUR,S6062,B23.FAR.FAR,-0.1641201361377336,26,16
B23,3,c_noTUR,S9461,B23.SPA.SPA,-0.04304845896803419,24,11
B23,3,c_noTUR,S0015,B23.FAR.FAR,-0.22282689663880115,24,18
B23,3,b_TUR,S9530,B23.FAR.FAR,-0.5164844089256235,22,8
B23,3,b_TUR,S2588,B23.SPA.SPA,-0.49570855328339103,13,17
B23,3,b_TUR,S0812,B23.SPA.SPA,0.8211482408865273,25,5
B23,3,b_TUR,S9461,B23.SPA.SPA,-0.19583848398774076,17,13
B23,3,b_TUR,S7149,B23.TUR.TUR,0.4734084707527296,26,10
B23,3,b_TUR,S4862,B23.TUR.TUR,-0.7365078451575358,14,16
B23,3,b_TUR,S8005,B23.FAR.FAR,-0.2603467089418155,21,15
B23,3,b_TUR,S3383,B23.BRP.BRP,0.41298546862284197,28,8
B23,3,b_TUR,S0363,B23.BRP.BRP,0.12780261385652555,35,1
B23,3,b_TUR,S8954,B23.TUR.TUR,-0.5583804574436538,18,18
B23,3,b_TUR,S0754,B23.TUR.TUR,0.3599593959517934,22,14
B23,3,b_TUR,S0448,B23.SPA.SPA,-0.2640402212888884,11,19
B23,3,b_TUR,S7985,B23.BRP.BRP,0.08029874378792537,25,5
B23,3,b_TUR,S7421,B23.FAR.FAR,0.41298546862284197,32,4
B23,3,b_TUR,S2669,B23.SPA.SPA,0.2863182148277932,24,6
B23,3,b_TUR,S7540,B23.SPA.SPA,-0.43365260370880426,12,18
B23,3,b_TUR,S7239,B23.BRP.BRP,-0.4284801341254189,19,5
B23,3,b_TUR,S9275,B23.SPA.SPA,-0.3712902015187176,18,12
B23,3,b_TUR,S9841,B23.TUR.TUR,-1.0618485897875516,2,28
B23,3,b_TUR,S8234,B23.FAR.FAR,0.4734084707527296,32,4
B23,3,b_TUR,S9445,B23.TUR.TUR,0.03793482479672196,35,7
B23,3,b_TUR,S0195,B23.SPA.SPA,-0.24172582736714585,24,12
B23,3,b_TUR,S2214,B23.FAR.FAR,-0.20361721915900105,19,17
B23,3,b_TUR,S9562,B23.BRP.BRP,-0.033618201486183906,25,11
B23,3,b_TUR,S1573,B23.TUR.TUR,-0.09063215628141826,18,6
B23,3,b_TUR,S3842,B23.BRP.BRP,0.15319530078120605,23,7
B23,3,b_TUR,S1186,B23.FAR.FAR,-0.09719161250891994,23,7
B23,3,b_TUR,S1895,B23.FAR.FAR,-0.7365078451575358,18,12
B23,3,b_TUR,S8198,B23.FAR.FAR,-0.19583848398774076,17,13
B23,3,b_TUR,S5527,B23.TUR.TUR,-0.807118775758976,9,27
B23,3,b_TUR,S0101,B23.SPA.SPA,-0.3712902015187176,19,11
B23,3,b_TUR,S9215,B23.FAR.FAR,0.09764371564894025,36,0
B23,3,b_TUR,S0582,B23.FAR.FAR,-0.10153451324736959,29,7
B23,3,b_TUR,S2103,B23.BRP.BRP,-0.24172582736714585,23,13
B23,3,b_TUR,S9666,B23.BRP.BRP,-0.14786134300484127,19,11
B23,3,b_TUR,S1886,B23.SPA.SPA,-0.04304845896803419,26,4
B23,3,b_TUR,S5292,B23.BRP.BRP,0.6292214645448686,33,3
B23,3,b_TUR,S0015,B23.FAR.FAR,-0.2968732975836594,19,17
B23,3,b_TUR,S5714,B23.TUR.TUR,0.09764371564894025,15,9
B23,3,b_TUR,S2348,B23.BRP.BRP,0.8211482408865273,27,3
B23,3,b_TUR,S5237,B23.BRP.BRP,0.06901996485401188,32,4
B23,3,b_TUR,S0223,B23.BRP.BRP,-0.07061217939882376,25,5
B23,3,b_TUR,S7518,B23.BRP.BRP,0.23783502976871682,25,5
B23,3,b_TUR,S2227,B23.SPA.SPA,0.1597378065839196,31,5
B23,3,b_TUR,S5422,B23.BRP.BRP,1.2077155441185667,30,0
B23,3,b_TUR,S8247,B23.TUR.TUR,-0.3712902015187176,20,10
B23,3,b_TUR,S9029,B23.TUR.TUR,-0.6669274616391996,11,19
B23,3,b_TUR,S5787,B23.BRP.BRP,-0.49570855328339103,17,13
B23,3,b_TUR,S9981,B23.SPA.SPA,0.5596410810265326,29,1
B23,3,b_TUR,S5541,B23.FAR.FAR,-0.056961606755310215,31,5
B23,3,b_TUR,S2189,B23.TUR.TUR,-0.24172582736714585,21,9
B23,3,b_TUR,S3199,B23.TUR.TUR,-0.5164844089256235,12,18
B23,3,b_TUR,S6509,B23.SPA.SPA,-0.1721454438488097,17,13
B23,3,b_TUR,S5218,B23.FAR.FAR,-0.6226472496762814,15,15
B23,3,b_TUR,S7585,B23.SPA.SPA,1.2077155441185667,31,5
B23,3,b_TUR,S2368,B23.TUR.TUR,-0.3921688800807221,17,13
B23,3,b_TUR,S6062,B23.FAR.FAR,-0.5234307972158463,18,18
B23,3,b_TUR,S2534,B23.SPA.SPA,-0.24172582736714585,25,5
B23,3,b_TUR,S7645,B23.FAR.FAR,0.23783502976871682,26,4
B23,3,b_TUR,S5774,B23.TUR.TUR,-0.0094577366867102,18,18
B23,3,c_noFAR,S7149,B23.TUR.TUR,-0.033618201486183906,30,6
B23,3,c_noFAR,S3383,B23.BRP.BRP,0.737768468740415,36,0
B23,3,c_noFAR,S0448,B23.SPA.SPA,-0.3290794837951988,20,10
B23,3,c_noFAR,S6509,B23.SPA.SPA,-0.2640402212888884,28,2
B23,3,c_noFAR,S5541,B23.FAR.FAR,-0.10153451324736959,34,2
B23,3,c_noFAR,S3842,B23.BRP.BRP,0.04709220618517086,22,8
B23,3,c_noFAR,S3199,B23.TUR.TUR,-0.5164844089256235,20,10
B23,3,c_noFAR,S2669,B23.SPA.SPA,0.19374781858886136,28,2
B23,3,c_noFAR,S2348,B23.BRP.BRP,0.4018554444698235,24,6
B23,3,c_noFAR,S9029,B23.TUR.TUR,-0.8380411096075218,9,21
B23,3,c_noFAR,S9461,B23.SPA.SPA,-0.14786134300484127,24,6
B23,3,c_noFAR,S1573,B23.TUR.TUR,-0.1539919515449363,21,3
B23,3,c_noFAR,S9530,B23.FAR.FAR,-0.3502728315626918,20,10
B23,3,c_noFAR,S2588,B23.SPA.SPA,-0.712814805018605,14,16
B23,3,c_noFAR,S6062,B23.FAR.FAR,-0.3852224917904992,25,11
B23,3,c_noFAR,S1886,B23.SPA.SPA,-0.3076710320994821,23,7
B23,3,c_noFAR,S2103,B23.BRP.BRP,-0.5234307972158463,30,6
B23,3,c_noFAR,S5292,B23.BRP.BRP,0.3599593959517934,36,0
B23,3,c_noFAR,S2534,B23.SPA.SPA,-0.21901091442756748,24,6
B23,3,c_noFAR,S0223,B23.BRP.BRP,-0.04304845896803419,27,3
B23,3,c_noFAR,S5422,B23.BRP.BRP,1.2077155441185667,30,0
B23,3,c_noFAR,S7985,B23.BRP.BRP,0.6691340527751255,30,0
B23,3,c_noFAR,S0195,B23.SPA.SPA,-0.0094577366867102,25,11
B23,3,c_noFAR,S8005,B23.FAR.FAR,-0.07957504760987796,27,9
B23,3,c_noFAR,S7585,B23.SPA.SPA,1.2077155441185667,36,0
B23,3,c_noFAR,S9562,B23.BRP.BRP,0.3599593959517934,36,0
B23,3,c_noFAR,S5714,B23.TUR.TUR,0.09764371564894025,19,5
B23,3,c_noFAR,S5774,B23.TUR.TUR,0.3599593959517934,32,4
B23,3,c_noFAR,S9275,B23.SPA.SPA,-0.49570855328339103,21,9
B23,3,c_noFAR,S0812,B23.SPA.SPA,0.19374781858886136,28,2
B23,3,c_noFAR,S5787,B23.BRP.BRP,-0.5583804574436538,18,12
B23,3,c_noFAR,S0582,B23.FAR.FAR,0.3599593959517934,34,2
B23,3,c_noFAR,S0101,B23.SPA.SPA,-0.2860060393300641,18,12
B23,3,c_noFAR,S0363,B23.BRP.BRP,0.5439613460082637,33,3
B23,3,c_noFAR,S2189,B23.TUR.TUR,-0.3921688800807221,27,3
B23,3,c_noFAR,S1895,B23.FAR.FAR,-0.537363087487628,13,17
B23,3,c_noFAR,S7239,B23.BRP.BRP,-0.24172582736714585,20,4
B23,3,c_noFAR,S2227,B23.SPA.SPA,0.04173363047745942,27,9
B23,3,c_noFAR,S7540,B23.SPA.SPA,-0.5164844089256235,16,14
B23,3,c_noFAR,S1186,B23.FAR.FAR,0.15319530078120605,26,4
B23,3,c_noFAR,S8198,B23.FAR.FAR,-0.04304845896803419,26,4
B23,3,c_noFAR,S5237,B23.BRP.BRP,0.04173363047745942,34,2
B23,3,c_noFAR,S4862,B23.TUR.TUR,-0.6009822569068635,14,16
B23,3,c_noFAR,S2368,B23.TUR.TUR,-0.3076710320994821,16,14
B23,3,c_noFAR,S8247,B23.TUR.TUR,-0.3502728315626918,21,9
B23,3,c_noFAR,S9981,B23.SPA.SPA,1.2077155441185667,30,0
B23,3,c_noFAR,S0015,B23.FAR.FAR,-0.3502728315626918,24,12
B23,3,c_noFAR,S9445,B23.TUR.TUR,0.03793482479672196,33,9
B23,3,c_noFAR,S9841,B23.TUR.TUR,-1.102401107595207,5,25
B23,3,c_noFAR,S0754,B23.TUR.TUR,0.6292214645448686,34,2
B23,3,c_noFAR,S8234,B23.FAR.FAR,0.19374781858886136,35,1
B23,3,c_noFAR,S9666,B23.BRP.BRP,-0.19583848398774076,18,12
B23,3,c_noFAR,S5218,B23.FAR.FAR,-0.43365260370880426,19,11
B23,3,c_noFAR,S7421,B23.FAR.FAR,0.2696031567912246,35,1
B23,3,c_noFAR,S9215,B23.FAR.FAR,0.3599593959517934,35,1
B23,3,c_noFAR,S7645,B23.FAR.FAR,0.5596410810265326,30,0
B23,3,c_noFAR,S7518,B23.BRP.BRP,0.6691340527751255,29,1
B23,3,c_noFAR,S5527,B23.TUR.TUR,-0.6117799914226862,14,22
B23,3,c_noFAR,S2214,B23.FAR.FAR,-0.24172582736714585,28,8
B23,3,c_noFAR,S8954,B23.TUR.TUR,-0.3852224917904992,21,15
B23,3,b_SPA,S0015,B23.FAR.FAR,-0.27871980527978585,29,19
B23,3,b_SPA,S0582,B23.FAR.FAR,0.015620430874979548,43,5
B23,3,b_SPA,S9029,B23.TUR.TUR,-1.02419380503248,11,29
B23,3,b_SPA,S8247,B23.TUR.TUR,-0.3921688800807221,27,13
B23,3,b_SPA,S5541,B23.FAR.FAR,-0.43709971041579193,44,4
B23,3,b_SPA,S9666,B23.BRP.BRP,-0.2640402212888884,28,12
B23,3,b_SPA,S1186,B23.FAR.FAR,-0.04304845896803419,38,2
B23,3,b_SPA,S0101,B23.SPA.SPA,-0.3076710320994821,23,17
B23,3,b_SPA,S6062,B23.FAR.FAR,-0.4715535785905537,25,23
B23,3,b_SPA,S8005,B23.FAR.FAR,-0.056961606755310215,43,5
B23,3,b_SPA,S3383,B23.BRP.BRP,0.737768468740415,46,2
B23,3,b_SPA,S5237,B23.BRP.BRP,0.2302086005088632,44,4
B23,3,b_SPA,S2103,B23.BRP.BRP,-0.4715535785905537,31,17
B23,3,b_SPA,S8954,B23.TUR.TUR,-0.7245920348065855,29,19
B23,3,b_SPA,S9841,B23.TUR.TUR,-1.1949715038341389,7,33
B23,3,b_SPA,S1573,B23.TUR.TUR,-0.2695624238913371,25,7
B23,3,b_SPA,S0812,B23.SPA.SPA,0.19374781858886136,39,1
B23,3,b_SPA,S7585,B23.SPA.SPA,0.3599593959517934,47,1
B23,3,b_SPA,S5292,B23.BRP.BRP,0.6292214645448686,43,5
B23,3,b_SPA,S5527,B23.TUR.TUR,-0.6299334837265597,26,22
B23,3,b_SPA,S5422,B23.BRP.BRP,1.2077155441185667,40,0
B23,3,b_SPA,S2348,B23.BRP.BRP,0.23783502976871682,35,5
B23,3,b_SPA,S7239,B23.BRP.BRP,-0.2968732975836594,28,4
B23,3,b_SPA,S0195,B23.SPA.SPA,-0.20361721915900105,31,17
B23,3,b_SPA,S9445,B23.TUR.TUR,0.2580146108214891,50,6
B23,3,b_SPA,S8234,B23.FAR.FAR,0.12780261385652555,48,0
B23,3,b_SPA,S2189,B23.TUR.TUR,-0.49570855328339103,35,5
B23,3,b_SPA,S9530,B23.FAR.FAR,-0.3921688800807221,33,7
B23,3,b_SPA,S8198,B23.FAR.FAR,-0.14786134300484127,40,0
B23,3,b_SPA,S5714,B23.TUR.TUR,-0.056961606755310215,30,2
B23,3,b_SPA,S0223,B23.BRP.BRP,0.23783502976871682,38,2
B23,3,b_SPA,S7421,B23.FAR.FAR,0.2696031567912246,45,3
B23,3,b_SPA,S2214,B23.FAR.FAR,-0.2603467089418155,43,5
B23,3,b_SPA,S0363,B23.BRP.BRP,0.2696031567912246,44,4
B23,3,b_SPA,S3199,B23.TUR.TUR,-0.5583804574436538,16,24
B23,3,b_SPA,S9461,B23.SPA.SPA,-0.21901091442756748,31,9
B23,3,b_SPA,S2368,B23.TUR.TUR,-0.4543266445031728,26,14
B23,3,b_SPA,S5787,B23.BRP.BRP,-0.2860060393300641,36,4
B23,3,b_SPA,S2669,B23.SPA.SPA,0.015620430874979548,40,0
B23,3,b_SPA,S0448,B23.SPA.SPA,-0.3712902015187176,27,13
B23,3,b_SPA,S7149,B23.TUR.TUR,0.015620430874979548,35,13
B23,3,b_SPA,S9981,B23.SPA.SPA,0.5596410810265326,40,0
B23,3,b_SPA,S9215,B23.FAR.FAR,0.41298546862284197,46,2
B23,3,b_SPA,S2588,B23.SPA.SPA,-0.49570855328339103,20,20
B23,3,b_SPA,S1886,B23.SPA.SPA,-0.014359807292100471,32,8
B23,3,b_SPA,S2227,B23.SPA.SPA,-0.0094577366867102,43,5
B23,3,b_SPA,S7518,B23.BRP.BRP,0.5596410810265326,38,2
B23,3,b_SPA,S5218,B23.FAR.FAR,-0.6669274616391996,24,16
B23,3,b_SPA,S7645,B23.FAR.FAR,0.3404034309925523,37,3
B23,3,b_SPA,S1895,B23.FAR.FAR,-0.6669274616391996,14,26
B23,3,b_SPA,S6509,B23.SPA.SPA,0.08029874378792537,33,7
B23,3,b_SPA,S9562,B23.BRP.BRP,0.4734084707527296,43,5
B23,3,b_SPA,S7985,B23.BRP.BRP,0.4734084707527296,39,1
B23,3,b_SPA,S3842,B23.BRP.BRP,0.15319530078120605,40,0
B23,3,b_SPA,S0754,B23.TUR.TUR,0.2302086005088632,46,2
B23,3,b_SPA,S7540,B23.SPA.SPA,-0.712814805018605,26,14
B23,3,b_SPA,S5774,B23.TUR.TUR,-0.0094577366867102,42,6
B23,3,b_SPA,S4862,B23.TUR.TUR,-0.49570855328339103,18,22
B23,3,b_SPA,S2534,B23.SPA.SPA,-0.09719161250891994,33,7
B23,3,b_SPA,S9275,B23.SPA.SPA,-0.3290794837951988,21,19
B23,3,c_noBRP,S9530,B23.FAR.FAR,-0.4543266445031728,26,14
B23,3,c_noBRP,S5787,B23.BRP.BRP,-0.24172582736714585,28,12
B23,3,c_noBRP,S2669,B23.SPA.SPA,0.4734084707527296,40,0
B23,3,c_noBRP,S9666,B23.BRP.BRP,-0.014359807292100471,30,10
B23,3,c_noBRP,S0582,B23.FAR.FAR,0.41298546862284197,47,1
B23,3,c_noBRP,S2227,B23.SPA.SPA,0.04173363047745942,44,4
B23,3,c_noBRP,S9215,B23.FAR.FAR,0.737768468740415,47,1
B23,3,c_noBRP,S5218,B23.FAR.FAR,-0.2860060393300641,18,22
B23,3,c_noBRP,S0195,B23.SPA.SPA,-0.24172582736714585,32,16
B23,3,c_noBRP,S8005,B23.FAR.FAR,-0.10153451324736959,32,16
B23,3,c_noBRP,S9461,B23.SPA.SPA,-0.2640402212888884,26,14
B23,3,c_noBRP,S1886,B23.SPA.SPA,-0.09719161250891994,33,7
B23,3,c_noBRP,S7149,B23.TUR.TUR,-0.07957504760987796,38,10
B23,3,c_noBRP,S9562,B23.BRP.BRP,0.015620430874979548,48,0
B23,3,c_noBRP,S1895,B23.FAR.FAR,-0.6009822569068635,12,28
B23,3,c_noBRP,S2368,B23.TUR.TUR,-0.3076710320994821,28,12
B23,3,c_noBRP,S2348,B23.BRP.BRP,0.3404034309925523,40,0
B23,3,c_noBRP,S0223,B23.BRP.BRP,0.15319530078120605,36,4
B23,3,c_noBRP,S7421,B23.FAR.FAR,0.3599593959517934,48,0
B23,3,c_noBRP,S4862,B23.TUR.TUR,-0.3290794837951988,23,17
B23,3,c_noBRP,S9029,B23.TUR.TUR,-0.8380411096075218,9,31
B23,3,c_noBRP,S2588,B23.SPA.SPA,-0.7857464775186993,17,23
B23,3,c_noBRP,S0015,B23.FAR.FAR,-0.33262556361667683,34,14
B23,3,c_noBRP,S7585,B23.SPA.SPA,0.6292214645448686,47,1
B23,3,c_noBRP,S2214,B23.FAR.FAR,-0.1641201361377336,36,12
B23,3,c_noBRP,S5541,B23.FAR.FAR,0.015620430874979548,45,3
B23,3,c_noBRP,S5774,B23.TUR.TUR,-0.24172582736714585,41,7
B23,3,c_noBRP,S6509,B23.SPA.SPA,0.11554051602613445,34,6
B23,3,c_noBRP,S5422,B23.BRP.BRP,1.2077155441185667,40,0
B23,3,c_noBRP,S7239,B23.BRP.BRP,-0.18406125419975983,27,5
B23,3,c_noBRP,S8234,B23.FAR.FAR,0.6292214645448686,47,1
B23,3,c_noBRP,S5292,B23.BRP.BRP,0.1597378065839196,44,4
B23,3,c_noBRP,S9841,B23.TUR.TUR,-0.9557454951915163,9,31
B23,3,c_noBRP,S2103,B23.BRP.BRP,-0.33262556361667683,35,13
B23,3,c_noBRP,S3199,B23.TUR.TUR,-0.3290794837951988,16,24
B23,3,c_noBRP,S9445,B23.TUR.TUR,0.37447068716072973,48,8
B23,3,c_noBRP,S0812,B23.SPA.SPA,-0.04304845896803419,37,3
B23,3,c_noBRP,S8954,B23.TUR.TUR,-0.5060858253548313,29,19
B23,3,c_noBRP,S5527,B23.TUR.TUR,-0.64830658006453,15,33
B23,3,c_noBRP,S6062,B23.FAR.FAR,-0.3502728315626918,35,13
B23,3,c_noBRP,S7645,B23.FAR.FAR,0.8211482408865273,36,4
B23,3,c_noBRP,S7985,B23.BRP.BRP,0.4734084707527296,40,0
B23,3,c_noBRP,S8247,B23.TUR.TUR,-0.09719161250891994,30,10
B23,3,c_noBRP,S2189,B23.TUR.TUR,-0.07061217939882376,27,13
B23,3,c_noBRP,S9275,B23.SPA.SPA,-0.09719161250891994,21,19
B23,3,c_noBRP,S3383,B23.BRP.BRP,1.1439558278762518,44,4
B23,3,c_noBRP,S0101,B23.SPA.SPA,-0.3076710320994821,24,16
B23,3,c_noBRP,S1573,B23.TUR.TUR,-0.056961606755310215,24,8
B23,3,c_noBRP,S2534,B23.SPA.SPA,-0.014359807292100471,33,7
B23,3,c_noBRP,S1186,B23.FAR.FAR,-0.014359807292100471,35,5
B23,3,c_noBRP,S9981,B23.SPA.SPA,1.0771380117565024,40,0
B23,3,c_noBRP,S7540,B23.SPA.SPA,-0.6009822569068635,25,15
B23,3,c_noBRP,S3842,B23.BRP.BRP,0.23783502976871682,37,3
B23,3,c_noBRP,S0363,B23.BRP.BRP,0.2302086005088632,48,0
B23,3,c_noBRP,S0754,B23.TUR.TUR,0.41298546862284197,41,7
B23,3,c_noBRP,S7518,B23.BRP.BRP,0.2863182148277932,37,3
B23,3,c_noBRP,S8198,B23.FAR.FAR,0.15319530078120605,34,6
B23,3,c_noBRP,S5714,B23.TUR.TUR,0.09764371564894025,30,2
B23,3,c_noBRP,S5237,B23.BRP.BRP,0.2302086005088632,40,8
B23,3,c_noBRP,S0448,B23.SPA.SPA,-0.43365260370880426,28,12
B23,3,b_FAR,S0448,B23.SPA.SPA,-0.1721454438488097,18,17
B23,3,b_FAR,S7645,B23.FAR.FAR,0.5596410810265326,34,1
B23,3,b_FAR,S5237,B23.BRP.BRP,0.12780261385652555,34,8
B23,3,b_FAR,S5218,B23.FAR.FAR,-0.3290794837951988,22,13
B23,3,b_FAR,S2534,B23.SPA.SPA,-0.19583848398774076,25,10
B23,3,b_FAR,S9215,B23.FAR.FAR,0.8888621398261423,40,2
B23,3,b_FAR,S8234,B23.FAR.FAR,1.1439558278762518,42,0
B23,3,b_FAR,S1573,B23.TUR.TUR,-0.12290681148764636,23,5
B23,3,b_FAR,S3383,B23.BRP.BRP,0.6292214645448686,42,0
B23,3,b_FAR,S9275,B23.SPA.SPA,-0.3502728315626918,23,12
B23,3,b_FAR,S2214,B23.FAR.FAR,-0.1641201361377336,34,8
B23,3,b_FAR,S6509,B23.SPA.SPA,0.15319530078120605,30,5
B23,3,b_FAR,S0582,B23.FAR.FAR,0.737768468740415,39,3
B23,3,b_FAR,S4862,B23.TUR.TUR,-0.49570855328339103,21,14
B23,3,b_FAR,S1886,B23.SPA.SPA,0.3404034309925523,29,6
B23,3,b_FAR,S3199,B23.TUR.TUR,-0.49570855328339103,25,10
B23,3,b_FAR,S2368,B23.TUR.TUR,-0.3921688800807221,17,18
B23,3,b_FAR,S6062,B23.FAR.FAR,-0.33262556361667683,20,22
B23,3,b_FAR,S0101,B23.SPA.SPA,-0.3712902015187176,20,15
B23,3,b_FAR,S9981,B23.SPA.SPA,1.0771380117565024,34,1
B23,3,b_FAR,S2588,B23.SPA.SPA,-0.4543266445031728,15,20
B23,3,b_FAR,S2227,B23.SPA.SPA,0.1597378065839196,35,7
B23,3,b_FAR,S0363,B23.BRP.BRP,0.5439613460082637,42,0
B23,3,b_FAR,S5541,B23.FAR.FAR,0.1597378065839196,35,7
B23,3,b_FAR,S2669,B23.SPA.SPA,1.0771380117565024,34,1
B23,3,b_FAR,S1186,B23.FAR.FAR,0.23783502976871682,28,7
B23,3,b_FAR,S7540,B23.SPA.SPA,-0.49570855328339103,18,17
B23,3,b_FAR,S5422,B23.BRP.BRP,1.2077155441185667,35,0
B23,3,b_FAR,S9461,B23.SPA.SPA,-0.09719161250891994,22,13
B23,3,b_FAR,S0812,B23.SPA.SPA,1.2077155441185667,35,0
B23,3,b_FAR,S7585,B23.SPA.SPA,1.2077155441185667,41,1
B23,3,b_FAR,S9029,B23.TUR.TUR,-1.0618485897875516,8,27
B23,3,b_FAR,S9445,B23.TUR.TUR,0.2580146108214891,43,6
B23,3,b_FAR,S2189,B23.TUR.TUR,-0.014359807292100471,24,11
B23,3,b_FAR,S5527,B23.TUR.TUR,-0.7445331528686119,14,28
B23,3,b_FAR,S5714,B23.TUR.TUR,0.14353105902834573,22,6
B23,3,b_FAR,S7518,B23.BRP.BRP,0.8211482408865273,35,0
B23,3,b_FAR,S8247,B23.TUR.TUR,-0.3502728315626918,20,15
B23,3,b_FAR,S5292,B23.BRP.BRP,0.8888621398261423,37,5
B23,3,b_FAR,S9562,B23.BRP.BRP,0.6292214645448686,35,7
B23,3,b_FAR,S0754,B23.TUR.TUR,0.19374781858886136,36,6
B23,3,b_FAR,S8954,B23.TUR.TUR,-0.5408553638763207,21,21
B23,3,b_FAR,S5774,B23.TUR.TUR,0.09764371564894025,39,3
B23,3,b_FAR,S8005,B23.FAR.FAR,-0.033618201486183906,32,10
B23,3,b_FAR,S2103,B23.BRP.BRP,-0.12290681148764636,34,8
B23,3,b_FAR,S1895,B23.FAR.FAR,-0.7607919460015043,13,22
B23,3,b_FAR,S3842,B23.BRP.BRP,0.19374781858886136,33,2
B23,3,b_FAR,S0015,B23.FAR.FAR,-0.20361721915900105,29,13
B23,3,b_FAR,S9841,B23.TUR.TUR,-1.0618485897875516,4,31
B23,3,b_FAR,S9666,B23.BRP.BRP,0.08029874378792537,30,5
B23,3,b_FAR,S7985,B23.BRP.BRP,0.6691340527751255,34,1
B23,3,b_FAR,S7421,B23.FAR.FAR,0.2302086005088632,41,1
B23,3,b_FAR,S9530,B23.FAR.FAR,-0.014359807292100471,27,8
B23,3,b_FAR,S8198,B23.FAR.FAR,-0.07061217939882376,32,3
B23,3,b_FAR,S0223,B23.BRP.BRP,1.0771380117565024,32,3
B23,3,b_FAR,S0195,B23.SPA.SPA,0.1597378065839196,37,5
B23,3,b_FAR,S7149,B23.TUR.TUR,0.09764371564894025,33,9
B23,3,b_FAR,S7239,B23.BRP.BRP,0.015620430874979548,22,6
B23,3,b_FAR,S5787,B23.BRP.BRP,-0.07061217939882376,11,24
B23,3,b_FAR,S2348,B23.BRP.BRP,0.6691340527751255,30,5
B23,3,a_control,S1895,B23.FAR.FAR,-0.5350370521745275,28,17
B23,3,a_control,S0223,B23.BRP.BRP,0.12780261385652555,34,11
B23,3,a_control,S9461,B23.SPA.SPA,-0.2738429146141634,31,14
B23,3,a_control,S5774,B23.TUR.TUR,0.29780163152934236,50,4
B23,3,a_control,S8198,B23.FAR.FAR,-0.06760052798882372,37,8
B23,3,a_control,S2588,B23.SPA.SPA,-0.5187985386662457,18,27
B23,3,a_control,S9275,B23.SPA.SPA,-0.5187985386662457,24,21
B23,3,a_control,S9029,B23.TUR.TUR,-0.7418505899321165,15,30
B23,3,a_control,S2534,B23.SPA.SPA,0.07275525358934969,36,9
B23,3,a_control,S9841,B23.TUR.TUR,-1.1674317802482927,8,37
B23,3,a_control,S6062,B23.FAR.FAR,-0.562290736010671,24,30
B23,3,a_control,S7149,B23.TUR.TUR,-0.17303304489460536,44,10
B23,3,a_control,S7239,B23.BRP.BRP,-0.47442610655137607,18,18
B23,3,a_control,S0015,B23.FAR.FAR,-0.20361721915900105,29,25
B23,3,a_control,S8005,B23.FAR.FAR,-0.10872078760696878,34,20
B23,3,a_control,S7985,B23.BRP.BRP,0.7636149791181688,44,1
B23,3,a_control,S5218,B23.FAR.FAR,-0.4864987051137199,20,25
B23,3,a_control,S5237,B23.BRP.BRP,0.0597846398719746,49,5
B23,3,a_control,S0582,B23.FAR.FAR,-0.020302688843146025,46,8
B23,3,a_control,S0195,B23.SPA.SPA,-0.3048779893042686,32,22
B23,3,a_control,S5787,B23.BRP.BRP,-0.38985475034010003,4,41
B23,3,a_control,S2103,B23.BRP.BRP,-0.6319635952000177,36,18
B23,3,a_control,S1186,B23.FAR.FAR,-0.10872078760696878,33,12
B23,3,a_control,S8234,B23.FAR.FAR,0.12780261385652555,54,0
B23,3,a_control,S0363,B23.BRP.BRP,0.41298546862284197,50,4
B23,3,a_control,S9215,B23.FAR.FAR,0.6399128018707355,50,4
B23,3,a_control,S5422,B23.BRP.BRP,1.2077155441185667,45,0
B23,3,a_control,S0101,B23.SPA.SPA,-0.22155629611208877,25,20
B23,3,a_control,S5292,B23.BRP.BRP,0.3712047756295174,47,7
B23,3,a_control,S2348,B23.BRP.BRP,0.4401254886300565,39,6
B23,3,a_control,S7421,B23.FAR.FAR,0.5111193909113019,49,5
B23,3,a_control,S7540,B23.SPA.SPA,-0.40602870771685157,23,22
B23,3,a_control,S2368,B23.TUR.TUR,-0.38985475034010003,16,29
B23,3,a_control,S3199,B23.TUR.TUR,-0.8410527610175217,14,31
B23,3,a_control,S0448,B23.SPA.SPA,-0.3736162368318181,17,28
B23,3,a_control,S3383,B23.BRP.BRP,0.6399128018707355,53,1
B23,3,a_control,S9530,B23.FAR.FAR,-0.29084487062335196,19,26
B23,3,a_control,S7585,B23.SPA.SPA,0.5111193909113019,54,0
B23,3,a_control,S0812,B23.SPA.SPA,0.5002131200871932,42,3
B23,3,a_control,S2227,B23.SPA.SPA,0.29780163152934236,42,12
B23,3,a_control,S8954,B23.TUR.TUR,-0.48113129383763653,25,29
B23,3,a_control,S2669,B23.SPA.SPA,0.12780261385652555,40,5
B23,3,a_control,S5527,B23.TUR.TUR,-0.9474302497938542,12,42
B23,3,a_control,S5541,B23.FAR.FAR,0.17835412332029502,40,14
B23,3,a_control,S5714,B23.TUR.TUR,-0.15738024090979125,27,9
B23,3,a_control,S9981,B23.SPA.SPA,0.7636149791181688,45,0
B23,3,a_control,S1573,B23.TUR.TUR,-0.10872078760696878,25,11
B23,3,a_control,S9445,B23.TUR.TUR,0.17082720383502636,49,14
B23,3,a_control,S7645,B23.FAR.FAR,0.4401254886300565,39,6
B23,3,a_control,S2189,B23.TUR.TUR,-0.2738429146141634,21,24
B23,3,a_control,S9666,B23.BRP.BRP,-0.4704047245447975,26,19
B23,3,a_control,S2214,B23.FAR.FAR,-0.001205730601150439,44,10
B23,3,a_control,S4862,B23.TUR.TUR,-0.4704047245447975,17,28
B23,3,a_control,S1886,B23.SPA.SPA,-0.024057365237555414,33,12
B23,3,a_control,S6509,B23.SPA.SPA,-0.08843338206550161,34,11
B23,3,a_control,S3842,B23.BRP.BRP,0.09960413911840744,40,5
B23,3,a_control,S7518,B23.BRP.BRP,0.38744328913779896,41,4
B23,3,a_control,S9562,B23.BRP.BRP,0.01846845539024248,50,4
B23,3,a_control,S0754,B23.TUR.TUR,0.5111193909113019,46,8
B23,3,a_control,S8247,B23.TUR.TUR,-0.4543266445031728,17,28
