dataset_id,feature_key,scope,fold,model_id,n_rows,predictor_oof_total_trials,predictor_oof_total_log_loss,M_predictor,layer,measure,variant,selection_stratum
B23,cnn_2::between_type_phoneme,oof_all,,M_predictor,10080,54096,30778.8332468749,0.568966896755304,cnn_2,between_type_phoneme,base,order_independent_168_participants
B23,cnn_2::between_type_sentence,oof_all,,M_predictor,10080,54096,30779.4124691976,0.568977604059405,cnn_2,between_type_sentence,base,order_independent_168_participants
B23,cnn_2::between_type_word,oof_all,,M_predictor,10080,54096,30788.7716074009,0.569150613860561,cnn_2,between_type_word,base,order_independent_168_participants
B23,cnn_2::mean_dissimilarity_phoneme,oof_all,,M_predictor,10080,54096,30767.895174465,0.568764699320929,cnn_2,mean_dissimilarity_phoneme,base,order_independent_168_participants
B23,cnn_2::mean_dissimilarity_word,oof_all,,M_predictor,10080,54096,30782.2593369974,0.569030230275757,cnn_2,mean_dissimilarity_word,base,order_independent_168_participants
B23,cnn_2::order_phoneme,oof_all,,M_predictor,10080,54096,30847.218731803,0.570231047245693,cnn_2,order_phoneme,base,order_independent_168_participants
B23,cnn_2::order_sentence,oof_all,,M_predictor,10080,54096,30830.5785548376,0.569923442672981,cnn_2,order_sentence,base,order_independent_168_participants
B23,cnn_2::order_word,oof_all,,M_predictor,10080,54096,30858.3381032297,0.570436596111166,cnn_2,order_word,base,order_independent_168_participants
B23,cnn_2::overall,oof_all,,M_predictor,10080,54096,30775.910413073,0.568912866257635,cnn_2,overall,base,order_independent_168_participants
B23,cnn_2::within_token_phoneme,oof_all,,M_predictor,10080,54096,30785.8473972834,0.569096557920797,cnn_2,within_token_phoneme,base,order_independent_168_participants
B23,cnn_2::within_token_sentence,oof_all,,M_predictor,10080,54096,30789.0507570298,0.569155774124331,cnn_2,within_token_sentence,base,order_independent_168_participants
B23,cnn_2::within_token_word,oof_all,,M_predictor,10080,54096,30791.8362848415,0.569207266430817,cnn_2,within_token_word,base,order_independent_168_participants
B23,cnn_2::within_type_phoneme,oof_all,,M_predictor,10080,54096,30767.0804936231,0.568749639411844,cnn_2,within_type_phoneme,base,order_independent_168_participants
B23,cnn_2::within_type_word,oof_all,,M_predictor,10080,54096,30783.5310590177,0.569053738890449,cnn_2,within_type_word,base,order_independent_168_participants
B23,cnn_3::between_type_phoneme,oof_all,,M_predictor,10080,54096,30856.9806381869,0.570411502480533,cnn_3,between_type_phoneme,base,order_independent_168_participants
B23,cnn_3::between_type_sentence,oof_all,,M_predictor,10080,54096,30786.6076646226,0.569110611960636,cnn_3,between_type_sentence,base,order_independent_168_participants
B23,cnn_3::between_type_word,oof_all,,M_predictor,10080,54096,30804.9145005891,0.569449025816865,cnn_3,between_type_word,base,order_independent_168_participants
B23,cnn_3::mean_dissimilarity_phoneme,oof_all,,M_predictor,10080,54096,30795.1130285854,0.569267839185622,cnn_3,mean_dissimilarity_phoneme,base,order_independent_168_participants
B23,cnn_3::mean_dissimilarity_word,oof_all,,M_predictor,10080,54096,30790.0462391808,0.569174176264064,cnn_3,mean_dissimilarity_word,base,order_independent_168_participants
B23,cnn_3::order_phoneme,oof_all,,M_predictor,10080,54096,30880.6007020933,0.570848134836093,cnn_3,order_phoneme,base,order_independent_168_participants
B23,cnn_3::order_sentence,oof_all,,M_predictor,10080,54096,30882.410581676,0.570881591645889,cnn_3,order_sentence,base,order_independent_168_participants
B23,cnn_3::order_word,oof_all,,M_predictor,10080,54096,30881.0753169789,0.570856908403188,cnn_3,order_word,base,order_independent_168_participants
B23,cnn_3::overall,oof_all,,M_predictor,10080,54096,30857.7141838607,0.570425062552883,cnn_3,overall,base,order_independent_168_participants
B23,cnn_3::within_token_phoneme,oof_all,,M_predictor,10080,54096,30869.0226067256,0.570634106158044,cnn_3,within_token_phoneme,base,order_independent_168_participants
B23,cnn_3::within_token_sentence,oof_all,,M_predictor,10080,54096,30874.3607981256,0.570732786123292,cnn_3,within_token_sentence,base,order_independent_168_participants
B23,cnn_3::within_token_word,oof_all,,M_predictor,10080,54096,30875.3923361347,0.570751854779182,cnn_3,within_token_word,base,order_independent_168_participants
B23,cnn_3::within_type_phoneme,oof_all,,M_predictor,10080,54096,30792.3068864107,0.56921596580913,cnn_3,within_type_phoneme,base,order_independent_168_participants
B23,cnn_3::within_type_word,oof_all,,M_predictor,10080,54096,30786.3094921598,0.56910510004732,cnn_3,within_type_word,base,order_independent_168_participants
B23,cnn_4::between_type_phoneme,oof_all,,M_predictor,10080,54096,30828.2833359876,0.569881014048869,cnn_4,between_type_phoneme,base,order_independent_168_participants
B23,cnn_4::between_type_sentence,oof_all,,M_predictor,10080,54096,30788.4312280235,0.569144321724776,cnn_4,between_type_sentence,base,order_independent_168_participants
B23,cnn_4::between_type_word,oof_all,,M_predictor,10080,54096,30785.808789688,0.569095844234101,cnn_4,between_type_word,base,order_independent_168_participants
B23,cnn_4::mean_dissimilarity_phoneme,oof_all,,M_predictor,10080,54096,30786.4741300664,0.569108143486883,cnn_4,mean_dissimilarity_phoneme,base,order_independent_168_participants
B23,cnn_4::mean_dissimilarity_word,oof_all,,M_predictor,10080,54096,30789.22776474,0.569159046227818,cnn_4,mean_dissimilarity_word,base,order_independent_168_participants
B23,cnn_4::order_phoneme,oof_all,,M_predictor,10080,54096,30856.4437328324,0.570401577433312,cnn_4,order_phoneme,base,order_independent_168_participants
B23,cnn_4::order_sentence,oof_all,,M_predictor,10080,54096,30859.097257588,0.570450629576826,cnn_4,order_sentence,base,order_independent_168_participants
B23,cnn_4::order_word,oof_all,,M_predictor,10080,54096,30837.9597877454,0.570059889598961,cnn_4,order_word,base,order_independent_168_participants
B23,cnn_4::overall,oof_all,,M_predictor,10080,54096,30780.5528544225,0.56899868482739,cnn_4,overall,base,order_independent_168_participants
B23,cnn_4::within_token_phoneme,oof_all,,M_predictor,10080,54096,30800.791735634,0.569372813805716,cnn_4,within_token_phoneme,base,order_independent_168_participants
B23,cnn_4::within_token_sentence,oof_all,,M_predictor,10080,54096,30805.494054142,0.569459739243975,cnn_4,within_token_sentence,base,order_independent_168_participants
B23,cnn_4::within_token_word,oof_all,,M_predictor,10080,54096,30811.5053433374,0.569570861862936,cnn_4,within_token_word,base,order_independent_168_participants
B23,cnn_4::within_type_phoneme,oof_all,,M_predictor,10080,54096,30789.0660709367,0.569156057211932,cnn_4,within_type_phoneme,base,order_independent_168_participants
B23,cnn_4::within_type_word,oof_all,,M_predictor,10080,54096,30788.526315314,0.569146079475637,cnn_4,within_type_word,base,order_independent_168_participants
B23,cnn_5::between_type_phoneme,oof_all,,M_predictor,10080,54096,30836.9215913759,0.570040697858916,cnn_5,between_type_phoneme,base,order_independent_168_participants
B23,cnn_5::between_type_sentence,oof_all,,M_predictor,10080,54096,30788.0896349588,0.569138007153188,cnn_5,between_type_sentence,base,order_independent_168_participants
B23,cnn_5::between_type_word,oof_all,,M_predictor,10080,54096,30792.3041852513,0.56921591587643,cnn_5,between_type_word,base,order_independent_168_participants
B23,cnn_5::mean_dissimilarity_phoneme,oof_all,,M_predictor,10080,54096,30787.3279943461,0.569123927727487,cnn_5,mean_dissimilarity_phoneme,base,order_independent_168_participants
B23,cnn_5::mean_dissimilarity_word,oof_all,,M_predictor,10080,54096,30787.5420774353,0.569127885193642,cnn_5,mean_dissimilarity_word,base,order_independent_168_participants
B23,cnn_5::order_phoneme,oof_all,,M_predictor,10080,54096,30798.3397139016,0.569327486577595,cnn_5,order_phoneme,base,order_independent_168_participants
B23,cnn_5::order_sentence,oof_all,,M_predictor,10080,54096,30802.6649727654,0.569407441821306,cnn_5,order_sentence,base,order_independent_168_participants
B23,cnn_5::order_word,oof_all,,M_predictor,10080,54096,30778.1626059586,0.568954499518607,cnn_5,order_word,base,order_independent_168_participants
B23,cnn_5::overall,oof_all,,M_predictor,10080,54096,30783.2610746476,0.569048748052493,cnn_5,overall,base,order_independent_168_participants
B23,cnn_5::within_token_phoneme,oof_all,,M_predictor,10080,54096,30803.9341340126,0.569430903098428,cnn_5,within_token_phoneme,base,order_independent_168_participants
B23,cnn_5::within_token_sentence,oof_all,,M_predictor,10080,54096,30812.8047777603,0.569594882759545,cnn_5,within_token_sentence,base,order_independent_168_participants
B23,cnn_5::within_token_word,oof_all,,M_predictor,10080,54096,30801.8556520013,0.569392480996771,cnn_5,within_token_word,base,order_independent_168_participants
B23,cnn_5::within_type_phoneme,oof_all,,M_predictor,10080,54096,30789.001812199,0.569154869347069,cnn_5,within_type_phoneme,base,order_independent_168_participants
B23,cnn_5::within_type_word,oof_all,,M_predictor,10080,54096,30788.1636936195,0.569139376176047,cnn_5,within_type_word,base,order_independent_168_participants
B23,cnn_6::between_type_phoneme,oof_all,,M_predictor,10080,54096,30828.0205143468,0.569876155618655,cnn_6,between_type_phoneme,base,order_independent_168_participants
B23,cnn_6::between_type_sentence,oof_all,,M_predictor,10080,54096,30792.3620629138,0.569216985782939,cnn_6,between_type_sentence,base,order_independent_168_participants
B23,cnn_6::between_type_word,oof_all,,M_predictor,10080,54096,30795.6550501482,0.569277858809305,cnn_6,between_type_word,base,order_independent_168_participants
B23,cnn_6::mean_dissimilarity_phoneme,oof_all,,M_predictor,10080,54096,30792.5054793476,0.569219636929674,cnn_6,mean_dissimilarity_phoneme,base,order_independent_168_participants
B23,cnn_6::mean_dissimilarity_word,oof_all,,M_predictor,10080,54096,30791.1841606333,0.569195211487602,cnn_6,mean_dissimilarity_word,base,order_independent_168_participants
B23,cnn_6::order_phoneme,oof_all,,M_predictor,10080,54096,30820.6282481216,0.569739504734575,cnn_6,order_phoneme,base,order_independent_168_participants
B23,cnn_6::order_sentence,oof_all,,M_predictor,10080,54096,30814.0162082709,0.569617276846178,cnn_6,order_sentence,base,order_independent_168_participants
B23,cnn_6::order_word,oof_all,,M_predictor,10080,54096,30795.7621627899,0.56927983885666,cnn_6,order_word,base,order_independent_168_participants
B23,cnn_6::overall,oof_all,,M_predictor,10080,54096,30804.3666975352,0.56943889931853,cnn_6,overall,base,order_independent_168_participants
B23,cnn_6::within_token_phoneme,oof_all,,M_predictor,10080,54096,30810.116850396,0.569545194661268,cnn_6,within_token_phoneme,base,order_independent_168_participants
B23,cnn_6::within_token_sentence,oof_all,,M_predictor,10080,54096,30833.7708209336,0.56998245380312,cnn_6,within_token_sentence,base,order_independent_168_participants
B23,cnn_6::within_token_word,oof_all,,M_predictor,10080,54096,30825.4623927563,0.56982886706515,cnn_6,within_token_word,base,order_independent_168_participants
B23,cnn_6::within_type_phoneme,oof_all,,M_predictor,10080,54096,30792.9552691545,0.569227951588924,cnn_6,within_type_phoneme,base,order_independent_168_participants
B23,cnn_6::within_type_word,oof_all,,M_predictor,10080,54096,30791.5130556735,0.569201291327889,cnn_6,within_type_word,base,order_independent_168_participants
B23,tr_0::between_type_phoneme,oof_all,,M_predictor,10080,54096,30806.9204133817,0.569486106428972,tr_0,between_type_phoneme,base,order_independent_168_participants
B23,tr_0::between_type_sentence,oof_all,,M_predictor,10080,54096,30796.7711800326,0.569298491201431,tr_0,between_type_sentence,base,order_independent_168_participants
B23,tr_0::between_type_word,oof_all,,M_predictor,10080,54096,30803.7589018557,0.569427663817208,tr_0,between_type_word,base,order_independent_168_participants
B23,tr_0::mean_dissimilarity_phoneme,oof_all,,M_predictor,10080,54096,30788.3781616126,0.569143340757404,tr_0,mean_dissimilarity_phoneme,base,order_independent_168_participants
B23,tr_0::mean_dissimilarity_word,oof_all,,M_predictor,10080,54096,30791.2408044107,0.569196258584937,tr_0,mean_dissimilarity_word,base,order_independent_168_participants
B23,tr_0::order_phoneme,oof_all,,M_predictor,10080,54096,30794.0424528815,0.569248048892368,tr_0,order_phoneme,base,order_independent_168_participants
B23,tr_0::order_sentence,oof_all,,M_predictor,10080,54096,30801.9798307973,0.569394776523168,tr_0,order_sentence,base,order_independent_168_participants
B23,tr_0::order_word,oof_all,,M_predictor,10080,54096,30800.9830711595,0.569376350768255,tr_0,order_word,base,order_independent_168_participants
B23,tr_0::overall,oof_all,,M_predictor,10080,54096,30794.3242639227,0.569253258354087,tr_0,overall,base,order_independent_168_participants
B23,tr_0::within_token_phoneme,oof_all,,M_predictor,10080,54096,30790.6208683796,0.569184798661261,tr_0,within_token_phoneme,base,order_independent_168_participants
B23,tr_0::within_token_sentence,oof_all,,M_predictor,10080,54096,30800.2803782841,0.569363361030096,tr_0,within_token_sentence,base,order_independent_168_participants
B23,tr_0::within_token_word,oof_all,,M_predictor,10080,54096,30794.8273638468,0.56926255848578,tr_0,within_token_word,base,order_independent_168_participants
B23,tr_0::within_type_phoneme,oof_all,,M_predictor,10080,54096,30792.2615745003,0.569215128188781,tr_0,within_type_phoneme,base,order_independent_168_participants
B23,tr_0::within_type_word,oof_all,,M_predictor,10080,54096,30792.5243870566,0.56921998645106,tr_0,within_type_word,base,order_independent_168_participants
B23,tr_10::between_type_phoneme,oof_all,,M_predictor,10080,54096,30776.8859317853,0.568930899360124,tr_10,between_type_phoneme,base,order_independent_168_participants
B23,tr_10::between_type_sentence,oof_all,,M_predictor,10080,54096,30758.5295097737,0.568591568873369,tr_10,between_type_sentence,base,order_independent_168_participants
B23,tr_10::between_type_word,oof_all,,M_predictor,10080,54096,30784.0616006342,0.569063546299803,tr_10,between_type_word,base,order_independent_168_participants
B23,tr_10::mean_dissimilarity_phoneme,oof_all,,M_predictor,10080,54096,30797.1682593891,0.569305831473476,tr_10,mean_dissimilarity_phoneme,base,order_independent_168_participants
B23,tr_10::mean_dissimilarity_word,oof_all,,M_predictor,10080,54096,30812.1160477747,0.569582151134552,tr_10,mean_dissimilarity_word,base,order_independent_168_participants
B23,tr_10::order_phoneme,oof_all,,M_predictor,10080,54096,30824.8059980711,0.569816733179369,tr_10,order_phoneme,base,order_independent_168_participants
B23,tr_10::order_sentence,oof_all,,M_predictor,10080,54096,30821.1751481904,0.569749614540638,tr_10,order_sentence,base,order_independent_168_participants
B23,tr_10::order_word,oof_all,,M_predictor,10080,54096,30895.4866467969,0.571123311276192,tr_10,order_word,base,order_independent_168_participants
B23,tr_10::overall,oof_all,,M_predictor,10080,54096,30794.5864632164,0.569258105279807,tr_10,overall,base,order_independent_168_participants
B23,tr_10::within_token_phoneme,oof_all,,M_predictor,10080,54096,30849.6348168638,0.570275710160896,tr_10,within_token_phoneme,base,order_independent_168_participants
B23,tr_10::within_token_sentence,oof_all,,M_predictor,10080,54096,30803.4187571372,0.569421376019246,tr_10,within_token_sentence,base,order_independent_168_participants
B23,tr_10::within_token_word,oof_all,,M_predictor,10080,54096,30810.1858313322,0.569546469819066,tr_10,within_token_word,base,order_independent_168_participants
B23,tr_10::within_type_phoneme,oof_all,,M_predictor,10080,54096,30805.8007609026,0.569465408919377,tr_10,within_type_phoneme,base,order_independent_168_participants
B23,tr_10::within_type_word,oof_all,,M_predictor,10080,54096,30809.8146274613,0.569539607872324,tr_10,within_type_word,base,order_independent_168_participants
B23,tr_12::between_type_phoneme,oof_all,,M_predictor,10080,54096,30793.606109366,0.56923998279662,tr_12,between_type_phoneme,base,order_independent_168_participants
B23,tr_12::between_type_sentence,oof_all,,M_predictor,10080,54096,30724.5458862099,0.567963359328044,tr_12,between_type_sentence,base,order_independent_168_participants
B23,tr_12::between_type_word,oof_all,,M_predictor,10080,54096,30808.5714397302,0.569516626732665,tr_12,between_type_word,base,order_independent_168_participants
B23,tr_12::mean_dissimilarity_phoneme,oof_all,,M_predictor,10080,54096,30791.5753737962,0.569202443319213,tr_12,mean_dissimilarity_phoneme,base,order_independent_168_participants
B23,tr_12::mean_dissimilarity_word,oof_all,,M_predictor,10080,54096,30831.091562594,0.569932925957446,tr_12,mean_dissimilarity_word,base,order_independent_168_participants
B23,tr_12::order_phoneme,oof_all,,M_predictor,10080,54096,30823.2216960265,0.569787446318148,tr_12,order_phoneme,base,order_independent_168_participants
B23,tr_12::order_sentence,oof_all,,M_predictor,10080,54096,30859.7731257735,0.570463123443018,tr_12,order_sentence,base,order_independent_168_participants
B23,tr_12::order_word,oof_all,,M_predictor,10080,54096,30838.5012435628,0.57006989876447,tr_12,order_word,base,order_independent_168_participants
B23,tr_12::overall,oof_all,,M_predictor,10080,54096,30802.5489826161,0.569405297667408,tr_12,overall,base,order_independent_168_participants
B23,tr_12::within_token_phoneme,oof_all,,M_predictor,10080,54096,30814.07758877,0.569618411504918,tr_12,within_token_phoneme,base,order_independent_168_participants
B23,tr_12::within_token_sentence,oof_all,,M_predictor,10080,54096,30813.4805117709,0.569607374145425,tr_12,within_token_sentence,base,order_independent_168_participants
B23,tr_12::within_token_word,oof_all,,M_predictor,10080,54096,30817.6762841864,0.569684935747309,tr_12,within_token_word,base,order_independent_168_participants
B23,tr_12::within_type_phoneme,oof_all,,M_predictor,10080,54096,30831.5697891369,0.569941766288393,tr_12,within_type_phoneme,base,order_independent_168_participants
B23,tr_12::within_type_word,oof_all,,M_predictor,10080,54096,30835.0884997981,0.570006811960184,tr_12,within_type_word,base,order_independent_168_participants
B23,tr_14::between_type_phoneme,oof_all,,M_predictor,10080,54096,30796.3746173893,0.569291160481169,tr_14,between_type_phoneme,base,order_independent_168_participants
B23,tr_14::between_type_sentence,oof_all,,M_predictor,10080,54096,30764.9273746596,0.568709837597227,tr_14,between_type_sentence,base,order_independent_168_participants
B23,tr_14::between_type_word,oof_all,,M_predictor,10080,54096,30778.0096478766,0.568951671988254,tr_14,between_type_word,base,order_independent_168_participants
B23,tr_14::mean_dissimilarity_phoneme,oof_all,,M_predictor,10080,54096,30806.5089635507,0.569478500509293,tr_14,mean_dissimilarity_phoneme,base,order_independent_168_participants
B23,tr_14::mean_dissimilarity_word,oof_all,,M_predictor,10080,54096,30860.5614789888,0.570477696668679,tr_14,mean_dissimilarity_word,base,order_independent_168_participants
B23,tr_14::order_phoneme,oof_all,,M_predictor,10080,54096,30838.0313951112,0.57006121330803,tr_14,order_phoneme,base,order_independent_168_participants
B23,tr_14::order_sentence,oof_all,,M_predictor,10080,54096,30866.6051232283,0.570589417391828,tr_14,order_sentence,base,order_independent_168_participants
B23,tr_14::order_word,oof_all,,M_predictor,10080,54096,30843.5944605124,0.570164050216511,tr_14,order_word,base,order_independent_168_participants
B23,tr_14::overall,oof_all,,M_predictor,10080,54096,30780.609518253,0.568999732295419,tr_14,overall,base,order_independent_168_participants
B23,tr_14::within_token_phoneme,oof_all,,M_predictor,10080,54096,30798.7975613534,0.569335950187692,tr_14,within_token_phoneme,base,order_independent_168_participants
B23,tr_14::within_token_sentence,oof_all,,M_predictor,10080,54096,30788.1555225996,0.569139225129392,tr_14,within_token_sentence,base,order_independent_168_participants
B23,tr_14::within_token_word,oof_all,,M_predictor,10080,54096,30804.3867318869,0.569439269666646,tr_14,within_token_word,base,order_independent_168_participants
B23,tr_14::within_type_phoneme,oof_all,,M_predictor,10080,54096,30828.9713533427,0.569893732500419,tr_14,within_type_phoneme,base,order_independent_168_participants
B23,tr_14::within_type_word,oof_all,,M_predictor,10080,54096,30851.0010912158,0.570300966637381,tr_14,within_type_word,base,order_independent_168_participants
B23,tr_16::between_type_phoneme,oof_all,,M_predictor,10080,54096,30775.6144334747,0.568907394880854,tr_16,between_type_phoneme,base,order_independent_168_participants
B23,tr_16::between_type_sentence,oof_all,,M_predictor,10080,54096,30725.5659478296,0.56798221583536,tr_16,between_type_sentence,base,order_independent_168_participants
B23,tr_16::between_type_word,oof_all,,M_predictor,10080,54096,30767.8928166182,0.568764655734587,tr_16,between_type_word,base,order_independent_168_participants
B23,tr_16::mean_dissimilarity_phoneme,oof_all,,M_predictor,10080,54096,30824.1061108978,0.569803795306451,tr_16,mean_dissimilarity_phoneme,base,order_independent_168_participants
B23,tr_16::mean_dissimilarity_word,oof_all,,M_predictor,10080,54096,30874.704899075,0.570739147054774,tr_16,mean_dissimilarity_word,base,order_independent_168_participants
B23,tr_16::order_phoneme,oof_all,,M_predictor,10080,54096,30821.6474993241,0.569758346260798,tr_16,order_phoneme,base,order_independent_168_participants
B23,tr_16::order_sentence,oof_all,,M_predictor,10080,54096,30856.123732613,0.570395662019613,tr_16,order_sentence,base,order_independent_168_participants
B23,tr_16::order_word,oof_all,,M_predictor,10080,54096,30825.7070219449,0.569833389195964,tr_16,order_word,base,order_independent_168_participants
B23,tr_16::overall,oof_all,,M_predictor,10080,54096,30776.4699819187,0.568923210254338,tr_16,overall,base,order_independent_168_participants
B23,tr_16::within_token_phoneme,oof_all,,M_predictor,10080,54096,30800.6394478028,0.569369998665388,tr_16,within_token_phoneme,base,order_independent_168_participants
B23,tr_16::within_token_sentence,oof_all,,M_predictor,10080,54096,30788.0050620828,0.569136443768167,tr_16,within_token_sentence,base,order_independent_168_participants
B23,tr_16::within_token_word,oof_all,,M_predictor,10080,54096,30807.5174019861,0.569497142154432,tr_16,within_token_word,base,order_independent_168_participants
B23,tr_16::within_type_phoneme,oof_all,,M_predictor,10080,54096,30798.5213219263,0.569330843720909,tr_16,within_type_phoneme,base,order_independent_168_participants
B23,tr_16::within_type_word,oof_all,,M_predictor,10080,54096,30872.5250023496,0.570698850235685,tr_16,within_type_word,base,order_independent_168_participants
B23,tr_18::between_type_phoneme,oof_all,,M_predictor,10080,54096,30797.9829690146,0.569320891914644,tr_18,between_type_phoneme,base,order_independent_168_participants
B23,tr_18::between_type_sentence,oof_all,,M_predictor,10080,54096,30748.985841483,0.568415147912655,tr_18,between_type_sentence,base,order_independent_168_participants
B23,tr_18::between_type_word,oof_all,,M_predictor,10080,54096,30770.5325415881,0.568813452780022,tr_18,between_type_word,base,order_independent_168_participants
B23,tr_18::mean_dissimilarity_phoneme,oof_all,,M_predictor,10080,54096,30853.9471183622,0.570355425879218,tr_18,mean_dissimilarity_phoneme,base,order_independent_168_participants
B23,tr_18::mean_dissimilarity_word,oof_all,,M_predictor,10080,54096,30868.0895476035,0.570616857948896,tr_18,mean_dissimilarity_word,base,order_independent_168_participants
B23,tr_18::order_phoneme,oof_all,,M_predictor,10080,54096,30840.5388753841,0.570107565723605,tr_18,order_phoneme,base,order_independent_168_participants
B23,tr_18::order_sentence,oof_all,,M_predictor,10080,54096,30865.7727662609,0.570574030727982,tr_18,order_sentence,base,order_independent_168_participants
B23,tr_18::order_word,oof_all,,M_predictor,10080,54096,30779.3278454833,0.568976039734606,tr_18,order_word,base,order_independent_168_participants
B23,tr_18::overall,oof_all,,M_predictor,10080,54096,30777.523364926,0.568942682729333,tr_18,overall,base,order_independent_168_participants
B23,tr_18::within_token_phoneme,oof_all,,M_predictor,10080,54096,30793.9560303583,0.569246451315408,tr_18,within_token_phoneme,base,order_independent_168_participants
B23,tr_18::within_token_sentence,oof_all,,M_predictor,10080,54096,30791.1331188569,0.569194267946925,tr_18,within_token_sentence,base,order_independent_168_participants
B23,tr_18::within_token_word,oof_all,,M_predictor,10080,54096,30806.3162605463,0.56947493826801,tr_18,within_token_word,base,order_independent_168_participants
B23,tr_18::within_type_phoneme,oof_all,,M_predictor,10080,54096,30797.9893064955,0.56932100906713,tr_18,within_type_phoneme,base,order_independent_168_participants
B23,tr_18::within_type_word,oof_all,,M_predictor,10080,54096,30865.6521264864,0.570571800622715,tr_18,within_type_word,base,order_independent_168_participants
B23,tr_20::between_type_phoneme,oof_all,,M_predictor,10080,54096,30782.6016734537,0.569036558589429,tr_20,between_type_phoneme,base,order_independent_168_participants
B23,tr_20::between_type_sentence,oof_all,,M_predictor,10080,54096,30780.6346358962,0.56900019661151,tr_20,between_type_sentence,base,order_independent_168_participants
B23,tr_20::between_type_word,oof_all,,M_predictor,10080,54096,30790.6203163556,0.569184788456736,tr_20,between_type_word,base,order_independent_168_participants
B23,tr_20::mean_dissimilarity_phoneme,oof_all,,M_predictor,10080,54096,30821.9443034189,0.569763832878935,tr_20,mean_dissimilarity_phoneme,base,order_independent_168_participants
B23,tr_20::mean_dissimilarity_word,oof_all,,M_predictor,10080,54096,30874.8826428895,0.570742432765629,tr_20,mean_dissimilarity_word,base,order_independent_168_participants
B23,tr_20::order_phoneme,oof_all,,M_predictor,10080,54096,30807.1532156778,0.569490409931932,tr_20,order_phoneme,base,order_independent_168_participants
B23,tr_20::order_sentence,oof_all,,M_predictor,10080,54096,30834.9283271839,0.570003851064477,tr_20,order_sentence,base,order_independent_168_participants
B23,tr_20::order_word,oof_all,,M_predictor,10080,54096,30785.4220282058,0.569088694694724,tr_20,order_word,base,order_independent_168_participants
B23,tr_20::overall,oof_all,,M_predictor,10080,54096,30773.4728934612,0.568867807110714,tr_20,overall,base,order_independent_168_participants
B23,tr_20::within_token_phoneme,oof_all,,M_predictor,10080,54096,30794.2914299214,0.569252651396063,tr_20,within_token_phoneme,base,order_independent_168_participants
B23,tr_20::within_token_sentence,oof_all,,M_predictor,10080,54096,30787.830270158,0.569133212624925,tr_20,within_token_sentence,base,order_independent_168_participants
B23,tr_20::within_token_word,oof_all,,M_predictor,10080,54096,30799.0291415208,0.569340231098803,tr_20,within_token_word,base,order_independent_168_participants
B23,tr_20::within_type_phoneme,oof_all,,M_predictor,10080,54096,30799.6560659346,0.56935182020731,tr_20,within_type_phoneme,base,order_independent_168_participants
B23,tr_20::within_type_word,oof_all,,M_predictor,10080,54096,30876.1293401648,0.570765478781515,tr_20,within_type_word,base,order_independent_168_participants
B23,tr_22::between_type_phoneme,oof_all,,M_predictor,10080,54096,30791.3392814532,0.569198078997581,tr_22,between_type_phoneme,base,order_independent_168_participants
B23,tr_22::between_type_sentence,oof_all,,M_predictor,10080,54096,30759.9894143899,0.568618556166627,tr_22,between_type_sentence,base,order_independent_168_participants
B23,tr_22::between_type_word,oof_all,,M_predictor,10080,54096,30776.3058811247,0.568920176743654,tr_22,between_type_word,base,order_independent_168_participants
B23,tr_22::mean_dissimilarity_phoneme,oof_all,,M_predictor,10080,54096,30796.9931547175,0.569302594548903,tr_22,mean_dissimilarity_phoneme,base,order_independent_168_participants
B23,tr_22::mean_dissimilarity_word,oof_all,,M_predictor,10080,54096,30870.3685831902,0.570658987414784,tr_22,mean_dissimilarity_word,base,order_independent_168_participants
B23,tr_22::order_phoneme,oof_all,,M_predictor,10080,54096,30837.8788052413,0.570058392584318,tr_22,order_phoneme,base,order_independent_168_participants
B23,tr_22::order_sentence,oof_all,,M_predictor,10080,54096,30825.1286072269,0.569822696820965,tr_22,order_sentence,base,order_independent_168_participants
B23,tr_22::order_word,oof_all,,M_predictor,10080,54096,30805.5220766958,0.56946025725924,tr_22,order_word,base,order_independent_168_participants
B23,tr_22::overall,oof_all,,M_predictor,10080,54096,30776.4610054787,0.568923044318964,tr_22,overall,base,order_independent_168_participants
B23,tr_22::within_token_phoneme,oof_all,,M_predictor,10080,54096,30809.9906717183,0.569542862165749,tr_22,within_token_phoneme,base,order_independent_168_participants
B23,tr_22::within_token_sentence,oof_all,,M_predictor,10080,54096,30786.9765283206,0.569117430647748,tr_22,within_token_sentence,base,order_independent_168_participants
B23,tr_22::within_token_word,oof_all,,M_predictor,10080,54096,30806.304701567,0.569474724592705,tr_22,within_token_word,base,order_independent_168_participants
B23,tr_22::within_type_phoneme,oof_all,,M_predictor,10080,54096,30789.6853579182,0.5691675051375,tr_22,within_type_phoneme,base,order_independent_168_participants
B23,tr_22::within_type_word,oof_all,,M_predictor,10080,54096,30853.8736867793,0.570354068448301,tr_22,within_type_word,base,order_independent_168_participants
B23,tr_24::between_type_phoneme,oof_all,,M_predictor,10080,54096,30804.3190815883,0.569438019106557,tr_24,between_type_phoneme,base,order_independent_168_participants
B23,tr_24::between_type_sentence,oof_all,,M_predictor,10080,54096,30748.5792829121,0.568407632411123,tr_24,between_type_sentence,base,order_independent_168_participants
B23,tr_24::between_type_word,oof_all,,M_predictor,10080,54096,30735.0313732444,0.568157190425252,tr_24,between_type_word,base,order_independent_168_participants
B23,tr_24::mean_dissimilarity_phoneme,oof_all,,M_predictor,10080,54096,30816.880023739,0.569670216351284,tr_24,mean_dissimilarity_phoneme,base,order_independent_168_participants
B23,tr_24::mean_dissimilarity_word,oof_all,,M_predictor,10080,54096,30857.6694356368,0.570424235352648,tr_24,mean_dissimilarity_word,base,order_independent_168_participants
B23,tr_24::order_phoneme,oof_all,,M_predictor,10080,54096,30823.1341334205,0.56978582766601,tr_24,order_phoneme,base,order_independent_168_participants
B23,tr_24::order_sentence,oof_all,,M_predictor,10080,54096,30843.9658272354,0.570170915173681,tr_24,order_sentence,base,order_independent_168_participants
B23,tr_24::order_word,oof_all,,M_predictor,10080,54096,30841.5313152469,0.570125911624647,tr_24,order_word,base,order_independent_168_participants
B23,tr_24::overall,oof_all,,M_predictor,10080,54096,30797.620004006,0.569314182268671,tr_24,overall,base,order_independent_168_participants
B23,tr_24::within_token_phoneme,oof_all,,M_predictor,10080,54096,30828.1886181652,0.56987926312787,tr_24,within_token_phoneme,base,order_independent_168_participants
B23,tr_24::within_token_sentence,oof_all,,M_predictor,10080,54096,30818.5364859118,0.569700837139749,tr_24,within_token_sentence,base,order_independent_168_participants
B23,tr_24::within_token_word,oof_all,,M_predictor,10080,54096,30841.7912634753,0.57013071693795,tr_24,within_token_word,base,order_independent_168_participants
B23,tr_24::within_type_phoneme,oof_all,,M_predictor,10080,54096,30804.0942143274,0.569433862287921,tr_24,within_type_phoneme,base,order_independent_168_participants
B23,tr_24::within_type_word,oof_all,,M_predictor,10080,54096,30834.4760199897,0.56999548986967,tr_24,within_type_word,base,order_independent_168_participants
B23,tr_2::between_type_phoneme,oof_all,,M_predictor,10080,54096,30802.0778993373,0.569396589384377,tr_2,between_type_phoneme,base,order_independent_168_participants
B23,tr_2::between_type_sentence,oof_all,,M_predictor,10080,54096,30793.4798741815,0.569237649256535,tr_2,between_type_sentence,base,order_independent_168_participants
B23,tr_2::between_type_word,oof_all,,M_predictor,10080,54096,30786.7653516628,0.569113526908881,tr_2,between_type_word,base,order_independent_168_participants
B23,tr_2::mean_dissimilarity_phoneme,oof_all,,M_predictor,10080,54096,30779.9405280419,0.568987365573091,tr_2,mean_dissimilarity_phoneme,base,order_independent_168_participants
B23,tr_2::mean_dissimilarity_word,oof_all,,M_predictor,10080,54096,30787.7725606263,0.569132145826424,tr_2,mean_dissimilarity_word,base,order_independent_168_participants
B23,tr_2::order_phoneme,oof_all,,M_predictor,10080,54096,30798.8310944204,0.569336570068404,tr_2,order_phoneme,base,order_independent_168_participants
B23,tr_2::order_sentence,oof_all,,M_predictor,10080,54096,30827.9792957397,0.569875393665701,tr_2,order_sentence,base,order_independent_168_participants
B23,tr_2::order_word,oof_all,,M_predictor,10080,54096,30804.7009248156,0.569445077728771,tr_2,order_word,base,order_independent_168_participants
B23,tr_2::overall,oof_all,,M_predictor,10080,54096,30768.742769317,0.568780367667055,tr_2,overall,base,order_independent_168_participants
B23,tr_2::within_token_phoneme,oof_all,,M_predictor,10080,54096,30830.0956156063,0.569914515224901,tr_2,within_token_phoneme,base,order_independent_168_participants
B23,tr_2::within_token_sentence,oof_all,,M_predictor,10080,54096,30780.0207708298,0.568988848913594,tr_2,within_token_sentence,base,order_independent_168_participants
B23,tr_2::within_token_word,oof_all,,M_predictor,10080,54096,30794.1375658866,0.569249807118578,tr_2,within_token_word,base,order_independent_168_participants
B23,tr_2::within_type_phoneme,oof_all,,M_predictor,10080,54096,30771.8061917724,0.568836997038087,tr_2,within_type_phoneme,base,order_independent_168_participants
B23,tr_2::within_type_word,oof_all,,M_predictor,10080,54096,30784.874943918,0.569078581483253,tr_2,within_type_word,base,order_independent_168_participants
B23,tr_4::between_type_phoneme,oof_all,,M_predictor,10080,54096,30787.3733724441,0.569124766571357,tr_4,between_type_phoneme,base,order_independent_168_participants
B23,tr_4::between_type_sentence,oof_all,,M_predictor,10080,54096,30728.5414332312,0.568037219632343,tr_4,between_type_sentence,base,order_independent_168_participants
B23,tr_4::between_type_word,oof_all,,M_predictor,10080,54096,30751.9042887358,0.568469097322091,tr_4,between_type_word,base,order_independent_168_participants
B23,tr_4::mean_dissimilarity_phoneme,oof_all,,M_predictor,10080,54096,30771.2825885253,0.568827317889035,tr_4,mean_dissimilarity_phoneme,base,order_independent_168_participants
B23,tr_4::mean_dissimilarity_word,oof_all,,M_predictor,10080,54096,30775.404022313,0.568903505292684,tr_4,mean_dissimilarity_word,base,order_independent_168_participants
B23,tr_4::order_phoneme,oof_all,,M_predictor,10080,54096,30799.5478203487,0.569349819216739,tr_4,order_phoneme,base,order_independent_168_participants
B23,tr_4::order_sentence,oof_all,,M_predictor,10080,54096,30817.3454658324,0.569678820353305,tr_4,order_sentence,base,order_independent_168_participants
B23,tr_4::order_word,oof_all,,M_predictor,10080,54096,30810.967892984,0.569560926741052,tr_4,order_word,base,order_independent_168_participants
B23,tr_4::overall,oof_all,,M_predictor,10080,54096,30797.2716791715,0.569307743255906,tr_4,overall,base,order_independent_168_participants
B23,tr_4::within_token_phoneme,oof_all,,M_predictor,10080,54096,30839.6626962851,0.570091368978946,tr_4,within_token_phoneme,base,order_independent_168_participants
B23,tr_4::within_token_sentence,oof_all,,M_predictor,10080,54096,30806.4883821651,0.569478120048896,tr_4,within_token_sentence,base,order_independent_168_participants
B23,tr_4::within_token_word,oof_all,,M_predictor,10080,54096,30820.0032788984,0.569727951769048,tr_4,within_token_word,base,order_independent_168_participants
B23,tr_4::within_type_phoneme,oof_all,,M_predictor,10080,54096,30785.3192432756,0.569086794647952,tr_4,within_type_phoneme,base,order_independent_168_participants
B23,tr_4::within_type_word,oof_all,,M_predictor,10080,54096,30769.998923759,0.568803588504863,tr_4,within_type_word,base,order_independent_168_participants
B23,tr_6::between_type_phoneme,oof_all,,M_predictor,10080,54096,30773.6593767347,0.568871254376196,tr_6,between_type_phoneme,base,order_independent_168_participants
B23,tr_6::between_type_sentence,oof_all,,M_predictor,10080,54096,30728.3296926523,0.568033305469024,tr_6,between_type_sentence,base,order_independent_168_participants
B23,tr_6::between_type_word,oof_all,,M_predictor,10080,54096,30761.1396647283,0.568639819297698,tr_6,between_type_word,base,order_independent_168_participants
B23,tr_6::mean_dissimilarity_phoneme,oof_all,,M_predictor,10080,54096,30780.463571542,0.568997034374852,tr_6,mean_dissimilarity_phoneme,base,order_independent_168_participants
B23,tr_6::mean_dissimilarity_word,oof_all,,M_predictor,10080,54096,30772.8992307077,0.568857202578891,tr_6,mean_dissimilarity_word,base,order_independent_168_participants
B23,tr_6::order_phoneme,oof_all,,M_predictor,10080,54096,30812.2526208935,0.569584675778126,tr_6,order_phoneme,base,order_independent_168_participants
B23,tr_6::order_sentence,oof_all,,M_predictor,10080,54096,30796.0564028139,0.569285278076269,tr_6,order_sentence,base,order_independent_168_participants
B23,tr_6::order_word,oof_all,,M_predictor,10080,54096,30781.7870714687,0.569021500138064,tr_6,order_word,base,order_independent_168_participants
B23,tr_6::overall,oof_all,,M_predictor,10080,54096,30799.1313616762,0.569342120705343,tr_6,overall,base,order_independent_168_participants
B23,tr_6::within_token_phoneme,oof_all,,M_predictor,10080,54096,30840.2436205835,0.570102107745185,tr_6,within_token_phoneme,base,order_independent_168_participants
B23,tr_6::within_token_sentence,oof_all,,M_predictor,10080,54096,30806.1645139988,0.569472133133666,tr_6,within_token_sentence,base,order_independent_168_participants
B23,tr_6::within_token_word,oof_all,,M_predictor,10080,54096,30809.8125406888,0.569539569296969,tr_6,within_token_word,base,order_independent_168_participants
B23,tr_6::within_type_phoneme,oof_all,,M_predictor,10080,54096,30808.6656325305,0.569518367948287,tr_6,within_type_phoneme,base,order_independent_168_participants
B23,tr_6::within_type_word,oof_all,,M_predictor,10080,54096,30761.6243470521,0.568648778967985,tr_6,within_type_word,base,order_independent_168_participants
B23,tr_8::between_type_phoneme,oof_all,,M_predictor,10080,54096,30781.6172241434,0.569018360398984,tr_8,between_type_phoneme,base,order_independent_168_participants
B23,tr_8::between_type_sentence,oof_all,,M_predictor,10080,54096,30742.9144091567,0.568302913508516,tr_8,between_type_sentence,base,order_independent_168_participants
B23,tr_8::between_type_word,oof_all,,M_predictor,10080,54096,30769.7012251731,0.56879808535147,tr_8,between_type_word,base,order_independent_168_participants
B23,tr_8::mean_dissimilarity_phoneme,oof_all,,M_predictor,10080,54096,30788.7824548357,0.569150814382499,tr_8,mean_dissimilarity_phoneme,base,order_independent_168_participants
B23,tr_8::mean_dissimilarity_word,oof_all,,M_predictor,10080,54096,30782.3482422328,0.569031873747279,tr_8,mean_dissimilarity_word,base,order_independent_168_participants
B23,tr_8::order_phoneme,oof_all,,M_predictor,10080,54096,30830.8320563275,0.5699281288141,tr_8,order_phoneme,base,order_independent_168_participants
B23,tr_8::order_sentence,oof_all,,M_predictor,10080,54096,30825.6269802734,0.56983190957323,tr_8,order_sentence,base,order_independent_168_participants
B23,tr_8::order_word,oof_all,,M_predictor,10080,54096,30823.9641159758,0.569801170437294,tr_8,order_word,base,order_independent_168_participants
B23,tr_8::overall,oof_all,,M_predictor,10080,54096,30810.452964461,0.569551407949959,tr_8,overall,base,order_independent_168_participants
B23,tr_8::within_token_phoneme,oof_all,,M_predictor,10080,54096,30848.2904075425,0.570250857873826,tr_8,within_token_phoneme,base,order_independent_168_participants
B23,tr_8::within_token_sentence,oof_all,,M_predictor,10080,54096,30816.8795577149,0.569670207736521,tr_8,within_token_sentence,base,order_independent_168_participants
B23,tr_8::within_token_word,oof_all,,M_predictor,10080,54096,30826.2142264571,0.569842765203658,tr_8,within_token_word,base,order_independent_168_participants
B23,tr_8::within_type_phoneme,oof_all,,M_predictor,10080,54096,30830.628533208,0.5699243665559,tr_8,within_type_phoneme,base,order_independent_168_participants
B23,tr_8::within_type_word,oof_all,,M_predictor,10080,54096,30783.9632539284,0.569061728296517,tr_8,within_type_word,base,order_independent_168_participants
B23,cnn_2::between_type_phoneme,oof_all,,M_predictor,10080,54096,30778.8332468749,0.568966896755304,cnn_2,between_type_phoneme,ft,order_independent_168_participants
B23,cnn_2::between_type_sentence,oof_all,,M_predictor,10080,54096,30779.4124691976,0.568977604059405,cnn_2,between_type_sentence,ft,order_independent_168_participants
B23,cnn_2::between_type_word,oof_all,,M_predictor,10080,54096,30788.7716074009,0.569150613860561,cnn_2,between_type_word,ft,order_independent_168_participants
B23,cnn_2::mean_dissimilarity_phoneme,oof_all,,M_predictor,10080,54096,30767.895174465,0.568764699320929,cnn_2,mean_dissimilarity_phoneme,ft,order_independent_168_participants
B23,cnn_2::mean_dissimilarity_word,oof_all,,M_predictor,10080,54096,30782.2593369974,0.569030230275757,cnn_2,mean_dissimilarity_word,ft,order_independent_168_participants
B23,cnn_2::order_phoneme,oof_all,,M_predictor,10080,54096,30847.218731803,0.570231047245693,cnn_2,order_phoneme,ft,order_independent_168_participants
B23,cnn_2::order_sentence,oof_all,,M_predictor,10080,54096,30830.5785548376,0.569923442672981,cnn_2,order_sentence,ft,order_independent_168_participants
B23,cnn_2::order_word,oof_all,,M_predictor,10080,54096,30858.3381032297,0.570436596111166,cnn_2,order_word,ft,order_independent_168_participants
B23,cnn_2::overall,oof_all,,M_predictor,10080,54096,30775.910413073,0.568912866257635,cnn_2,overall,ft,order_independent_168_participants
B23,cnn_2::within_token_phoneme,oof_all,,M_predictor,10080,54096,30785.8473972834,0.569096557920797,cnn_2,within_token_phoneme,ft,order_independent_168_participants
B23,cnn_2::within_token_sentence,oof_all,,M_predictor,10080,54096,30789.0507570298,0.569155774124331,cnn_2,within_token_sentence,ft,order_independent_168_participants
B23,cnn_2::within_token_word,oof_all,,M_predictor,10080,54096,30791.8362848415,0.569207266430817,cnn_2,within_token_word,ft,order_independent_168_participants
B23,cnn_2::within_type_phoneme,oof_all,,M_predictor,10080,54096,30767.0804936231,0.568749639411844,cnn_2,within_type_phoneme,ft,order_independent_168_participants
B23,cnn_2::within_type_word,oof_all,,M_predictor,10080,54096,30783.5310590177,0.569053738890449,cnn_2,within_type_word,ft,order_independent_168_participants
B23,cnn_3::between_type_phoneme,oof_all,,M_predictor,10080,54096,30856.9806381869,0.570411502480533,cnn_3,between_type_phoneme,ft,order_independent_168_participants
B23,cnn_3::between_type_sentence,oof_all,,M_predictor,10080,54096,30786.6076646226,0.569110611960636,cnn_3,between_type_sentence,ft,order_independent_168_participants
B23,cnn_3::between_type_word,oof_all,,M_predictor,10080,54096,30804.9145005891,0.569449025816865,cnn_3,between_type_word,ft,order_independent_168_participants
B23,cnn_3::mean_dissimilarity_phoneme,oof_all,,M_predictor,10080,54096,30795.1130285854,0.569267839185622,cnn_3,mean_dissimilarity_phoneme,ft,order_independent_168_participants
B23,cnn_3::mean_dissimilarity_word,oof_all,,M_predictor,10080,54096,30790.0462391808,0.569174176264064,cnn_3,mean_dissimilarity_word,ft,order_independent_168_participants
B23,cnn_3::order_phoneme,oof_all,,M_predictor,10080,54096,30880.6007020933,0.570848134836093,cnn_3,order_phoneme,ft,order_independent_168_participants
B23,cnn_3::order_sentence,oof_all,,M_predictor,10080,54096,30882.410581676,0.570881591645889,cnn_3,order_sentence,ft,order_independent_168_participants
B23,cnn_3::order_word,oof_all,,M_predictor,10080,54096,30881.0753169789,0.570856908403188,cnn_3,order_word,ft,order_independent_168_participants
B23,cnn_3::overall,oof_all,,M_predictor,10080,54096,30857.7141838607,0.570425062552883,cnn_3,overall,ft,order_independent_168_participants
B23,cnn_3::within_token_phoneme,oof_all,,M_predictor,10080,54096,30869.0226067256,0.570634106158044,cnn_3,within_token_phoneme,ft,order_independent_168_participants
B23,cnn_3::within_token_sentence,oof_all,,M_predictor,10080,54096,30874.3607981256,0.570732786123292,cnn_3,within_token_sentence,ft,order_independent_168_participants
B23,cnn_3::within_token_word,oof_all,,M_predictor,10080,54096,30875.3923361347,0.570751854779182,cnn_3,within_token_word,ft,order_independent_168_participants
B23,cnn_3::within_type_phoneme,oof_all,,M_predictor,10080,54096,30792.3068864107,0.56921596580913,cnn_3,within_type_phoneme,ft,order_independent_168_participants
B23,cnn_3::within_type_word,oof_all,,M_predictor,10080,54096,30786.3094921598,0.56910510004732,cnn_3,within_type_word,ft,order_independent_168_participants
B23,cnn_4::between_type_phoneme,oof_all,,M_predictor,10080,54096,30828.2833359876,0.569881014048869,cnn_4,between_type_phoneme,ft,order_independent_168_participants
B23,cnn_4::between_type_sentence,oof_all,,M_predictor,10080,54096,30788.4312280235,0.569144321724776,cnn_4,between_type_sentence,ft,order_independent_168_participants
B23,cnn_4::between_type_word,oof_all,,M_predictor,10080,54096,30785.808789688,0.569095844234101,cnn_4,between_type_word,ft,order_independent_168_participants
B23,cnn_4::mean_dissimilarity_phoneme,oof_all,,M_predictor,10080,54096,30786.4741300664,0.569108143486883,cnn_4,mean_dissimilarity_phoneme,ft,order_independent_168_participants
B23,cnn_4::mean_dissimilarity_word,oof_all,,M_predictor,10080,54096,30789.22776474,0.569159046227818,cnn_4,mean_dissimilarity_word,ft,order_independent_168_participants
B23,cnn_4::order_phoneme,oof_all,,M_predictor,10080,54096,30856.4437328324,0.570401577433312,cnn_4,order_phoneme,ft,order_independent_168_participants
B23,cnn_4::order_sentence,oof_all,,M_predictor,10080,54096,30859.097257588,0.570450629576826,cnn_4,order_sentence,ft,order_independent_168_participants
B23,cnn_4::order_word,oof_all,,M_predictor,10080,54096,30837.9597877454,0.570059889598961,cnn_4,order_word,ft,order_independent_168_participants
B23,cnn_4::overall,oof_all,,M_predictor,10080,54096,30780.5528544225,0.56899868482739,cnn_4,overall,ft,order_independent_168_participants
B23,cnn_4::within_token_phoneme,oof_all,,M_predictor,10080,54096,30800.791735634,0.569372813805716,cnn_4,within_token_phoneme,ft,order_independent_168_participants
B23,cnn_4::within_token_sentence,oof_all,,M_predictor,10080,54096,30805.494054142,0.569459739243975,cnn_4,within_token_sentence,ft,order_independent_168_participants
B23,cnn_4::within_token_word,oof_all,,M_predictor,10080,54096,30811.5053433374,0.569570861862936,cnn_4,within_token_word,ft,order_independent_168_participants
B23,cnn_4::within_type_phoneme,oof_all,,M_predictor,10080,54096,30789.0660709367,0.569156057211932,cnn_4,within_type_phoneme,ft,order_independent_168_participants
B23,cnn_4::within_type_word,oof_all,,M_predictor,10080,54096,30788.526315314,0.569146079475637,cnn_4,within_type_word,ft,order_independent_168_participants
B23,cnn_5::between_type_phoneme,oof_all,,M_predictor,10080,54096,30836.9215913759,0.570040697858916,cnn_5,between_type_phoneme,ft,order_independent_168_participants
B23,cnn_5::between_type_sentence,oof_all,,M_predictor,10080,54096,30788.0896349588,0.569138007153188,cnn_5,between_type_sentence,ft,order_independent_168_participants
B23,cnn_5::between_type_word,oof_all,,M_predictor,10080,54096,30792.3041852513,0.56921591587643,cnn_5,between_type_word,ft,order_independent_168_participants
B23,cnn_5::mean_dissimilarity_phoneme,oof_all,,M_predictor,10080,54096,30787.3279943461,0.569123927727487,cnn_5,mean_dissimilarity_phoneme,ft,order_independent_168_participants
B23,cnn_5::mean_dissimilarity_word,oof_all,,M_predictor,10080,54096,30787.5420774353,0.569127885193642,cnn_5,mean_dissimilarity_word,ft,order_independent_168_participants
B23,cnn_5::order_phoneme,oof_all,,M_predictor,10080,54096,30798.3397139016,0.569327486577595,cnn_5,order_phoneme,ft,order_independent_168_participants
B23,cnn_5::order_sentence,oof_all,,M_predictor,10080,54096,30802.6649727654,0.569407441821306,cnn_5,order_sentence,ft,order_independent_168_participants
B23,cnn_5::order_word,oof_all,,M_predictor,10080,54096,30778.1626059586,0.568954499518607,cnn_5,order_word,ft,order_independent_168_participants
B23,cnn_5::overall,oof_all,,M_predictor,10080,54096,30783.2610746476,0.569048748052493,cnn_5,overall,ft,order_independent_168_participants
B23,cnn_5::within_token_phoneme,oof_all,,M_predictor,10080,54096,30803.9341340126,0.569430903098428,cnn_5,within_token_phoneme,ft,order_independent_168_participants
B23,cnn_5::within_token_sentence,oof_all,,M_predictor,10080,54096,30812.8047777603,0.569594882759545,cnn_5,within_token_sentence,ft,order_independent_168_participants
B23,cnn_5::within_token_word,oof_all,,M_predictor,10080,54096,30801.8556520013,0.569392480996771,cnn_5,within_token_word,ft,order_independent_168_participants
B23,cnn_5::within_type_phoneme,oof_all,,M_predictor,10080,54096,30789.001812199,0.569154869347069,cnn_5,within_type_phoneme,ft,order_independent_168_participants
B23,cnn_5::within_type_word,oof_all,,M_predictor,10080,54096,30788.1636936195,0.569139376176047,cnn_5,within_type_word,ft,order_independent_168_participants
B23,cnn_6::between_type_phoneme,oof_all,,M_predictor,10080,54096,30828.0205143468,0.569876155618655,cnn_6,between_type_phoneme,ft,order_independent_168_participants
B23,cnn_6::between_type_sentence,oof_all,,M_predictor,10080,54096,30792.3620629138,0.569216985782939,cnn_6,between_type_sentence,ft,order_independent_168_participants
B23,cnn_6::between_type_word,oof_all,,M_predictor,10080,54096,30795.6550501482,0.569277858809305,cnn_6,between_type_word,ft,order_independent_168_participants
B23,cnn_6::mean_dissimilarity_phoneme,oof_all,,M_predictor,10080,54096,30792.5054793476,0.569219636929674,cnn_6,mean_dissimilarity_phoneme,ft,order_independent_168_participants
B23,cnn_6::mean_dissimilarity_word,oof_all,,M_predictor,10080,54096,30791.1841606333,0.569195211487602,cnn_6,mean_dissimilarity_word,ft,order_independent_168_participants
B23,cnn_6::order_phoneme,oof_all,,M_predictor,10080,54096,30820.6282481216,0.569739504734575,cnn_6,order_phoneme,ft,order_independent_168_participants
B23,cnn_6::order_sentence,oof_all,,M_predictor,10080,54096,30814.0162082709,0.569617276846178,cnn_6,order_sentence,ft,order_independent_168_participants
B23,cnn_6::order_word,oof_all,,M_predictor,10080,54096,30795.7621627899,0.56927983885666,cnn_6,order_word,ft,order_independent_168_participants
B23,cnn_6::overall,oof_all,,M_predictor,10080,54096,30804.3666975352,0.56943889931853,cnn_6,overall,ft,order_independent_168_participants
B23,cnn_6::within_token_phoneme,oof_all,,M_predictor,10080,54096,30810.116850396,0.569545194661268,cnn_6,within_token_phoneme,ft,order_independent_168_participants
B23,cnn_6::within_token_sentence,oof_all,,M_predictor,10080,54096,30833.7708209336,0.56998245380312,cnn_6,within_token_sentence,ft,order_independent_168_participants
B23,cnn_6::within_token_word,oof_all,,M_predictor,10080,54096,30825.4623927563,0.56982886706515,cnn_6,within_token_word,ft,order_independent_168_participants
B23,cnn_6::within_type_phoneme,oof_all,,M_predictor,10080,54096,30792.9552691545,0.569227951588924,cnn_6,within_type_phoneme,ft,order_independent_168_participants
B23,cnn_6::within_type_word,oof_all,,M_predictor,10080,54096,30791.5130556735,0.569201291327889,cnn_6,within_type_word,ft,order_independent_168_participants
B23,tr_0::between_type_phoneme,oof_all,,M_predictor,10080,54096,30801.8086821024,0.569391612727418,tr_0,between_type_phoneme,ft,order_independent_168_participants
B23,tr_0::between_type_sentence,oof_all,,M_predictor,10080,54096,30796.2289561102,0.569288467836996,tr_0,between_type_sentence,ft,order_independent_168_participants
B23,tr_0::between_type_word,oof_all,,M_predictor,10080,54096,30810.1487304573,0.569545783985087,tr_0,between_type_word,ft,order_independent_168_participants
B23,tr_0::mean_dissimilarity_phoneme,oof_all,,M_predictor,10080,54096,30790.9757826985,0.569191359484962,tr_0,mean_dissimilarity_phoneme,ft,order_independent_168_participants
B23,tr_0::mean_dissimilarity_word,oof_all,,M_predictor,10080,54096,30789.7944517089,0.569169521807691,tr_0,mean_dissimilarity_word,ft,order_independent_168_participants
B23,tr_0::order_phoneme,oof_all,,M_predictor,10080,54096,30813.3922276332,0.569605742155302,tr_0,order_phoneme,ft,order_independent_168_participants
B23,tr_0::order_sentence,oof_all,,M_predictor,10080,54096,30810.7334256933,0.569556592459577,tr_0,order_sentence,ft,order_independent_168_participants
B23,tr_0::order_word,oof_all,,M_predictor,10080,54096,30804.0603207486,0.569433235742913,tr_0,order_word,ft,order_independent_168_participants
B23,tr_0::overall,oof_all,,M_predictor,10080,54096,30792.6048149493,0.569221473213348,tr_0,overall,ft,order_independent_168_participants
B23,tr_0::within_token_phoneme,oof_all,,M_predictor,10080,54096,30798.4844153879,0.569330161479368,tr_0,within_token_phoneme,ft,order_independent_168_participants
B23,tr_0::within_token_sentence,oof_all,,M_predictor,10080,54096,30800.4138745779,0.569365828796545,tr_0,within_token_sentence,ft,order_independent_168_participants
B23,tr_0::within_token_word,oof_all,,M_predictor,10080,54096,30797.902371631,0.569319402019206,tr_0,within_token_word,ft,order_independent_168_participants
B23,tr_0::within_type_phoneme,oof_all,,M_predictor,10080,54096,30793.4253485845,0.569236641315152,tr_0,within_type_phoneme,ft,order_independent_168_participants
B23,tr_0::within_type_word,oof_all,,M_predictor,10080,54096,30791.2572242702,0.569196562116796,tr_0,within_type_word,ft,order_independent_168_participants
B23,tr_10::between_type_phoneme,oof_all,,M_predictor,10080,54096,30792.7842137941,0.569224789518525,tr_10,between_type_phoneme,ft,order_independent_168_participants
B23,tr_10::between_type_sentence,oof_all,,M_predictor,10080,54096,30755.6519869947,0.568538375979641,tr_10,between_type_sentence,ft,order_independent_168_participants
B23,tr_10::between_type_word,oof_all,,M_predictor,10080,54096,30790.6347784152,0.569185055797382,tr_10,between_type_word,ft,order_independent_168_participants
B23,tr_10::mean_dissimilarity_phoneme,oof_all,,M_predictor,10080,54096,30807.7161343012,0.569500815851471,tr_10,mean_dissimilarity_phoneme,ft,order_independent_168_participants
B23,tr_10::mean_dissimilarity_word,oof_all,,M_predictor,10080,54096,30799.2438398065,0.569344199937268,tr_10,mean_dissimilarity_word,ft,order_independent_168_participants
B23,tr_10::order_phoneme,oof_all,,M_predictor,10080,54096,30822.5929112349,0.569775822819338,tr_10,order_phoneme,ft,order_independent_168_participants
B23,tr_10::order_sentence,oof_all,,M_predictor,10080,54096,30815.981277966,0.569653602446873,tr_10,order_sentence,ft,order_independent_168_participants
B23,tr_10::order_word,oof_all,,M_predictor,10080,54096,30865.9475382776,0.570577261503209,tr_10,order_word,ft,order_independent_168_participants
B23,tr_10::overall,oof_all,,M_predictor,10080,54096,30816.8498644498,0.569669658837063,tr_10,overall,ft,order_independent_168_participants
B23,tr_10::within_token_phoneme,oof_all,,M_predictor,10080,54096,30796.3716792768,0.569291106168234,tr_10,within_token_phoneme,ft,order_independent_168_participants
B23,tr_10::within_token_sentence,oof_all,,M_predictor,10080,54096,30805.8355676012,0.569466052344004,tr_10,within_token_sentence,ft,order_independent_168_participants
B23,tr_10::within_token_word,oof_all,,M_predictor,10080,54096,30792.7543557809,0.56922423757359,tr_10,within_token_word,ft,order_independent_168_participants
B23,tr_10::within_type_phoneme,oof_all,,M_predictor,10080,54096,30808.7517617494,0.569519960103324,tr_10,within_type_phoneme,ft,order_independent_168_participants
B23,tr_10::within_type_word,oof_all,,M_predictor,10080,54096,30817.5780668108,0.569683120134776,tr_10,within_type_word,ft,order_independent_168_participants
B23,tr_12::between_type_phoneme,oof_all,,M_predictor,10080,54096,30771.0307632065,0.56882266273304,tr_12,between_type_phoneme,ft,order_independent_168_participants
B23,tr_12::between_type_sentence,oof_all,,M_predictor,10080,54096,30746.5186315969,0.568369539921564,tr_12,between_type_sentence,ft,order_independent_168_participants
B23,tr_12::between_type_word,oof_all,,M_predictor,10080,54096,30821.4701728574,0.569755068264889,tr_12,between_type_word,ft,order_independent_168_participants
B23,tr_12::mean_dissimilarity_phoneme,oof_all,,M_predictor,10080,54096,30816.9200176024,0.569670955664049,tr_12,mean_dissimilarity_phoneme,ft,order_independent_168_participants
B23,tr_12::mean_dissimilarity_word,oof_all,,M_predictor,10080,54096,30822.3976443753,0.569772213183512,tr_12,mean_dissimilarity_word,ft,order_independent_168_participants
B23,tr_12::order_phoneme,oof_all,,M_predictor,10080,54096,30814.752299681,0.569630883978131,tr_12,order_phoneme,ft,order_independent_168_participants
B23,tr_12::order_sentence,oof_all,,M_predictor,10080,54096,30788.300555053,0.569141906149308,tr_12,order_sentence,ft,order_independent_168_participants
B23,tr_12::order_word,oof_all,,M_predictor,10080,54096,30787.7171133857,0.569131120847857,tr_12,order_word,ft,order_independent_168_participants
B23,tr_12::overall,oof_all,,M_predictor,10080,54096,30802.6324347074,0.569406840333988,tr_12,overall,ft,order_independent_168_participants
B23,tr_12::within_token_phoneme,oof_all,,M_predictor,10080,54096,30827.7879699694,0.569871856883492,tr_12,within_token_phoneme,ft,order_independent_168_participants
B23,tr_12::within_token_sentence,oof_all,,M_predictor,10080,54096,30803.2436534551,0.569418139112967,tr_12,within_token_sentence,ft,order_independent_168_participants
B23,tr_12::within_token_word,oof_all,,M_predictor,10080,54096,30820.0106664848,0.569728088333423,tr_12,within_token_word,ft,order_independent_168_participants
B23,tr_12::within_type_phoneme,oof_all,,M_predictor,10080,54096,30821.645714016,0.569758313258207,tr_12,within_type_phoneme,ft,order_independent_168_participants
B23,tr_12::within_type_word,oof_all,,M_predictor,10080,54096,30866.770287089,0.570592470553996,tr_12,within_type_word,ft,order_independent_168_participants
B23,tr_14::between_type_phoneme,oof_all,,M_predictor,10080,54096,30801.5521351115,0.569386870288219,tr_14,between_type_phoneme,ft,order_independent_168_participants
B23,tr_14::between_type_sentence,oof_all,,M_predictor,10080,54096,30804.4536412271,0.569440506529634,tr_14,between_type_sentence,ft,order_independent_168_participants
B23,tr_14::between_type_word,oof_all,,M_predictor,10080,54096,30800.5488135396,0.569368323231654,tr_14,between_type_word,ft,order_independent_168_participants
B23,tr_14::mean_dissimilarity_phoneme,oof_all,,M_predictor,10080,54096,30818.0860883112,0.569692511245032,tr_14,mean_dissimilarity_phoneme,ft,order_independent_168_participants
B23,tr_14::mean_dissimilarity_word,oof_all,,M_predictor,10080,54096,30857.996909086,0.570430288913894,tr_14,mean_dissimilarity_word,ft,order_independent_168_participants
B23,tr_14::order_phoneme,oof_all,,M_predictor,10080,54096,30812.0210262484,0.569580394599386,tr_14,order_phoneme,ft,order_independent_168_participants
B23,tr_14::order_sentence,oof_all,,M_predictor,10080,54096,30754.657475215,0.568519991777859,tr_14,order_sentence,ft,order_independent_168_participants
B23,tr_14::order_word,oof_all,,M_predictor,10080,54096,30819.8938205958,0.569725928360614,tr_14,order_word,ft,order_independent_168_participants
B23,tr_14::overall,oof_all,,M_predictor,10080,54096,30760.5803965144,0.56862948085837,tr_14,overall,ft,order_independent_168_participants
B23,tr_14::within_token_phoneme,oof_all,,M_predictor,10080,54096,30853.0433073571,0.570338718340673,tr_14,within_token_phoneme,ft,order_independent_168_participants
B23,tr_14::within_token_sentence,oof_all,,M_predictor,10080,54096,30759.0657113243,0.568601480910312,tr_14,within_token_sentence,ft,order_independent_168_participants
B23,tr_14::within_token_word,oof_all,,M_predictor,10080,54096,30873.431456123,0.570715606627532,tr_14,within_token_word,ft,order_independent_168_participants
B23,tr_14::within_type_phoneme,oof_all,,M_predictor,10080,54096,30807.5442416977,0.569497638304083,tr_14,within_type_phoneme,ft,order_independent_168_participants
B23,tr_14::within_type_word,oof_all,,M_predictor,10080,54096,30862.1245094171,0.570506590310135,tr_14,within_type_word,ft,order_independent_168_participants
B23,tr_16::between_type_phoneme,oof_all,,M_predictor,10080,54096,30809.4973199733,0.569533742235531,tr_16,between_type_phoneme,ft,order_independent_168_participants
B23,tr_16::between_type_sentence,oof_all,,M_predictor,10080,54096,30812.9012940785,0.569596666926918,tr_16,between_type_sentence,ft,order_independent_168_participants
B23,tr_16::between_type_word,oof_all,,M_predictor,10080,54096,30823.6847990567,0.569796007081054,tr_16,between_type_word,ft,order_independent_168_participants
B23,tr_16::mean_dissimilarity_phoneme,oof_all,,M_predictor,10080,54096,30819.6570040651,0.569721550651898,tr_16,mean_dissimilarity_phoneme,ft,order_independent_168_participants
B23,tr_16::mean_dissimilarity_word,oof_all,,M_predictor,10080,54096,30874.8881461053,0.57074253449618,tr_16,mean_dissimilarity_word,ft,order_independent_168_participants
B23,tr_16::order_phoneme,oof_all,,M_predictor,10080,54096,30824.0425307854,0.569802619986421,tr_16,order_phoneme,ft,order_independent_168_participants
B23,tr_16::order_sentence,oof_all,,M_predictor,10080,54096,30795.7560937788,0.569279726667014,tr_16,order_sentence,ft,order_independent_168_participants
B23,tr_16::order_word,oof_all,,M_predictor,10080,54096,30822.4836876345,0.569773803749529,tr_16,order_word,ft,order_independent_168_participants
B23,tr_16::overall,oof_all,,M_predictor,10080,54096,30807.781093536,0.569502016665484,tr_16,overall,ft,order_independent_168_participants
B23,tr_16::within_token_phoneme,oof_all,,M_predictor,10080,54096,30793.5558398861,0.569239053532352,tr_16,within_token_phoneme,ft,order_independent_168_participants
B23,tr_16::within_token_sentence,oof_all,,M_predictor,10080,54096,30772.1803930914,0.568843914394621,tr_16,within_token_sentence,ft,order_independent_168_participants
B23,tr_16::within_token_word,oof_all,,M_predictor,10080,54096,30820.1025053256,0.56972978603456,tr_16,within_token_word,ft,order_independent_168_participants
B23,tr_16::within_type_phoneme,oof_all,,M_predictor,10080,54096,30824.5187537245,0.569811423279439,tr_16,within_type_phoneme,ft,order_independent_168_participants
B23,tr_16::within_type_word,oof_all,,M_predictor,10080,54096,30866.0279285953,0.570578747570898,tr_16,within_type_word,ft,order_independent_168_participants
B23,tr_18::between_type_phoneme,oof_all,,M_predictor,10080,54096,30805.461700957,0.569459141174154,tr_18,between_type_phoneme,ft,order_independent_168_participants
B23,tr_18::between_type_sentence,oof_all,,M_predictor,10080,54096,30783.6001206374,0.569055015539734,tr_18,between_type_sentence,ft,order_independent_168_participants
B23,tr_18::between_type_word,oof_all,,M_predictor,10080,54096,30812.7406615092,0.569593697528638,tr_18,between_type_word,ft,order_independent_168_participants
B23,tr_18::mean_dissimilarity_phoneme,oof_all,,M_predictor,10080,54096,30788.050063074,0.569137275640971,tr_18,mean_dissimilarity_phoneme,ft,order_independent_168_participants
B23,tr_18::mean_dissimilarity_word,oof_all,,M_predictor,10080,54096,30837.9684375809,0.570060049496837,tr_18,mean_dissimilarity_word,ft,order_independent_168_participants
B23,tr_18::order_phoneme,oof_all,,M_predictor,10080,54096,30813.9530825917,0.569616109926643,tr_18,order_phoneme,ft,order_independent_168_participants
B23,tr_18::order_sentence,oof_all,,M_predictor,10080,54096,30770.9447806268,0.568821073288723,tr_18,order_sentence,ft,order_independent_168_participants
B23,tr_18::order_word,oof_all,,M_predictor,10080,54096,30794.1600859018,0.569250223415812,tr_18,order_word,ft,order_independent_168_participants
B23,tr_18::overall,oof_all,,M_predictor,10080,54096,30818.9125203419,0.56970778838254,tr_18,overall,ft,order_independent_168_participants
B23,tr_18::within_token_phoneme,oof_all,,M_predictor,10080,54096,30816.1672538868,0.569657040333608,tr_18,within_token_phoneme,ft,order_independent_168_participants
B23,tr_18::within_token_sentence,oof_all,,M_predictor,10080,54096,30814.3636634589,0.569623699782959,tr_18,within_token_sentence,ft,order_independent_168_participants
B23,tr_18::within_token_word,oof_all,,M_predictor,10080,54096,30829.7289333627,0.569907736863403,tr_18,within_token_word,ft,order_independent_168_participants
B23,tr_18::within_type_phoneme,oof_all,,M_predictor,10080,54096,30827.4175478661,0.569865009388237,tr_18,within_type_phoneme,ft,order_independent_168_participants
B23,tr_18::within_type_word,oof_all,,M_predictor,10080,54096,30856.3537761644,0.57039991452537,tr_18,within_type_word,ft,order_independent_168_participants
B23,tr_20::between_type_phoneme,oof_all,,M_predictor,10080,54096,30808.4159666668,0.569513752711233,tr_20,between_type_phoneme,ft,order_independent_168_participants
B23,tr_20::between_type_sentence,oof_all,,M_predictor,10080,54096,30848.8952746405,0.5702620392384,tr_20,between_type_sentence,ft,order_independent_168_participants
B23,tr_20::between_type_word,oof_all,,M_predictor,10080,54096,30821.5378377219,0.569756319094238,tr_20,between_type_word,ft,order_independent_168_participants
B23,tr_20::mean_dissimilarity_phoneme,oof_all,,M_predictor,10080,54096,30846.0768882947,0.570209939520384,tr_20,mean_dissimilarity_phoneme,ft,order_independent_168_participants
B23,tr_20::mean_dissimilarity_word,oof_all,,M_predictor,10080,54096,30866.6868022693,0.570590927282411,tr_20,mean_dissimilarity_word,ft,order_independent_168_participants
B23,tr_20::order_phoneme,oof_all,,M_predictor,10080,54096,30789.9897666799,0.569173132332887,tr_20,order_phoneme,ft,order_independent_168_participants
B23,tr_20::order_sentence,oof_all,,M_predictor,10080,54096,30765.2442045651,0.568715694405596,tr_20,order_sentence,ft,order_independent_168_participants
B23,tr_20::order_word,oof_all,,M_predictor,10080,54096,30785.2177952288,0.569084919314345,tr_20,order_word,ft,order_independent_168_participants
B23,tr_20::overall,oof_all,,M_predictor,10080,54096,30857.0132233938,0.57041210483943,tr_20,overall,ft,order_independent_168_participants
B23,tr_20::within_token_phoneme,oof_all,,M_predictor,10080,54096,30813.2420599813,0.569602966207877,tr_20,within_token_phoneme,ft,order_independent_168_participants
B23,tr_20::within_token_sentence,oof_all,,M_predictor,10080,54096,30843.5415448321,0.570163072035495,tr_20,within_token_sentence,ft,order_independent_168_participants
B23,tr_20::within_token_word,oof_all,,M_predictor,10080,54096,30814.3068326096,0.569622649227477,tr_20,within_token_word,ft,order_independent_168_participants
B23,tr_20::within_type_phoneme,oof_all,,M_predictor,10080,54096,30844.0413001518,0.570172310339984,tr_20,within_type_phoneme,ft,order_independent_168_participants
B23,tr_20::within_type_word,oof_all,,M_predictor,10080,54096,30868.6199966195,0.570626663646471,tr_20,within_type_word,ft,order_independent_168_participants
B23,tr_22::between_type_phoneme,oof_all,,M_predictor,10080,54096,30759.9509222502,0.568617844614207,tr_22,between_type_phoneme,ft,order_independent_168_participants
B23,tr_22::between_type_sentence,oof_all,,M_predictor,10080,54096,30816.7503032328,0.569667818382742,tr_22,between_type_sentence,ft,order_independent_168_participants
B23,tr_22::between_type_word,oof_all,,M_predictor,10080,54096,30808.2468189656,0.569510625905161,tr_22,between_type_word,ft,order_independent_168_participants
B23,tr_22::mean_dissimilarity_phoneme,oof_all,,M_predictor,10080,54096,30803.1968166475,0.569417273303895,tr_22,mean_dissimilarity_phoneme,ft,order_independent_168_participants
B23,tr_22::mean_dissimilarity_word,oof_all,,M_predictor,10080,54096,30813.0627068631,0.569599650747987,tr_22,mean_dissimilarity_word,ft,order_independent_168_participants
B23,tr_22::order_phoneme,oof_all,,M_predictor,10080,54096,30771.3497624331,0.56882855964273,tr_22,order_phoneme,ft,order_independent_168_participants
B23,tr_22::order_sentence,oof_all,,M_predictor,10080,54096,30753.1351762792,0.568491851084723,tr_22,order_sentence,ft,order_independent_168_participants
B23,tr_22::order_word,oof_all,,M_predictor,10080,54096,30811.8867433447,0.569577912291938,tr_22,order_word,ft,order_independent_168_participants
B23,tr_22::overall,oof_all,,M_predictor,10080,54096,30859.741589625,0.570462540476652,tr_22,overall,ft,order_independent_168_participants
B23,tr_22::within_token_phoneme,oof_all,,M_predictor,10080,54096,30824.4456749203,0.569810072369867,tr_22,within_token_phoneme,ft,order_independent_168_participants
B23,tr_22::within_token_sentence,oof_all,,M_predictor,10080,54096,30862.2020975188,0.570508024577027,tr_22,within_token_sentence,ft,order_independent_168_participants
B23,tr_22::within_token_word,oof_all,,M_predictor,10080,54096,30772.8459087429,0.568856216887439,tr_22,within_token_word,ft,order_independent_168_participants
B23,tr_22::within_type_phoneme,oof_all,,M_predictor,10080,54096,30820.7935620418,0.569742560670692,tr_22,within_type_phoneme,ft,order_independent_168_participants
B23,tr_22::within_type_word,oof_all,,M_predictor,10080,54096,30797.7927048921,0.569317374757691,tr_22,within_type_word,ft,order_independent_168_participants
B23,tr_24::between_type_phoneme,oof_all,,M_predictor,10080,54096,30788.8147459937,0.569151411305711,tr_24,between_type_phoneme,ft,order_independent_168_participants
B23,tr_24::between_type_sentence,oof_all,,M_predictor,10080,54096,30795.456381469,0.569274186288617,tr_24,between_type_sentence,ft,order_independent_168_participants
B23,tr_24::between_type_word,oof_all,,M_predictor,10080,54096,30831.0785048197,0.569932684575934,tr_24,between_type_word,ft,order_independent_168_participants
B23,tr_24::mean_dissimilarity_phoneme,oof_all,,M_predictor,10080,54096,30797.8855783201,0.569319091583853,tr_24,mean_dissimilarity_phoneme,ft,order_independent_168_participants
B23,tr_24::mean_dissimilarity_word,oof_all,,M_predictor,10080,54096,30864.1799416683,0.570544586321877,tr_24,mean_dissimilarity_word,ft,order_independent_168_participants
B23,tr_24::order_phoneme,oof_all,,M_predictor,10080,54096,30827.1187366518,0.569859485667181,tr_24,order_phoneme,ft,order_independent_168_participants
B23,tr_24::order_sentence,oof_all,,M_predictor,10080,54096,30829.2379186079,0.569898660133982,tr_24,order_sentence,ft,order_independent_168_participants
B23,tr_24::order_word,oof_all,,M_predictor,10080,54096,30850.9605947312,0.570300218033333,tr_24,order_word,ft,order_independent_168_participants
B23,tr_24::overall,oof_all,,M_predictor,10080,54096,30817.1931857783,0.569676005356741,tr_24,overall,ft,order_independent_168_participants
B23,tr_24::within_token_phoneme,oof_all,,M_predictor,10080,54096,30777.349082031,0.568939460995841,tr_24,within_token_phoneme,ft,order_independent_168_participants
B23,tr_24::within_token_sentence,oof_all,,M_predictor,10080,54096,30796.4161517299,0.569291928270665,tr_24,within_token_sentence,ft,order_independent_168_participants
B23,tr_24::within_token_word,oof_all,,M_predictor,10080,54096,30783.2616199931,0.56904875813356,tr_24,within_token_word,ft,order_independent_168_participants
B23,tr_24::within_type_phoneme,oof_all,,M_predictor,10080,54096,30818.9171348944,0.569707873685566,tr_24,within_type_phoneme,ft,order_independent_168_participants
B23,tr_24::within_type_word,oof_all,,M_predictor,10080,54096,30842.3656020009,0.570141333961862,tr_24,within_type_word,ft,order_independent_168_participants
B23,tr_2::between_type_phoneme,oof_all,,M_predictor,10080,54096,30797.0587402804,0.569303806941001,tr_2,between_type_phoneme,ft,order_independent_168_participants
B23,tr_2::between_type_sentence,oof_all,,M_predictor,10080,54096,30755.5667788169,0.568536800850653,tr_2,between_type_sentence,ft,order_independent_168_participants
B23,tr_2::between_type_word,oof_all,,M_predictor,10080,54096,30800.8577821618,0.569374034719051,tr_2,between_type_word,ft,order_independent_168_participants
B23,tr_2::mean_dissimilarity_phoneme,oof_all,,M_predictor,10080,54096,30784.7877332389,0.569076969336714,tr_2,mean_dissimilarity_phoneme,ft,order_independent_168_participants
B23,tr_2::mean_dissimilarity_word,oof_all,,M_predictor,10080,54096,30787.2069839096,0.569121690770289,tr_2,mean_dissimilarity_word,ft,order_independent_168_participants
B23,tr_2::order_phoneme,oof_all,,M_predictor,10080,54096,30802.7537656989,0.569409083216854,tr_2,order_phoneme,ft,order_independent_168_participants
B23,tr_2::order_sentence,oof_all,,M_predictor,10080,54096,30799.7723895837,0.569353970526171,tr_2,order_sentence,ft,order_independent_168_participants
B23,tr_2::order_word,oof_all,,M_predictor,10080,54096,30795.8675790374,0.569281787545057,tr_2,order_word,ft,order_independent_168_participants
B23,tr_2::overall,oof_all,,M_predictor,10080,54096,30771.4265688944,0.568829979460484,tr_2,overall,ft,order_independent_168_participants
B23,tr_2::within_token_phoneme,oof_all,,M_predictor,10080,54096,30844.70264582,0.57018453574793,tr_2,within_token_phoneme,ft,order_independent_168_participants
B23,tr_2::within_token_sentence,oof_all,,M_predictor,10080,54096,30781.4102860307,0.569014535012397,tr_2,within_token_sentence,ft,order_independent_168_participants
B23,tr_2::within_token_word,oof_all,,M_predictor,10080,54096,30810.2429528412,0.569547525747583,tr_2,within_token_word,ft,order_independent_168_participants
B23,tr_2::within_type_phoneme,oof_all,,M_predictor,10080,54096,30785.9298161163,0.569098081486918,tr_2,within_type_phoneme,ft,order_independent_168_participants
B23,tr_2::within_type_word,oof_all,,M_predictor,10080,54096,30796.7075450474,0.569297314867041,tr_2,within_type_word,ft,order_independent_168_participants
B23,tr_4::between_type_phoneme,oof_all,,M_predictor,10080,54096,30795.4111349925,0.569273349877856,tr_4,between_type_phoneme,ft,order_independent_168_participants
B23,tr_4::between_type_sentence,oof_all,,M_predictor,10080,54096,30726.7125330124,0.568003411213627,tr_4,between_type_sentence,ft,order_independent_168_participants
B23,tr_4::between_type_word,oof_all,,M_predictor,10080,54096,30748.5440628047,0.568406981344364,tr_4,between_type_word,ft,order_independent_168_participants
B23,tr_4::mean_dissimilarity_phoneme,oof_all,,M_predictor,10080,54096,30759.1021437678,0.568602154387899,tr_4,mean_dissimilarity_phoneme,ft,order_independent_168_participants
B23,tr_4::mean_dissimilarity_word,oof_all,,M_predictor,10080,54096,30783.8386323752,0.569059424585463,tr_4,mean_dissimilarity_word,ft,order_independent_168_participants
B23,tr_4::order_phoneme,oof_all,,M_predictor,10080,54096,30805.6548564347,0.5694627117797,tr_4,order_phoneme,ft,order_independent_168_participants
B23,tr_4::order_sentence,oof_all,,M_predictor,10080,54096,30810.5460194593,0.569553128132565,tr_4,order_sentence,ft,order_independent_168_participants
B23,tr_4::order_word,oof_all,,M_predictor,10080,54096,30793.5504161527,0.569238953271087,tr_4,order_word,ft,order_independent_168_participants
B23,tr_4::overall,oof_all,,M_predictor,10080,54096,30801.0797203215,0.569378137391332,tr_4,overall,ft,order_independent_168_participants
B23,tr_4::within_token_phoneme,oof_all,,M_predictor,10080,54096,30839.3253530605,0.570085132968435,tr_4,within_token_phoneme,ft,order_independent_168_participants
B23,tr_4::within_token_sentence,oof_all,,M_predictor,10080,54096,30805.7959735095,0.56946532042128,tr_4,within_token_sentence,ft,order_independent_168_participants
B23,tr_4::within_token_word,oof_all,,M_predictor,10080,54096,30820.7542866094,0.569741834638595,tr_4,within_token_word,ft,order_independent_168_participants
B23,tr_4::within_type_phoneme,oof_all,,M_predictor,10080,54096,30763.7454024971,0.568687988067456,tr_4,within_type_phoneme,ft,order_independent_168_participants
B23,tr_4::within_type_word,oof_all,,M_predictor,10080,54096,30779.2334782984,0.568974295295371,tr_4,within_type_word,ft,order_independent_168_participants
B23,tr_6::between_type_phoneme,oof_all,,M_predictor,10080,54096,30777.6001220935,0.56894410163586,tr_6,between_type_phoneme,ft,order_independent_168_participants
B23,tr_6::between_type_sentence,oof_all,,M_predictor,10080,54096,30752.7068271728,0.568483932770866,tr_6,between_type_sentence,ft,order_independent_168_participants
B23,tr_6::between_type_word,oof_all,,M_predictor,10080,54096,30760.1805234909,0.568622088943562,tr_6,between_type_word,ft,order_independent_168_participants
B23,tr_6::mean_dissimilarity_phoneme,oof_all,,M_predictor,10080,54096,30795.1475335322,0.569268477032168,tr_6,mean_dissimilarity_phoneme,ft,order_independent_168_participants
B23,tr_6::mean_dissimilarity_word,oof_all,,M_predictor,10080,54096,30788.681143054,0.569148941567843,tr_6,mean_dissimilarity_word,ft,order_independent_168_participants
B23,tr_6::order_phoneme,oof_all,,M_predictor,10080,54096,30814.8982589006,0.569633582129928,tr_6,order_phoneme,ft,order_independent_168_participants
B23,tr_6::order_sentence,oof_all,,M_predictor,10080,54096,30886.0453949166,0.570948783549923,tr_6,order_sentence,ft,order_independent_168_participants
B23,tr_6::order_word,oof_all,,M_predictor,10080,54096,30794.4872811404,0.569256271834154,tr_6,order_word,ft,order_independent_168_participants
B23,tr_6::overall,oof_all,,M_predictor,10080,54096,30786.3113679915,0.569105134723298,tr_6,overall,ft,order_independent_168_participants
B23,tr_6::within_token_phoneme,oof_all,,M_predictor,10080,54096,30842.4479841966,0.57014285685072,tr_6,within_token_phoneme,ft,order_independent_168_participants
B23,tr_6::within_token_sentence,oof_all,,M_predictor,10080,54096,30799.9867252277,0.569357932660968,tr_6,within_token_sentence,ft,order_independent_168_participants
B23,tr_6::within_token_word,oof_all,,M_predictor,10080,54096,30805.9420958578,0.569468021588616,tr_6,within_token_word,ft,order_independent_168_participants
B23,tr_6::within_type_phoneme,oof_all,,M_predictor,10080,54096,30799.6314178379,0.569351364571094,tr_6,within_type_phoneme,ft,order_independent_168_participants
B23,tr_6::within_type_word,oof_all,,M_predictor,10080,54096,30804.2577398554,0.569436885164438,tr_6,within_type_word,ft,order_independent_168_participants
B23,tr_8::between_type_phoneme,oof_all,,M_predictor,10080,54096,30787.2985177289,0.569123382832907,tr_8,between_type_phoneme,ft,order_independent_168_participants
B23,tr_8::between_type_sentence,oof_all,,M_predictor,10080,54096,30801.3289799755,0.569382745119334,tr_8,between_type_sentence,ft,order_independent_168_participants
B23,tr_8::between_type_word,oof_all,,M_predictor,10080,54096,30825.2863394163,0.56982561260382,tr_8,between_type_word,ft,order_independent_168_participants
B23,tr_8::mean_dissimilarity_phoneme,oof_all,,M_predictor,10080,54096,30801.0455489988,0.569377505712045,tr_8,mean_dissimilarity_phoneme,ft,order_independent_168_participants
B23,tr_8::mean_dissimilarity_word,oof_all,,M_predictor,10080,54096,30782.8056422888,0.569040329086971,tr_8,mean_dissimilarity_word,ft,order_independent_168_participants
B23,tr_8::order_phoneme,oof_all,,M_predictor,10080,54096,30792.3177699926,0.569216166999271,tr_8,order_phoneme,ft,order_independent_168_participants
B23,tr_8::order_sentence,oof_all,,M_predictor,10080,54096,30859.3762119004,0.570455786230044,tr_8,order_sentence,ft,order_independent_168_participants
B23,tr_8::order_word,oof_all,,M_predictor,10080,54096,30839.0397883874,0.57007985411837,tr_8,order_word,ft,order_independent_168_participants
B23,tr_8::overall,oof_all,,M_predictor,10080,54096,30749.2638875147,0.568420287775707,tr_8,overall,ft,order_independent_168_participants
B23,tr_8::within_token_phoneme,oof_all,,M_predictor,10080,54096,30862.4576624828,0.570512748862813,tr_8,within_token_phoneme,ft,order_independent_168_participants
B23,tr_8::within_token_sentence,oof_all,,M_predictor,10080,54096,30740.0687981752,0.568250310525274,tr_8,within_token_sentence,ft,order_independent_168_participants
B23,tr_8::within_token_word,oof_all,,M_predictor,10080,54096,30763.2108812216,0.568678107091496,tr_8,within_token_word,ft,order_independent_168_participants
B23,tr_8::within_type_phoneme,oof_all,,M_predictor,10080,54096,30801.8102944498,0.569391642532716,tr_8,within_type_phoneme,ft,order_independent_168_participants
B23,tr_8::within_type_word,oof_all,,M_predictor,10080,54096,30807.0006498241,0.569487589652176,tr_8,within_type_word,ft,order_independent_168_participants
