feature_key,M_condition,M_joint,M_predictor,predictor_oof_total_log_loss,predictor_oof_total_trials,layer,dataset_id,variant,predictor_beyond_condition_oof_gain,condition_beyond_predictor_oof_gain
cnn_2::overall_order_sensitive,0.684140214084024,0.684045633577973,0.690074182552896,3974.82729150468,5760,cnn_2,AN19,base,9.458050605104518e-05,0.006028548974922998
cnn_3::overall_order_sensitive,0.684140214084024,0.684423174135676,0.68977851860139,3973.12426714401,5760,cnn_3,AN19,base,-0.00028296005165195925,0.0053553444657139515
cnn_4::overall_order_sensitive,0.684140214084024,0.684285574542137,0.690692565474789,3978.38917713478,5760,cnn_4,AN19,base,-0.00014536045811297527,0.006406990932651957
cnn_5::overall_order_sensitive,0.684140214084024,0.683962491834036,0.690174141787092,3975.40305669365,5760,cnn_5,AN19,base,0.00017772224998802155,0.006211649953056009
cnn_6::overall_order_sensitive,0.684140214084024,0.684617769954244,0.690786286828096,3978.92901212983,5760,cnn_6,AN19,base,-0.0004775558702199145,0.0061685168738520035
tr_0::overall_order_sensitive,0.684140214084024,0.683923017319478,0.690603808309356,3977.87793586189,5760,tr_0,AN19,base,0.00021719676454601267,0.006680790989877949
tr_10::overall_order_sensitive,0.684140214084024,0.684062310967207,0.690182849919815,3975.45321553813,5760,tr_10,AN19,base,7.79031168169908e-05,0.006120538952608001
tr_12::overall_order_sensitive,0.684140214084024,0.683932683171897,0.690167442722177,3975.36447007974,5760,tr_12,AN19,base,0.00020753091212699637,0.006234759550279967
tr_14::overall_order_sensitive,0.684140214084024,0.684090483886212,0.689901048637656,3973.8300401529,5760,tr_14,AN19,base,4.973019781207011e-05,0.005810564751444036
tr_16::overall_order_sensitive,0.684140214084024,0.684111162181076,0.689975846089791,3974.2608734772,5760,tr_16,AN19,base,2.905190294799631e-05,0.005864683908714974
tr_18::overall_order_sensitive,0.684140214084024,0.684132263851912,0.689906982677203,3973.86422022069,5760,tr_18,AN19,base,7.95023211208612e-06,0.005774718825291014
tr_20::overall_order_sensitive,0.684140214084024,0.683883032663504,0.690249128399941,3975.83497958366,5760,tr_20,AN19,base,0.0002571814205200029,0.006366095736436983
tr_22::overall_order_sensitive,0.684140214084024,0.683900550904912,0.690102895615951,3974.99267874788,5760,tr_22,AN19,base,0.0002396631791120596,0.006202344711038976
tr_24::overall_order_sensitive,0.684140214084024,0.684554247994592,0.689831430575812,3973.42904011668,5760,tr_24,AN19,base,-0.0004140339105679347,0.005277182581220008
tr_2::overall_order_sensitive,0.684140214084024,0.684121498795235,0.689983308052653,3974.30385438328,5760,tr_2,AN19,base,1.871528878905071e-05,0.005861809257417971
tr_4::overall_order_sensitive,0.684140214084024,0.684204919324135,0.69000540513932,3974.43113360248,5760,tr_4,AN19,base,-6.470524011092937e-05,0.005800485815184997
tr_6::overall_order_sensitive,0.684140214084024,0.684150624797966,0.69030819468304,3976.17520137431,5760,tr_6,AN19,base,-1.0410713941921834e-05,0.006157569885074099
tr_8::overall_order_sensitive,0.684140214084024,0.684134645914031,0.690168345645946,3975.36967092065,5760,tr_8,AN19,base,5.568169993086514e-06,0.006033699731915032
cnn_2::overall_order_sensitive,0.684140214084024,0.684045633577973,0.690074182552896,3974.82729150468,5760,cnn_2,AN19,ft,9.458050605104518e-05,0.006028548974922998
cnn_3::overall_order_sensitive,0.684140214084024,0.684423174135676,0.68977851860139,3973.12426714401,5760,cnn_3,AN19,ft,-0.00028296005165195925,0.0053553444657139515
cnn_4::overall_order_sensitive,0.684140214084024,0.684285574542137,0.690692565474789,3978.38917713478,5760,cnn_4,AN19,ft,-0.00014536045811297527,0.006406990932651957
cnn_5::overall_order_sensitive,0.684140214084024,0.683962491834036,0.690174141787092,3975.40305669365,5760,cnn_5,AN19,ft,0.00017772224998802155,0.006211649953056009
cnn_6::overall_order_sensitive,0.684140214084024,0.684617769954244,0.690786286828096,3978.92901212983,5760,cnn_6,AN19,ft,-0.0004775558702199145,0.0061685168738520035
tr_0::overall_order_sensitive,0.684140214084024,0.683872972122346,0.690478598791246,3977.15672903758,5760,tr_0,AN19,ft,0.00026724196167804415,0.0066056266688999665
tr_10::overall_order_sensitive,0.684140214084024,0.684119656492187,0.689999844816681,3974.39910614408,5760,tr_10,AN19,ft,2.0557591837055966e-05,0.005880188324493996
tr_12::overall_order_sensitive,0.684140214084024,0.684283050458198,0.690085946838862,3974.89505379184,5760,tr_12,AN19,ft,-0.00014283637417400463,0.005802896380664002
tr_14::overall_order_sensitive,0.684140214084024,0.684178798701421,0.69009425957232,3974.94293513656,5760,tr_14,AN19,ft,-3.858461739691954e-05,0.005915460870899003
tr_16::overall_order_sensitive,0.684140214084024,0.68409203902849,0.690172117886495,3975.39139902621,5760,tr_16,AN19,ft,4.817505553400547e-05,0.006080078858004989
tr_18::overall_order_sensitive,0.684140214084024,0.684008630279501,0.690189814527429,3975.49333167799,5760,tr_18,AN19,ft,0.00013158380452304996,0.006181184247928018
tr_20::overall_order_sensitive,0.684140214084024,0.68401844528181,0.690234581564779,3975.75118981313,5760,tr_20,AN19,ft,0.00012176880221403952,0.00621613628296902
tr_22::overall_order_sensitive,0.684140214084024,0.684186646086753,0.690068115014877,3974.79234248569,5760,tr_22,AN19,ft,-4.6432002728913346e-05,0.005881468928124023
tr_24::overall_order_sensitive,0.684140214084024,0.684037255468784,0.689992104366317,3974.35452114999,5760,tr_24,AN19,ft,0.00010295861524001193,0.0059548488975329494
tr_2::overall_order_sensitive,0.684140214084024,0.684289422507434,0.689980680678557,3974.28872070849,5760,tr_2,AN19,ft,-0.00014920842340993,0.005691258171123037
tr_4::overall_order_sensitive,0.684140214084024,0.684324219890389,0.689966898551064,3974.20933565413,5760,tr_4,AN19,ft,-0.0001840058063650174,0.005642678660674916
tr_6::overall_order_sensitive,0.684140214084024,0.684272068224639,0.690223389671119,3975.68672450564,5760,tr_6,AN19,ft,-0.00013185414061500644,0.005951321446479918
tr_8::overall_order_sensitive,0.684140214084024,0.684123445969799,0.690293305814318,3976.08944149047,5760,tr_8,AN19,ft,1.676811422501867e-05,0.00616985984451901
cnn_2::overall_order_sensitive,0.48721765133721,0.487719898914035,0.492784869613262,8119.61629661773,16477,cnn_2,X21,base,-0.0005022475768249879,0.005064970699227012
cnn_3::overall_order_sensitive,0.48721765133721,0.487036260880948,0.493867620387282,8137.45678112125,16477,cnn_3,X21,base,0.00018139045626203165,0.006831359506334012
cnn_4::overall_order_sensitive,0.48721765133721,0.486966252327366,0.493838712311775,8136.98046276112,16477,cnn_4,X21,base,0.000251399009844,0.006872459984408996
cnn_5::overall_order_sensitive,0.48721765133721,0.487061474653979,0.494208014600972,8143.06545658022,16477,cnn_5,X21,base,0.00015617668323103517,0.007146539946993047
cnn_6::overall_order_sensitive,0.48721765133721,0.487382567099342,0.490355675678278,8079.59046815099,16477,cnn_6,X21,base,-0.00016491576213201187,0.002973108578935957
tr_0::overall_order_sensitive,0.48721765133721,0.48701851829826,0.493885602264819,8137.75306851743,16477,tr_0,X21,base,0.00019913303895002787,0.0068670839665589956
tr_10::overall_order_sensitive,0.48721765133721,0.487418791527925,0.494011697534646,8139.83074027837,16477,tr_10,X21,base,-0.0002011401907149879,0.006592906006721022
tr_12::overall_order_sensitive,0.48721765133721,0.487139510829549,0.49398893470609,8139.45567715224,16477,tr_12,X21,base,7.814050766102865e-05,0.006849423876541028
tr_14::overall_order_sensitive,0.48721765133721,0.487130876405673,0.493971682968803,8139.17142027697,16477,tr_14,X21,base,8.677493153702587e-05,0.00684080656313002
tr_16::overall_order_sensitive,0.48721765133721,0.487367525159423,0.494589235424939,8149.34683209673,16477,tr_16,X21,base,-0.00014987382221298695,0.00722171026551599
tr_18::overall_order_sensitive,0.48721765133721,0.487007027698143,0.493928610994532,8138.4617233569,16477,tr_18,X21,base,0.0002106236390669869,0.006921583296388978
tr_20::overall_order_sensitive,0.48721765133721,0.487111294247443,0.493454856366224,8130.65566834628,16477,tr_20,X21,base,0.00010635708976702851,0.00634356211878101
tr_22::overall_order_sensitive,0.48721765133721,0.48796177924791,0.49286284572924,8120.90110908068,16477,tr_22,X21,base,-0.0007441279106999987,0.004901066481329985
tr_24::overall_order_sensitive,0.48721765133721,0.48751118912099,0.493171888435811,8125.99320575686,16477,tr_24,X21,base,-0.00029353778377999573,0.005660699314820994
tr_2::overall_order_sensitive,0.48721765133721,0.487383911809732,0.493174459464205,8126.03556859171,16477,tr_2,X21,base,-0.00016626047252199516,0.0057905476544730106
tr_4::overall_order_sensitive,0.48721765133721,0.487476125494337,0.493523252128095,8131.78262531462,16477,tr_4,X21,base,-0.0002584741571269866,0.006047126633758004
tr_6::overall_order_sensitive,0.48721765133721,0.487842099525138,0.495036009247118,8156.70832436476,16477,tr_6,X21,base,-0.0006244481879280062,0.007193909721979974
tr_8::overall_order_sensitive,0.48721765133721,0.487071707289212,0.494381171199498,8145.91855785413,16477,tr_8,X21,base,0.00014594404799800342,0.007309463910285974
cnn_2::overall_order_sensitive,0.48721765133721,0.487719898914035,0.492784869613262,8119.61629661773,16477,cnn_2,X21,ft,-0.0005022475768249879,0.005064970699227012
cnn_3::overall_order_sensitive,0.48721765133721,0.487036260880948,0.493867620387282,8137.45678112125,16477,cnn_3,X21,ft,0.00018139045626203165,0.006831359506334012
cnn_4::overall_order_sensitive,0.48721765133721,0.486966252327366,0.493838712311775,8136.98046276112,16477,cnn_4,X21,ft,0.000251399009844,0.006872459984408996
cnn_5::overall_order_sensitive,0.48721765133721,0.487061474653979,0.494208014600972,8143.06545658022,16477,cnn_5,X21,ft,0.00015617668323103517,0.007146539946993047
cnn_6::overall_order_sensitive,0.48721765133721,0.487382567099342,0.490355675678278,8079.59046815099,16477,cnn_6,X21,ft,-0.00016491576213201187,0.002973108578935957
tr_0::overall_order_sensitive,0.48721765133721,0.487154098087269,0.493752352208023,8135.5575073316,16477,tr_0,X21,ft,6.35532499410063e-05,0.006598254120753988
tr_10::overall_order_sensitive,0.48721765133721,0.486955950045456,0.493378995313354,8129.40570577814,16477,tr_10,X21,ft,0.0002617012917540129,0.006423045267897998
tr_12::overall_order_sensitive,0.48721765133721,0.487601872716826,0.493877851782667,8137.625363823,16477,tr_12,X21,ft,-0.0003842213796159677,0.006275979065841042
tr_14::overall_order_sensitive,0.48721765133721,0.487667790145881,0.493209378427425,8126.61092834869,16477,tr_14,X21,ft,-0.00045013880867100786,0.0055415882815439965
tr_16::overall_order_sensitive,0.48721765133721,0.487350319875464,0.494423335822644,8146.61330434971,16477,tr_16,X21,ft,-0.00013266853825399938,0.007073015947179961
tr_18::overall_order_sensitive,0.48721765133721,0.487258069939383,0.494621228155574,8149.8739763194,16477,tr_18,X21,ft,-4.041860217296467e-05,0.007363158216191046
tr_20::overall_order_sensitive,0.48721765133721,0.487015911350877,0.492995161301594,8123.08127276637,16477,tr_20,X21,ft,0.00020173998633299384,0.005979249950716969
tr_22::overall_order_sensitive,0.48721765133721,0.487319820893179,0.493849570103986,8137.15936660338,16477,tr_22,X21,ft,-0.00010216955596897837,0.006529749210807012
tr_24::overall_order_sensitive,0.48721765133721,0.487143896466789,0.492691189392901,8118.07272762684,16477,tr_24,X21,ft,7.375487042099449e-05,0.005547292926112002
tr_2::overall_order_sensitive,0.48721765133721,0.486954723956517,0.494115165794573,8141.53558679717,16477,tr_2,X21,ft,0.00026292738069300103,0.007160441838055975
tr_4::overall_order_sensitive,0.48721765133721,0.487433782010164,0.49338733966883,8129.54319572331,16477,tr_4,X21,ft,-0.0002161306729540069,0.005953557658666009
tr_6::overall_order_sensitive,0.48721765133721,0.486746185994944,0.491348195637215,8095.9442195144,16477,tr_6,X21,ft,0.00047146534226599757,0.004602009642270977
tr_8::overall_order_sensitive,0.48721765133721,0.487217837588283,0.493086797485322,8124.59116216565,16477,tr_8,X21,ft,-1.8625107300884736e-07,0.0058689598970390056
cnn_2::overall_order_sensitive,0.570954682815897,0.572335479416289,0.569212974889964,17778.7980577131,31234,cnn_2,B23,base,-0.0013807966003920313,-0.0031225045263250095
cnn_3::overall_order_sensitive,0.570954682815897,0.572426337887729,0.569871314806036,17799.3606466517,31234,cnn_3,B23,base,-0.001471655071832001,-0.0025550230816929753
cnn_4::overall_order_sensitive,0.570954682815897,0.571507026680135,0.569504963383819,17787.9180263302,31234,cnn_4,B23,base,-0.0005523438642379697,-0.0020020632963160256
cnn_5::overall_order_sensitive,0.570954682815897,0.577467877588807,0.569289694578222,17781.1943204562,31234,cnn_5,B23,base,-0.006513194772910014,-0.008178183010585038
cnn_6::overall_order_sensitive,0.570954682815897,0.573031885980285,0.569122502951105,17775.9722571748,31234,cnn_6,B23,base,-0.002077203164387975,-0.00390938302917998
tr_0::overall_order_sensitive,0.570954682815897,0.572824709569845,0.56884174209562,17767.2029726146,31234,tr_0,B23,base,-0.0018700267539479842,-0.0039829674742249965
tr_10::overall_order_sensitive,0.570954682815897,0.571342100504698,0.569882851701957,17799.7209900589,31234,tr_10,B23,base,-0.00038741768880101723,-0.0014592488027410644
tr_12::overall_order_sensitive,0.570954682815897,0.571296935640195,0.569684024583886,17793.5108238531,31234,tr_12,B23,base,-0.0003422528242980061,-0.0016129110563090077
tr_14::overall_order_sensitive,0.570954682815897,0.570358403264469,0.569542477603373,17789.0897454638,31234,tr_14,B23,base,0.0005962795514280472,-0.0008159256610960064
tr_16::overall_order_sensitive,0.570954682815897,0.569218134920888,0.569483418775838,17787.2451020445,31234,tr_16,B23,base,0.0017365478950089885,0.0002652838549499492
tr_18::overall_order_sensitive,0.570954682815897,0.568407048166577,0.569638634768212,17792.0931183503,31234,tr_18,B23,base,0.002547634649320063,0.0012315866016350263
tr_20::overall_order_sensitive,0.570954682815897,0.57143233039383,0.569277297875272,17780.8071218363,31234,tr_20,B23,base,-0.0004776475779330047,-0.0021550325185579755
tr_22::overall_order_sensitive,0.570954682815897,0.569682204950823,0.569256131526897,17780.1460121111,31234,tr_22,B23,base,0.0012724778650740065,-0.0004260734239259767
tr_24::overall_order_sensitive,0.570954682815897,0.581590741372821,0.569459843137734,17786.508740564,31234,tr_24,B23,base,-0.010636058556923955,-0.012130898235086951
tr_2::overall_order_sensitive,0.570954682815897,0.570077630386427,0.569730794696496,17794.9716415503,31234,tr_2,B23,base,0.0008770524294700044,-0.000346835689930991
tr_4::overall_order_sensitive,0.570954682815897,0.570298099418968,0.569095823563926,17775.1389531957,31234,tr_4,B23,base,0.000656583396928978,-0.0012022758550420676
tr_6::overall_order_sensitive,0.570954682815897,0.57296288693982,0.568654114048756,17761.3425981988,31234,tr_6,B23,base,-0.0020082041239229964,-0.004308772891064017
tr_8::overall_order_sensitive,0.570954682815897,0.57036639111842,0.569302924103688,17781.6075314546,31234,tr_8,B23,base,0.0005882916974769836,-0.0010634670147320335
cnn_2::overall_order_sensitive,0.570954682815897,0.572335479416289,0.569212974889964,17778.7980577131,31234,cnn_2,B23,ft,-0.0013807966003920313,-0.0031225045263250095
cnn_3::overall_order_sensitive,0.570954682815897,0.572426337887729,0.569871314806036,17799.3606466517,31234,cnn_3,B23,ft,-0.001471655071832001,-0.0025550230816929753
cnn_4::overall_order_sensitive,0.570954682815897,0.571507026680135,0.569504963383819,17787.9180263302,31234,cnn_4,B23,ft,-0.0005523438642379697,-0.0020020632963160256
cnn_5::overall_order_sensitive,0.570954682815897,0.577467877588807,0.569289694578222,17781.1943204562,31234,cnn_5,B23,ft,-0.006513194772910014,-0.008178183010585038
cnn_6::overall_order_sensitive,0.570954682815897,0.573031885980285,0.569122502951105,17775.9722571748,31234,cnn_6,B23,ft,-0.002077203164387975,-0.00390938302917998
tr_0::overall_order_sensitive,0.570954682815897,0.573348171222542,0.568954594694602,17770.7278106912,31234,tr_0,B23,ft,-0.0023934884066449946,-0.004393576527940035
tr_10::overall_order_sensitive,0.570954682815897,0.570681500261054,0.569434441552138,17785.7153474395,31234,tr_10,B23,ft,0.0002731825548429878,-0.00124705870891606
tr_12::overall_order_sensitive,0.570954682815897,0.571515257550032,0.569105275127652,17775.4341633371,31234,tr_12,B23,ft,-0.0005605747341349554,-0.002409982422379997
tr_14::overall_order_sensitive,0.570954682815897,0.570933749567392,0.568492951876795,17756.3088589198,31234,tr_14,B23,ft,2.0933248505050628e-05,-0.0024407976905969075
tr_16::overall_order_sensitive,0.570954682815897,0.566524318038337,0.568977299771972,17771.4369810778,31234,tr_16,B23,ft,0.004430364777559981,0.0024529817336349513
tr_18::overall_order_sensitive,0.570954682815897,0.567899018492782,0.568492961797337,17756.309168778,31234,tr_18,B23,ft,0.0030556643231149927,0.000593943304554978
tr_20::overall_order_sensitive,0.570954682815897,0.56655836761732,0.568186345942328,17746.7323291627,31234,tr_20,B23,ft,0.004396315198576972,0.0016279783250079394
tr_22::overall_order_sensitive,0.570954682815897,0.573055199408428,0.568232986958069,17748.1891146483,31234,tr_22,B23,ft,-0.0021005165925309655,-0.004822212450358965
tr_24::overall_order_sensitive,0.570954682815897,0.567857032671893,0.569485857926177,17787.3212864662,31234,tr_24,B23,ft,0.0030976501440039828,0.0016288252542839832
tr_2::overall_order_sensitive,0.570954682815897,0.570622692746077,0.568983823658483,17771.6407481491,31234,tr_2,B23,ft,0.00033199006981998735,-0.0016388690875940304
tr_4::overall_order_sensitive,0.570954682815897,0.583153129581106,0.568841610246672,17767.1988544445,31234,tr_4,B23,ft,-0.012198446765208981,-0.014311519334433975
tr_6::overall_order_sensitive,0.570954682815897,0.57220102552717,0.570279234886157,17812.1016224342,31234,tr_6,B23,ft,-0.0012463427112729963,-0.0019217906410130547
tr_8::overall_order_sensitive,0.570954682815897,0.56789795619297,0.569904788134651,17800.4061525977,31234,tr_8,B23,ft,0.0030567266229269974,0.002006831941680942
