dataset_id,fold,Keyword,TestTalkerID,SentenceID,ceiling_z,numCorrect,numIncorrect
X21,1,shoes,X21.CMN.CMN_M_032,HT1_S004,0.7222939175401425,12,1
X21,1,were,X21.CMN.CMN_M_032,HT1_S004,0.7222939175401425,13,0
X21,1,very,X21.CMN.CMN_M_032,HT1_S004,0.7222939175401425,13,0
X21,1,dirty,X21.CMN.CMN_M_032,HT1_S004,0.30137469437525777,13,0
X21,1,shoes,X21.CMN.CMN_M_043,HT1_S004,0.30137469437525777,12,1
X21,1,were,X21.CMN.CMN_M_043,HT1_S004,0.7222939175401425,12,1
X21,1,very,X21.CMN.CMN_M_043,HT1_S004,0.5255867342806781,12,1
X21,1,dirty,X21.CMN.CMN_M_043,HT1_S004,0.7222939175401425,12,1
X21,1,shoes,X21.CMN.CMN_M_035,HT1_S004,0.04456193438615665,15,0
X21,1,were,X21.CMN.CMN_M_035,HT1_S004,-0.09708006839663343,15,0
X21,1,very,X21.CMN.CMN_M_035,HT1_S004,-0.032607067590663695,14,1
X21,1,dirty,X21.CMN.CMN_M_035,HT1_S004,0.2761757961745147,15,0
X21,1,shoes,X21.CMN.CMN_M_037,HT1_S004,0.30137469437525777,13,0
X21,1,were,X21.CMN.CMN_M_037,HT1_S004,0.30137469437525777,13,0
X21,1,very,X21.CMN.CMN_M_037,HT1_S004,-0.005797842793845844,13,0
X21,1,dirty,X21.CMN.CMN_M_037,HT1_S004,0.0708119793501402,12,1
X21,1,wife,X21.CMN.CMN_M_043,HT1_S002,0.7222939175401425,13,0
X21,1,helped,X21.CMN.CMN_M_043,HT1_S002,-0.39383020014963,12,1
X21,1,husband,X21.CMN.CMN_M_043,HT1_S002,0.7222939175401425,13,0
X21,1,wife,X21.CMN.CMN_M_035,HT1_S002,0.2761757961745147,14,1
X21,1,helped,X21.CMN.CMN_M_035,HT1_S002,-0.20229295587815307,13,2
X21,1,husband,X21.CMN.CMN_M_035,HT1_S002,-0.09708006839663343,14,1
X21,1,wife,X21.CMN.CMN_M_032,HT1_S002,0.0708119793501402,12,1
X21,1,helped,X21.CMN.CMN_M_032,HT1_S002,-0.06968730652242369,12,1
X21,1,husband,X21.CMN.CMN_M_032,HT1_S002,0.0708119793501402,12,1
X21,1,wife,X21.CMN.CMN_M_037,HT1_S002,0.0708119793501402,12,1
X21,1,helped,X21.CMN.CMN_M_037,HT1_S002,0.30137469437525777,13,0
X21,1,husband,X21.CMN.CMN_M_037,HT1_S002,0.30137469437525777,13,0
X21,1,bananas,X21.CMN.CMN_M_035,HT1_S014,0.2761757961745147,14,1
X21,1,are,X21.CMN.CMN_M_035,HT1_S014,0.04456193438615665,13,2
X21,1,too,X21.CMN.CMN_M_035,HT1_S014,-0.09708006839663343,13,2
X21,1,ripe,X21.CMN.CMN_M_035,HT1_S014,0.7222939175401425,14,1
X21,1,bananas,X21.CMN.CMN_M_037,HT1_S014,-0.6063729694991911,7,6
X21,1,are,X21.CMN.CMN_M_037,HT1_S014,-0.7010027373187343,6,7
X21,1,too,X21.CMN.CMN_M_037,HT1_S014,-0.2951401465749213,9,4
X21,1,ripe,X21.CMN.CMN_M_037,HT1_S014,-0.39383020014963,9,4
X21,1,bananas,X21.CMN.CMN_M_032,HT1_S014,-0.2578972529440551,11,2
X21,1,are,X21.CMN.CMN_M_032,HT1_S014,-0.06968730652242369,13,0
X21,1,too,X21.CMN.CMN_M_032,HT1_S014,-0.42352091502314076,5,8
X21,1,ripe,X21.CMN.CMN_M_032,HT1_S014,-0.39383020014963,11,2
X21,1,bananas,X21.CMN.CMN_M_043,HT1_S014,0.0708119793501402,13,0
X21,1,are,X21.CMN.CMN_M_043,HT1_S014,0.0708119793501402,13,0
X21,1,too,X21.CMN.CMN_M_043,HT1_S014,-0.12484473599999854,10,3
X21,1,ripe,X21.CMN.CMN_M_043,HT1_S014,-0.06968730652242369,12,1
X21,1,car,X21.CMN.CMN_M_043,HT1_S010,0.7222939175401425,13,0
X21,1,going,X21.CMN.CMN_M_043,HT1_S010,0.7222939175401425,13,0
X21,1,too,X21.CMN.CMN_M_043,HT1_S010,-0.12484473599999854,9,4
X21,1,fast,X21.CMN.CMN_M_043,HT1_S010,0.7222939175401425,13,0
X21,1,car,X21.CMN.CMN_M_032,HT1_S010,-0.6540836300482588,8,5
X21,1,going,X21.CMN.CMN_M_032,HT1_S010,0.30137469437525777,11,2
X21,1,too,X21.CMN.CMN_M_032,HT1_S010,-0.42352091502314076,11,2
X21,1,fast,X21.CMN.CMN_M_032,HT1_S010,0.7222939175401425,12,1
X21,1,car,X21.CMN.CMN_M_035,HT1_S010,0.04456193438615665,13,2
X21,1,going,X21.CMN.CMN_M_035,HT1_S010,0.2761757961745147,15,0
X21,1,too,X21.CMN.CMN_M_035,HT1_S010,-0.09708006839663343,14,1
X21,1,fast,X21.CMN.CMN_M_035,HT1_S010,0.7222939175401425,15,0
X21,1,car,X21.CMN.CMN_M_037,HT1_S010,0.7222939175401425,13,0
X21,1,going,X21.CMN.CMN_M_037,HT1_S010,0.30137469437525777,13,0
X21,1,too,X21.CMN.CMN_M_037,HT1_S010,-0.2951401465749213,11,2
X21,1,fast,X21.CMN.CMN_M_037,HT1_S010,0.7222939175401425,12,1
X21,1,big,X21.CMN.CMN_M_032,HT1_S003,-0.06968730652242369,11,2
X21,1,dogs,X21.CMN.CMN_M_032,HT1_S003,-0.557281861686833,9,4
X21,1,be,X21.CMN.CMN_M_032,HT1_S003,0.7222939175401425,12,1
X21,1,dangerous,X21.CMN.CMN_M_032,HT1_S003,0.7222939175401425,10,3
X21,1,big,X21.CMN.CMN_M_043,HT1_S003,0.7222939175401425,13,0
X21,1,dogs,X21.CMN.CMN_M_043,HT1_S003,-0.45201636861355976,7,6
X21,1,be,X21.CMN.CMN_M_043,HT1_S003,-0.06968730652242369,10,3
X21,1,dangerous,X21.CMN.CMN_M_043,HT1_S003,-0.5061179508305017,8,5
X21,1,big,X21.CMN.CMN_M_037,HT1_S003,-0.17365338776788264,10,3
X21,1,dogs,X21.CMN.CMN_M_037,HT1_S003,-0.6063729694991911,7,6
X21,1,be,X21.CMN.CMN_M_037,HT1_S003,-0.06968730652242369,13,0
X21,1,dangerous,X21.CMN.CMN_M_037,HT1_S003,-0.06968730652242369,11,2
X21,1,big,X21.CMN.CMN_M_035,HT1_S003,0.2761757961745147,14,1
X21,1,dogs,X21.CMN.CMN_M_035,HT1_S003,-0.09708006839663343,15,0
X21,1,be,X21.CMN.CMN_M_035,HT1_S003,-0.5431981897622613,14,1
X21,1,dangerous,X21.CMN.CMN_M_035,HT1_S003,-0.48703221875055114,14,1
X21,1,grew,X21.CMN.CMN_M_037,HT1_S015,-0.557281861686833,8,5
X21,1,lots,X21.CMN.CMN_M_037,HT1_S015,-0.7010027373187343,6,7
X21,1,vegetables,X21.CMN.CMN_M_037,HT1_S015,-0.6063729694991911,8,5
X21,1,grew,X21.CMN.CMN_M_043,HT1_S015,-0.3299407364210524,12,1
X21,1,lots,X21.CMN.CMN_M_043,HT1_S015,-0.9425485951385797,3,10
X21,1,vegetables,X21.CMN.CMN_M_043,HT1_S015,-0.7476638086503472,6,7
X21,1,grew,X21.CMN.CMN_M_032,HT1_S015,-0.8913846842822484,2,11
X21,1,lots,X21.CMN.CMN_M_032,HT1_S015,-0.7476638086503472,6,7
X21,1,vegetables,X21.CMN.CMN_M_032,HT1_S015,-1.3789792394466578,1,12
X21,1,grew,X21.CMN.CMN_M_035,HT1_S015,-0.09708006839663343,15,0
X21,1,lots,X21.CMN.CMN_M_035,HT1_S015,-0.6991343747837974,8,7
X21,1,vegetables,X21.CMN.CMN_M_035,HT1_S015,-0.09708006839663343,13,2
X21,1,argues,X21.CMN.CMN_M_035,HT1_S016,-0.749532171185284,8,7
X21,1,sister,X21.CMN.CMN_M_035,HT1_S016,0.2761757961745147,14,1
X21,1,argues,X21.CMN.CMN_M_043,HT1_S016,-0.2578972529440551,11,2
X21,1,sister,X21.CMN.CMN_M_043,HT1_S016,0.7222939175401425,11,2
X21,1,argues,X21.CMN.CMN_M_032,HT1_S016,-0.9966501773555215,1,12
X21,1,sister,X21.CMN.CMN_M_032,HT1_S016,0.7222939175401425,11,2
X21,1,argues,X21.CMN.CMN_M_037,HT1_S016,-0.06968730652242369,13,0
X21,1,sister,X21.CMN.CMN_M_037,HT1_S016,-0.06968730652242369,13,0
X21,1,family,X21.CMN.CMN_M_037,HT1_S013,-0.1182167403889734,11,2
X21,1,likes,X21.CMN.CMN_M_037,HT1_S013,-0.2578972529440551,10,3
X21,1,fish,X21.CMN.CMN_M_037,HT1_S013,-0.5061179508305017,11,2
X21,1,family,X21.CMN.CMN_M_032,HT1_S013,0.29526152825446544,13,0
X21,1,likes,X21.CMN.CMN_M_032,HT1_S013,0.7222939175401425,12,1
X21,1,fish,X21.CMN.CMN_M_032,HT1_S013,0.30137469437525777,12,1
X21,1,family,X21.CMN.CMN_M_043,HT1_S013,0.30137469437525777,13,0
X21,1,likes,X21.CMN.CMN_M_043,HT1_S013,-0.7945829159208225,4,9
X21,1,fish,X21.CMN.CMN_M_043,HT1_S013,-0.5061179508305017,9,4
X21,1,family,X21.CMN.CMN_M_035,HT1_S013,0.14852801563161552,15,0
X21,1,likes,X21.CMN.CMN_M_035,HT1_S013,-0.09708006839663343,14,1
X21,1,fish,X21.CMN.CMN_M_035,HT1_S013,0.2761757961745147,15,0
X21,1,player,X21.CMN.CMN_M_032,HT1_S005,-0.45201636861355976,8,5
X21,1,lost,X21.CMN.CMN_M_032,HT1_S005,-0.5061179508305017,8,5
X21,1,shoe,X21.CMN.CMN_M_032,HT1_S005,-0.6540836300482588,4,9
X21,1,player,X21.CMN.CMN_M_037,HT1_S005,-0.06968730652242369,13,0
X21,1,lost,X21.CMN.CMN_M_037,HT1_S005,-0.2578972529440551,12,1
X21,1,shoe,X21.CMN.CMN_M_037,HT1_S005,-0.2578972529440551,11,2
X21,1,player,X21.CMN.CMN_M_043,HT1_S005,-0.3299407364210524,9,4
X21,1,lost,X21.CMN.CMN_M_043,HT1_S005,-0.7476638086503472,8,5
X21,1,shoe,X21.CMN.CMN_M_043,HT1_S005,-0.5061179508305017,8,5
X21,1,player,X21.CMN.CMN_M_035,HT1_S005,-0.2879026286764625,14,1
X21,1,lost,X21.CMN.CMN_M_035,HT1_S005,-0.426999604154152,9,6
X21,1,shoe,X21.CMN.CMN_M_035,HT1_S005,-0.48703221875055114,10,5
X21,1,kitchen,X21.CMN.CMN_M_032,HT1_S017,0.30137469437525777,12,1
X21,1,window,X21.CMN.CMN_M_032,HT1_S017,0.30137469437525777,13,0
X21,1,was,X21.CMN.CMN_M_032,HT1_S017,0.0708119793501402,13,0
X21,1,clean,X21.CMN.CMN_M_032,HT1_S017,0.30137469437525777,13,0
X21,1,kitchen,X21.CMN.CMN_M_037,HT1_S017,0.30137469437525777,12,1
X21,1,window,X21.CMN.CMN_M_037,HT1_S017,0.0708119793501402,12,1
X21,1,was,X21.CMN.CMN_M_037,HT1_S017,0.0708119793501402,12,1
X21,1,clean,X21.CMN.CMN_M_037,HT1_S017,-0.06968730652242369,11,2
X21,1,kitchen,X21.CMN.CMN_M_035,HT1_S017,0.7222939175401425,14,1
X21,1,window,X21.CMN.CMN_M_035,HT1_S017,0.5008824444505136,15,0
X21,1,was,X21.CMN.CMN_M_035,HT1_S017,0.2761757961745147,13,2
X21,1,clean,X21.CMN.CMN_M_035,HT1_S017,0.04456193438615665,14,1
X21,1,kitchen,X21.CMN.CMN_M_043,HT1_S017,-0.3299407364210524,11,2
X21,1,window,X21.CMN.CMN_M_043,HT1_S017,-0.17365338776788264,12,1
X21,1,was,X21.CMN.CMN_M_043,HT1_S017,-0.06968730652242369,12,1
X21,1,clean,X21.CMN.CMN_M_043,HT1_S017,-0.17365338776788264,12,1
X21,1,picture,X21.CMN.CMN_M_037,HT1_S009,0.30137469437525777,13,0
X21,1,came,X21.CMN.CMN_M_037,HT1_S009,0.0708119793501402,13,0
X21,1,book,X21.CMN.CMN_M_037,HT1_S009,0.0708119793501402,12,1
X21,1,picture,X21.CMN.CMN_M_043,HT1_S009,-0.06968730652242369,13,0
X21,1,came,X21.CMN.CMN_M_043,HT1_S009,-0.06968730652242369,13,0
X21,1,book,X21.CMN.CMN_M_043,HT1_S009,-0.06968730652242369,12,1
X21,1,picture,X21.CMN.CMN_M_032,HT1_S009,0.30137469437525777,10,3
X21,1,came,X21.CMN.CMN_M_032,HT1_S009,0.7222939175401425,13,0
X21,1,book,X21.CMN.CMN_M_032,HT1_S009,0.7222939175401425,12,1
X21,1,picture,X21.CMN.CMN_M_035,HT1_S009,0.7222939175401425,15,0
X21,1,came,X21.CMN.CMN_M_035,HT1_S009,-0.09708006839663343,15,0
X21,1,book,X21.CMN.CMN_M_035,HT1_S009,-0.3614488270024201,13,2
X21,1,drinking,X21.CMN.CMN_M_037,HT1_S008,-0.3299407364210524,13,0
X21,1,own,X21.CMN.CMN_M_037,HT1_S008,-0.2578972529440551,11,2
X21,1,cup,X21.CMN.CMN_M_037,HT1_S008,-0.06968730652242369,13,0
X21,1,drinking,X21.CMN.CMN_M_043,HT1_S008,0.30137469437525777,11,2
X21,1,own,X21.CMN.CMN_M_043,HT1_S008,0.7222939175401425,12,1
X21,1,cup,X21.CMN.CMN_M_043,HT1_S008,0.30137469437525777,12,1
X21,1,drinking,X21.CMN.CMN_M_032,HT1_S008,0.7222939175401425,12,1
X21,1,own,X21.CMN.CMN_M_032,HT1_S008,0.7222939175401425,12,1
X21,1,cup,X21.CMN.CMN_M_032,HT1_S008,0.7222939175401425,12,1
X21,1,drinking,X21.CMN.CMN_M_035,HT1_S008,0.7222939175401425,14,1
X21,1,own,X21.CMN.CMN_M_035,HT1_S008,0.7222939175401425,15,0
X21,1,cup,X21.CMN.CMN_M_035,HT1_S008,0.26277725654019574,15,0
X21,1,somebody,X21.CMN.CMN_M_032,HT1_S006,-0.7010027373187343,7,6
X21,1,stole,X21.CMN.CMN_M_032,HT1_S006,-1.5194785253192218,1,12
X21,1,money,X21.CMN.CMN_M_032,HT1_S006,-0.8422935764698902,5,8
X21,1,somebody,X21.CMN.CMN_M_037,HT1_S006,0.30137469437525777,12,1
X21,1,stole,X21.CMN.CMN_M_037,HT1_S006,0.0708119793501402,12,1
X21,1,money,X21.CMN.CMN_M_037,HT1_S006,0.30137469437525777,13,0
X21,1,somebody,X21.CMN.CMN_M_043,HT1_S006,0.7222939175401425,13,0
X21,1,stole,X21.CMN.CMN_M_043,HT1_S006,0.0708119793501402,13,0
X21,1,money,X21.CMN.CMN_M_043,HT1_S006,-0.39383020014963,8,5
X21,1,somebody,X21.CMN.CMN_M_035,HT1_S006,0.04456193438615665,14,1
X21,1,stole,X21.CMN.CMN_M_035,HT1_S006,-0.6991343747837974,11,4
X21,1,money,X21.CMN.CMN_M_035,HT1_S006,-1.0872177189666612,6,9
X21,1,paint,X21.CMN.CMN_M_037,HT1_S011,-0.5061179508305017,8,5
X21,1,dripped,X21.CMN.CMN_M_037,HT1_S011,-0.5061179508305017,10,3
X21,1,ground,X21.CMN.CMN_M_037,HT1_S011,-0.45201636861355976,11,2
X21,1,paint,X21.CMN.CMN_M_032,HT1_S011,-0.06968730652242369,8,5
X21,1,dripped,X21.CMN.CMN_M_032,HT1_S011,0.0708119793501402,7,6
X21,1,ground,X21.CMN.CMN_M_032,HT1_S011,0.30137469437525777,12,1
X21,1,paint,X21.CMN.CMN_M_043,HT1_S011,-0.7945829159208225,7,6
X21,1,dripped,X21.CMN.CMN_M_043,HT1_S011,-0.6063729694991911,9,4
X21,1,ground,X21.CMN.CMN_M_043,HT1_S011,-0.45201636861355976,9,4
X21,1,paint,X21.CMN.CMN_M_035,HT1_S011,0.04456193438615665,13,2
X21,1,dripped,X21.CMN.CMN_M_035,HT1_S011,-0.09708006839663343,13,2
X21,1,ground,X21.CMN.CMN_M_035,HT1_S011,-0.426999604154152,12,3
X21,1,boy,X21.CMN.CMN_M_032,HT1_S001,0.7222939175401425,12,1
X21,1,fell,X21.CMN.CMN_M_032,HT1_S001,0.7222939175401425,12,1
X21,1,window,X21.CMN.CMN_M_032,HT1_S001,0.30137469437525777,13,0
X21,1,boy,X21.CMN.CMN_M_043,HT1_S001,0.7222939175401425,13,0
X21,1,fell,X21.CMN.CMN_M_043,HT1_S001,0.30137469437525777,13,0
X21,1,window,X21.CMN.CMN_M_043,HT1_S001,-0.17365338776788264,12,1
X21,1,boy,X21.CMN.CMN_M_037,HT1_S001,0.30137469437525777,13,0
X21,1,fell,X21.CMN.CMN_M_037,HT1_S001,0.0708119793501402,12,1
X21,1,window,X21.CMN.CMN_M_037,HT1_S001,0.0708119793501402,12,1
X21,1,boy,X21.CMN.CMN_M_035,HT1_S001,0.7222939175401425,15,0
X21,1,fell,X21.CMN.CMN_M_035,HT1_S001,-0.48703221875055114,10,5
X21,1,window,X21.CMN.CMN_M_035,HT1_S001,0.5008824444505136,11,4
X21,1,fire,X21.CMN.CMN_M_043,HT1_S007,-0.2578972529440551,13,0
X21,1,very,X21.CMN.CMN_M_043,HT1_S007,0.5255867342806781,13,0
X21,1,hot,X21.CMN.CMN_M_043,HT1_S007,0.7222939175401425,13,0
X21,1,fire,X21.CMN.CMN_M_035,HT1_S007,0.04456193438615665,15,0
X21,1,very,X21.CMN.CMN_M_035,HT1_S007,-0.032607067590663695,15,0
X21,1,hot,X21.CMN.CMN_M_035,HT1_S007,0.04456193438615665,15,0
X21,1,fire,X21.CMN.CMN_M_037,HT1_S007,0.7222939175401425,11,2
X21,1,very,X21.CMN.CMN_M_037,HT1_S007,-0.005797842793845844,12,1
X21,1,hot,X21.CMN.CMN_M_037,HT1_S007,-0.06968730652242369,12,1
X21,1,fire,X21.CMN.CMN_M_032,HT1_S007,0.30137469437525777,11,2
X21,1,very,X21.CMN.CMN_M_032,HT1_S007,0.7222939175401425,12,1
X21,1,hot,X21.CMN.CMN_M_032,HT1_S007,0.30137469437525777,12,1
X21,1,time,X21.CMN.CMN_M_043,HT1_S026,0.30137469437525777,13,0
X21,1,go,X21.CMN.CMN_M_043,HT1_S026,0.7222939175401425,13,0
X21,1,bed,X21.CMN.CMN_M_043,HT1_S026,-0.17365338776788264,13,0
X21,1,time,X21.CMN.CMN_M_035,HT1_S026,0.7222939175401425,12,2
X21,1,go,X21.CMN.CMN_M_035,HT1_S026,0.7222939175401425,14,0
X21,1,bed,X21.CMN.CMN_M_035,HT1_S026,0.7222939175401425,14,0
X21,1,time,X21.CMN.CMN_M_032,HT1_S026,0.28902730150417943,14,0
X21,1,go,X21.CMN.CMN_M_032,HT1_S026,0.28902730150417943,14,0
X21,1,bed,X21.CMN.CMN_M_032,HT1_S026,0.28902730150417943,13,1
X21,1,time,X21.CMN.CMN_M_037,HT1_S026,0.31325603510627487,11,1
X21,1,go,X21.CMN.CMN_M_037,HT1_S026,0.08315937222121939,11,1
X21,1,bed,X21.CMN.CMN_M_037,HT1_S026,0.31325603510627487,10,2
X21,1,had,X21.CMN.CMN_M_035,HT1_S038,0.1550193417535753,11,3
X21,1,two,X21.CMN.CMN_M_035,HT1_S038,-0.1876476100077731,7,7
X21,1,empty,X21.CMN.CMN_M_035,HT1_S038,0.057960474020476195,12,2
X21,1,bottles,X21.CMN.CMN_M_035,HT1_S038,-0.1876476100077731,9,5
X21,1,had,X21.CMN.CMN_M_043,HT1_S038,0.5255867342806781,13,0
X21,1,two,X21.CMN.CMN_M_043,HT1_S038,0.0708119793501402,11,2
X21,1,empty,X21.CMN.CMN_M_043,HT1_S038,0.7222939175401425,13,0
X21,1,bottles,X21.CMN.CMN_M_043,HT1_S038,0.7222939175401425,12,1
X21,1,had,X21.CMN.CMN_M_032,HT1_S038,-0.7973086313297669,1,13
X21,1,two,X21.CMN.CMN_M_032,HT1_S038,0.28902730150417943,11,3
X21,1,empty,X21.CMN.CMN_M_032,HT1_S038,0.057960474020476195,12,2
X21,1,bottles,X21.CMN.CMN_M_032,HT1_S038,-0.2725425988144348,10,4
X21,1,had,X21.CMN.CMN_M_037,HT1_S038,-0.43586830789421976,6,6
X21,1,two,X21.CMN.CMN_M_037,HT1_S038,0.31325603510627487,9,3
X21,1,empty,X21.CMN.CMN_M_037,HT1_S038,0.31325603510627487,11,1
X21,1,bottles,X21.CMN.CMN_M_037,HT1_S038,-0.6337657313734011,9,3
X21,1,hung,X21.CMN.CMN_M_043,HT1_S018,-0.3299407364210524,9,4
X21,1,raincoat,X21.CMN.CMN_M_043,HT1_S018,-0.6063729694991911,8,5
X21,1,hung,X21.CMN.CMN_M_037,HT1_S018,-1.0701963756814792,1,11
X21,1,raincoat,X21.CMN.CMN_M_037,HT1_S018,-0.43586830789421976,7,5
X21,1,hung,X21.CMN.CMN_M_035,HT1_S018,-1.1761239471546465,5,9
X21,1,raincoat,X21.CMN.CMN_M_035,HT1_S018,-0.7243332729845406,6,8
X21,1,hung,X21.CMN.CMN_M_032,HT1_S018,-0.8219756777950324,9,5
X21,1,raincoat,X21.CMN.CMN_M_032,HT1_S018,-0.40997826086897,10,4
X21,1,dog,X21.CMN.CMN_M_035,HT1_S028,0.28902730150417943,13,1
X21,1,eating,X21.CMN.CMN_M_035,HT1_S028,0.057960474020476195,12,2
X21,1,some,X21.CMN.CMN_M_035,HT1_S028,-0.1876476100077731,9,5
X21,1,meat,X21.CMN.CMN_M_035,HT1_S028,-0.1876476100077731,9,5
X21,1,dog,X21.CMN.CMN_M_043,HT1_S028,-0.17365338776788264,8,5
X21,1,eating,X21.CMN.CMN_M_043,HT1_S028,-0.2578972529440551,9,4
X21,1,some,X21.CMN.CMN_M_043,HT1_S028,-0.2578972529440551,8,5
X21,1,meat,X21.CMN.CMN_M_043,HT1_S028,-0.2578972529440551,10,3
X21,1,dog,X21.CMN.CMN_M_037,HT1_S028,-0.24390303070416458,8,4
X21,1,eating,X21.CMN.CMN_M_037,HT1_S028,0.08315937222121939,11,1
X21,1,some,X21.CMN.CMN_M_037,HT1_S028,-0.1602548481335633,10,2
X21,1,meat,X21.CMN.CMN_M_037,HT1_S028,-0.24390303070416458,9,3
X21,1,dog,X21.CMN.CMN_M_032,HT1_S028,-0.3453007662830801,12,2
X21,1,eating,X21.CMN.CMN_M_032,HT1_S028,0.057960474020476195,12,2
X21,1,some,X21.CMN.CMN_M_032,HT1_S028,0.057960474020476195,12,2
X21,1,meat,X21.CMN.CMN_M_032,HT1_S028,-0.0830858461567431,12,2
X21,1,house,X21.CMN.CMN_M_037,HT1_S041,0.5372479993906251,12,0
X21,1,had,X21.CMN.CMN_M_037,HT1_S041,-0.43586830789421976,12,0
X21,1,nine,X21.CMN.CMN_M_037,HT1_S041,-0.24390303070416458,8,4
X21,1,bedrooms,X21.CMN.CMN_M_037,HT1_S041,-0.6337657313734011,7,5
X21,1,house,X21.CMN.CMN_M_043,HT1_S041,0.5255867342806781,13,0
X21,1,had,X21.CMN.CMN_M_043,HT1_S041,0.5255867342806781,12,1
X21,1,nine,X21.CMN.CMN_M_043,HT1_S041,0.7222939175401425,9,4
X21,1,bedrooms,X21.CMN.CMN_M_043,HT1_S041,0.30137469437525777,12,1
X21,1,house,X21.CMN.CMN_M_035,HT1_S041,0.5134768504085037,13,1
X21,1,had,X21.CMN.CMN_M_035,HT1_S041,0.1550193417535753,13,1
X21,1,nine,X21.CMN.CMN_M_035,HT1_S041,-0.0830858461567431,9,5
X21,1,bedrooms,X21.CMN.CMN_M_035,HT1_S041,0.28902730150417943,14,0
X21,1,house,X21.CMN.CMN_M_032,HT1_S041,-0.0830858461567431,12,2
X21,1,had,X21.CMN.CMN_M_032,HT1_S041,-0.7973086313297669,7,7
X21,1,nine,X21.CMN.CMN_M_032,HT1_S041,-0.0830858461567431,11,3
X21,1,bedrooms,X21.CMN.CMN_M_032,HT1_S041,-0.1876476100077731,10,4
X21,1,girl,X21.CMN.CMN_M_043,HT1_S025,0.30137469437525777,11,2
X21,1,fixing,X21.CMN.CMN_M_043,HT1_S025,0.30137469437525777,11,2
X21,1,dress,X21.CMN.CMN_M_043,HT1_S025,0.7222939175401425,12,1
X21,1,girl,X21.CMN.CMN_M_037,HT1_S025,0.7222939175401425,12,0
X21,1,fixing,X21.CMN.CMN_M_037,HT1_S025,0.31325603510627487,12,0
X21,1,dress,X21.CMN.CMN_M_037,HT1_S025,0.31325603510627487,12,0
X21,1,girl,X21.CMN.CMN_M_032,HT1_S025,0.28902730150417943,14,0
X21,1,fixing,X21.CMN.CMN_M_032,HT1_S025,0.057960474020476195,14,0
X21,1,dress,X21.CMN.CMN_M_032,HT1_S025,0.28902730150417943,14,0
X21,1,girl,X21.CMN.CMN_M_035,HT1_S025,0.7222939175401425,14,0
X21,1,fixing,X21.CMN.CMN_M_035,HT1_S025,0.7222939175401425,14,0
X21,1,dress,X21.CMN.CMN_M_035,HT1_S025,0.7222939175401425,14,0
X21,1,road,X21.CMN.CMN_M_032,HT1_S030,-0.524112457682311,10,4
X21,1,goes,X21.CMN.CMN_M_032,HT1_S030,-0.1876476100077731,13,1
X21,1,hill,X21.CMN.CMN_M_032,HT1_S030,-0.3453007662830801,11,3
X21,1,road,X21.CMN.CMN_M_035,HT1_S030,0.057960474020476195,10,4
X21,1,goes,X21.CMN.CMN_M_035,HT1_S030,0.057960474020476195,10,4
X21,1,hill,X21.CMN.CMN_M_035,HT1_S030,-0.3453007662830801,9,5
X21,1,road,X21.CMN.CMN_M_043,HT1_S030,0.7222939175401425,13,0
X21,1,goes,X21.CMN.CMN_M_043,HT1_S030,0.7222939175401425,13,0
X21,1,hill,X21.CMN.CMN_M_043,HT1_S030,-1.7500412403443397,1,12
X21,1,road,X21.CMN.CMN_M_037,HT1_S030,-0.24390303070416458,12,0
X21,1,goes,X21.CMN.CMN_M_037,HT1_S030,-0.05683580119275912,12,0
X21,1,hill,X21.CMN.CMN_M_037,HT1_S030,-0.1602548481335633,12,0
X21,1,father,X21.CMN.CMN_M_035,HT1_S029,-0.1876476100077731,14,0
X21,1,forgot,X21.CMN.CMN_M_035,HT1_S029,-0.524112457682311,11,3
X21,1,bread,X21.CMN.CMN_M_035,HT1_S029,-1.2610189359613084,2,12
X21,1,father,X21.CMN.CMN_M_032,HT1_S029,-0.675803839117991,7,7
X21,1,forgot,X21.CMN.CMN_M_032,HT1_S029,-0.3453007662830801,12,2
X21,1,bread,X21.CMN.CMN_M_032,HT1_S029,-0.40997826086897,11,3
X21,1,father,X21.CMN.CMN_M_037,HT1_S029,-1.133371155418409,6,6
X21,1,forgot,X21.CMN.CMN_M_037,HT1_S029,-0.4890966075453194,11,1
X21,1,bread,X21.CMN.CMN_M_037,HT1_S029,-0.24390303070416458,9,3
X21,1,father,X21.CMN.CMN_M_043,HT1_S029,-1.2750131582011988,1,12
X21,1,forgot,X21.CMN.CMN_M_043,HT1_S029,-0.17365338776788264,11,2
X21,1,bread,X21.CMN.CMN_M_043,HT1_S029,-1.1187258095480288,2,11
X21,1,family,X21.CMN.CMN_M_043,HT1_S032,0.30137469437525777,13,0
X21,1,bought,X21.CMN.CMN_M_043,HT1_S032,0.7222939175401425,13,0
X21,1,house,X21.CMN.CMN_M_043,HT1_S032,0.5255867342806781,13,0
X21,1,family,X21.CMN.CMN_M_032,HT1_S032,0.29526152825446544,14,0
X21,1,bought,X21.CMN.CMN_M_032,HT1_S032,-0.0830858461567431,10,4
X21,1,house,X21.CMN.CMN_M_032,HT1_S032,-0.0830858461567431,13,1
X21,1,family,X21.CMN.CMN_M_037,HT1_S032,-0.1182167403889734,11,1
X21,1,bought,X21.CMN.CMN_M_037,HT1_S032,0.08315937222121939,11,1
X21,1,house,X21.CMN.CMN_M_037,HT1_S032,0.5372479993906251,12,0
X21,1,family,X21.CMN.CMN_M_035,HT1_S032,0.14852801563161552,13,1
X21,1,bought,X21.CMN.CMN_M_035,HT1_S032,0.7222939175401425,11,3
X21,1,house,X21.CMN.CMN_M_035,HT1_S032,0.5134768504085037,13,1
X21,1,mailman,X21.CMN.CMN_M_035,HT1_S019,0.28902730150417943,12,2
X21,1,brought,X21.CMN.CMN_M_035,HT1_S019,0.7222939175401425,11,3
X21,1,letter,X21.CMN.CMN_M_035,HT1_S019,0.28902730150417943,11,3
X21,1,mailman,X21.CMN.CMN_M_032,HT1_S019,-0.0830858461567431,12,2
X21,1,brought,X21.CMN.CMN_M_032,HT1_S019,-0.0830858461567431,11,3
X21,1,letter,X21.CMN.CMN_M_032,HT1_S019,-0.1876476100077731,12,2
X21,1,mailman,X21.CMN.CMN_M_043,HT1_S019,0.0708119793501402,12,1
X21,1,brought,X21.CMN.CMN_M_043,HT1_S019,-0.06968730652242369,11,2
X21,1,letter,X21.CMN.CMN_M_043,HT1_S019,-0.06968730652242369,10,3
X21,1,mailman,X21.CMN.CMN_M_037,HT1_S019,-0.1602548481335633,11,1
X21,1,brought,X21.CMN.CMN_M_037,HT1_S019,-0.1602548481335633,12,0
X21,1,letter,X21.CMN.CMN_M_037,HT1_S019,-0.05683580119275912,12,0
X21,1,mother,X21.CMN.CMN_M_037,HT1_S027,-0.7243332729845406,11,1
X21,1,read,X21.CMN.CMN_M_037,HT1_S027,-0.24390303070416458,12,0
X21,1,instructions,X21.CMN.CMN_M_037,HT1_S027,-0.24390303070416458,12,0
X21,1,mother,X21.CMN.CMN_M_032,HT1_S027,-0.018917164526831055,13,1
X21,1,read,X21.CMN.CMN_M_032,HT1_S027,-0.4690377118987419,9,5
X21,1,instructions,X21.CMN.CMN_M_032,HT1_S027,-0.5763675937667834,8,6
X21,1,mother,X21.CMN.CMN_M_043,HT1_S027,0.30137469437525777,13,0
X21,1,read,X21.CMN.CMN_M_043,HT1_S027,0.7222939175401425,13,0
X21,1,instructions,X21.CMN.CMN_M_043,HT1_S027,0.30137469437525777,12,1
X21,1,mother,X21.CMN.CMN_M_035,HT1_S027,0.28902730150417943,14,0
X21,1,read,X21.CMN.CMN_M_035,HT1_S027,-0.2725425988144348,11,3
X21,1,instructions,X21.CMN.CMN_M_035,HT1_S027,0.057960474020476195,13,1
X21,1,table,X21.CMN.CMN_M_032,HT1_S022,0.7222939175401425,14,0
X21,1,has,X21.CMN.CMN_M_032,HT1_S022,-0.0830858461567431,14,0
X21,1,three,X21.CMN.CMN_M_032,HT1_S022,-0.0830858461567431,13,1
X21,1,legs,X21.CMN.CMN_M_032,HT1_S022,-0.0830858461567431,14,0
X21,1,table,X21.CMN.CMN_M_043,HT1_S022,0.30137469437525777,13,0
X21,1,has,X21.CMN.CMN_M_043,HT1_S022,0.0708119793501402,10,3
X21,1,three,X21.CMN.CMN_M_043,HT1_S022,-0.2578972529440551,9,4
X21,1,legs,X21.CMN.CMN_M_043,HT1_S022,-0.5061179508305017,5,8
X21,1,table,X21.CMN.CMN_M_035,HT1_S022,0.28902730150417943,14,0
X21,1,has,X21.CMN.CMN_M_035,HT1_S022,0.7222939175401425,14,0
X21,1,three,X21.CMN.CMN_M_035,HT1_S022,-0.4690377118987419,7,7
X21,1,legs,X21.CMN.CMN_M_035,HT1_S022,0.28902730150417943,14,0
X21,1,table,X21.CMN.CMN_M_037,HT1_S022,0.31325603510627487,12,0
X21,1,has,X21.CMN.CMN_M_037,HT1_S022,0.7222939175401425,12,0
X21,1,three,X21.CMN.CMN_M_037,HT1_S022,-0.05683580119275912,7,5
X21,1,legs,X21.CMN.CMN_M_037,HT1_S022,0.31325603510627487,11,1
X21,1,found,X21.CMN.CMN_M_032,HT1_S021,0.7222939175401425,13,1
X21,1,purse,X21.CMN.CMN_M_032,HT1_S021,0.7222939175401425,12,2
X21,1,trash,X21.CMN.CMN_M_032,HT1_S021,0.057960474020476195,13,1
X21,1,found,X21.CMN.CMN_M_037,HT1_S021,-0.1602548481335633,12,0
X21,1,purse,X21.CMN.CMN_M_037,HT1_S021,-0.05683580119275912,12,0
X21,1,trash,X21.CMN.CMN_M_037,HT1_S021,0.08315937222121939,12,0
X21,1,found,X21.CMN.CMN_M_043,HT1_S021,0.30137469437525777,13,0
X21,1,purse,X21.CMN.CMN_M_043,HT1_S021,0.7222939175401425,12,1
X21,1,trash,X21.CMN.CMN_M_043,HT1_S021,0.0708119793501402,12,1
X21,1,found,X21.CMN.CMN_M_035,HT1_S021,0.7222939175401425,14,0
X21,1,purse,X21.CMN.CMN_M_035,HT1_S021,0.28902730150417943,14,0
X21,1,trash,X21.CMN.CMN_M_035,HT1_S021,0.7222939175401425,13,1
X21,1,painter,X21.CMN.CMN_M_032,HT1_S031,-0.1876476100077731,14,0
X21,1,uses,X21.CMN.CMN_M_032,HT1_S031,0.28902730150417943,13,1
X21,1,brush,X21.CMN.CMN_M_032,HT1_S031,0.7222939175401425,14,0
X21,1,painter,X21.CMN.CMN_M_043,HT1_S031,-0.557281861686833,8,5
X21,1,uses,X21.CMN.CMN_M_043,HT1_S031,0.30137469437525777,9,4
X21,1,brush,X21.CMN.CMN_M_043,HT1_S031,-0.3299407364210524,7,6
X21,1,painter,X21.CMN.CMN_M_035,HT1_S031,0.28902730150417943,13,1
X21,1,uses,X21.CMN.CMN_M_035,HT1_S031,-0.2725425988144348,8,6
X21,1,brush,X21.CMN.CMN_M_035,HT1_S031,0.28902730150417943,13,1
X21,1,painter,X21.CMN.CMN_M_037,HT1_S031,0.08315937222121939,10,2
X21,1,uses,X21.CMN.CMN_M_037,HT1_S031,-0.1602548481335633,9,3
X21,1,brush,X21.CMN.CMN_M_037,HT1_S031,0.7222939175401425,12,0
X21,1,children,X21.CMN.CMN_M_043,HT1_S023,0.0708119793501402,12,1
X21,1,waved,X21.CMN.CMN_M_043,HT1_S023,-0.8913846842822484,6,7
X21,1,train,X21.CMN.CMN_M_043,HT1_S023,-0.6540836300482588,7,6
X21,1,children,X21.CMN.CMN_M_032,HT1_S023,-0.8722989522022979,4,10
X21,1,waved,X21.CMN.CMN_M_032,HT1_S023,-0.8219756777950324,3,11
X21,1,train,X21.CMN.CMN_M_032,HT1_S023,-0.0830858461567431,13,1
X21,1,children,X21.CMN.CMN_M_035,HT1_S023,0.28902730150417943,14,0
X21,1,waved,X21.CMN.CMN_M_035,HT1_S023,-2.170960463509224,0,14
X21,1,train,X21.CMN.CMN_M_035,HT1_S023,-1.5066270199895573,2,12
X21,1,children,X21.CMN.CMN_M_037,HT1_S023,0.31325603510627487,11,1
X21,1,waved,X21.CMN.CMN_M_037,HT1_S023,-0.3152953905506725,11,1
X21,1,train,X21.CMN.CMN_M_037,HT1_S023,0.31325603510627487,11,1
X21,1,mother,X21.CMN.CMN_M_035,HT1_S020,0.28902730150417943,14,0
X21,1,heard,X21.CMN.CMN_M_035,HT1_S020,-0.40997826086897,7,7
X21,1,baby,X21.CMN.CMN_M_035,HT1_S020,0.28902730150417943,14,0
X21,1,mother,X21.CMN.CMN_M_043,HT1_S020,0.30137469437525777,13,0
X21,1,heard,X21.CMN.CMN_M_043,HT1_S020,-0.17365338776788264,11,2
X21,1,baby,X21.CMN.CMN_M_043,HT1_S020,0.0708119793501402,12,1
X21,1,mother,X21.CMN.CMN_M_037,HT1_S020,-0.7243332729845406,8,4
X21,1,heard,X21.CMN.CMN_M_037,HT1_S020,-0.9595699384237618,3,9
X21,1,baby,X21.CMN.CMN_M_037,HT1_S020,-0.5872872374192407,10,2
X21,1,mother,X21.CMN.CMN_M_032,HT1_S020,-0.018917164526831055,14,0
X21,1,heard,X21.CMN.CMN_M_032,HT1_S020,-0.3453007662830801,12,2
X21,1,baby,X21.CMN.CMN_M_032,HT1_S020,0.28902730150417943,14,0
X21,2,shoes,X21.CMN.CMN_M_043,HT1_S004,0.33054645359683565,12,1
X21,2,were,X21.CMN.CMN_M_043,HT1_S004,0.33054645359683565,13,0
X21,2,very,X21.CMN.CMN_M_043,HT1_S004,0.5577630471466272,13,0
X21,2,dirty,X21.CMN.CMN_M_043,HT1_S004,0.33054645359683565,13,0
X21,2,shoes,X21.CMN.CMN_M_035,HT1_S004,0.757106205194,11,2
X21,2,were,X21.CMN.CMN_M_035,HT1_S004,0.33054645359683565,11,2
X21,2,very,X21.CMN.CMN_M_035,HT1_S004,0.01925765056443825,12,1
X21,2,dirty,X21.CMN.CMN_M_035,HT1_S004,0.757106205194,12,1
X21,2,shoes,X21.CMN.CMN_M_037,HT1_S004,0.31803359947637516,14,0
X21,2,were,X21.CMN.CMN_M_037,HT1_S004,0.31803359947637516,14,0
X21,2,very,X21.CMN.CMN_M_037,HT1_S004,0.00596252334865584,14,0
X21,2,dirty,X21.CMN.CMN_M_037,HT1_S004,-0.05906605075771273,14,0
X21,2,shoes,X21.CMN.CMN_M_032,HT1_S004,0.33054645359683565,13,0
X21,2,were,X21.CMN.CMN_M_032,HT1_S004,0.757106205194,13,0
X21,2,very,X21.CMN.CMN_M_032,HT1_S004,0.5577630471466272,13,0
X21,2,dirty,X21.CMN.CMN_M_032,HT1_S004,0.33054645359683565,13,0
X21,2,wife,X21.CMN.CMN_M_035,HT1_S002,0.33054645359683565,12,1
X21,2,helped,X21.CMN.CMN_M_035,HT1_S002,0.09689408269963812,9,4
X21,2,husband,X21.CMN.CMN_M_035,HT1_S002,0.33054645359683565,10,3
X21,2,wife,X21.CMN.CMN_M_037,HT1_S002,-0.05906605075771273,14,0
X21,2,helped,X21.CMN.CMN_M_037,HT1_S002,0.31803359947637516,14,0
X21,2,husband,X21.CMN.CMN_M_037,HT1_S002,0.31803359947637516,14,0
X21,2,wife,X21.CMN.CMN_M_043,HT1_S002,0.757106205194,13,0
X21,2,helped,X21.CMN.CMN_M_043,HT1_S002,-0.1508472427924614,9,4
X21,2,husband,X21.CMN.CMN_M_043,HT1_S002,0.757106205194,13,0
X21,2,wife,X21.CMN.CMN_M_032,HT1_S002,0.33054645359683565,11,2
X21,2,helped,X21.CMN.CMN_M_032,HT1_S002,0.09689408269963812,11,2
X21,2,husband,X21.CMN.CMN_M_032,HT1_S002,0.09689408269963812,12,1
X21,2,bananas,X21.CMN.CMN_M_035,HT1_S014,0.33054645359683565,12,1
X21,2,are,X21.CMN.CMN_M_035,HT1_S014,-0.1508472427924614,13,0
X21,2,too,X21.CMN.CMN_M_035,HT1_S014,-0.1508472427924614,13,0
X21,2,ripe,X21.CMN.CMN_M_035,HT1_S014,0.33054645359683565,13,0
X21,2,bananas,X21.CMN.CMN_M_037,HT1_S014,-0.6099556523662372,8,6
X21,2,are,X21.CMN.CMN_M_037,HT1_S014,-0.7089065143110661,7,7
X21,2,too,X21.CMN.CMN_M_037,HT1_S014,-0.3247947821593336,11,3
X21,2,ripe,X21.CMN.CMN_M_037,HT1_S014,-0.5060026397915479,12,2
X21,2,bananas,X21.CMN.CMN_M_032,HT1_S014,-0.23622001796043332,11,2
X21,2,are,X21.CMN.CMN_M_032,HT1_S014,0.33054645359683565,11,2
X21,2,too,X21.CMN.CMN_M_032,HT1_S014,-0.46079007192190247,7,6
X21,2,ripe,X21.CMN.CMN_M_032,HT1_S014,-0.3739745347484843,11,2
X21,2,bananas,X21.CMN.CMN_M_043,HT1_S014,0.33054645359683565,12,1
X21,2,are,X21.CMN.CMN_M_043,HT1_S014,0.09689408269963812,13,0
X21,2,too,X21.CMN.CMN_M_043,HT1_S014,-0.23622001796043332,11,2
X21,2,ripe,X21.CMN.CMN_M_043,HT1_S014,-0.04548796398085572,12,1
X21,2,car,X21.CMN.CMN_M_043,HT1_S010,0.757106205194,13,0
X21,2,going,X21.CMN.CMN_M_043,HT1_S010,0.757106205194,13,0
X21,2,too,X21.CMN.CMN_M_043,HT1_S010,-0.23622001796043332,11,2
X21,2,fast,X21.CMN.CMN_M_043,HT1_S010,0.757106205194,13,0
X21,2,car,X21.CMN.CMN_M_037,HT1_S010,0.757106205194,14,0
X21,2,going,X21.CMN.CMN_M_037,HT1_S010,0.31803359947637516,14,0
X21,2,too,X21.CMN.CMN_M_037,HT1_S010,-0.3247947821593336,12,2
X21,2,fast,X21.CMN.CMN_M_037,HT1_S010,0.31803359947637516,14,0
X21,2,car,X21.CMN.CMN_M_032,HT1_S010,-0.6377154909708193,8,5
X21,2,going,X21.CMN.CMN_M_032,HT1_S010,-0.04548796398085572,13,0
X21,2,too,X21.CMN.CMN_M_032,HT1_S010,-0.46079007192190247,11,2
X21,2,fast,X21.CMN.CMN_M_032,HT1_S010,0.33054645359683565,13,0
X21,2,car,X21.CMN.CMN_M_035,HT1_S010,-0.04548796398085572,12,1
X21,2,going,X21.CMN.CMN_M_035,HT1_S010,0.33054645359683565,13,0
X21,2,too,X21.CMN.CMN_M_035,HT1_S010,-0.1508472427924614,12,1
X21,2,fast,X21.CMN.CMN_M_035,HT1_S010,0.757106205194,13,0
X21,2,big,X21.CMN.CMN_M_043,HT1_S003,0.757106205194,13,0
X21,2,dogs,X21.CMN.CMN_M_043,HT1_S003,-0.5396165304245555,9,4
X21,2,be,X21.CMN.CMN_M_043,HT1_S003,-0.3092289202031906,13,0
X21,2,dangerous,X21.CMN.CMN_M_043,HT1_S003,-0.4877669975343292,8,5
X21,2,big,X21.CMN.CMN_M_032,HT1_S003,-0.1508472427924614,12,1
X21,2,dogs,X21.CMN.CMN_M_032,HT1_S003,-0.4877669975343292,8,5
X21,2,be,X21.CMN.CMN_M_032,HT1_S003,0.33054645359683565,13,0
X21,2,dangerous,X21.CMN.CMN_M_032,HT1_S003,-0.04548796398085572,13,0
X21,2,big,X21.CMN.CMN_M_035,HT1_S003,0.33054645359683565,12,1
X21,2,dogs,X21.CMN.CMN_M_035,HT1_S003,0.757106205194,10,3
X21,2,be,X21.CMN.CMN_M_035,HT1_S003,-0.1508472427924614,7,6
X21,2,dangerous,X21.CMN.CMN_M_035,HT1_S003,-0.1508472427924614,8,5
X21,2,big,X21.CMN.CMN_M_037,HT1_S003,-0.1650289946201864,11,3
X21,2,dogs,X21.CMN.CMN_M_037,HT1_S003,-0.6597267617219156,9,5
X21,2,be,X21.CMN.CMN_M_037,HT1_S003,0.08387036076113283,13,1
X21,2,dangerous,X21.CMN.CMN_M_037,HT1_S003,-0.1650289946201864,13,1
X21,2,grew,X21.CMN.CMN_M_032,HT1_S015,-0.9300460310878029,3,10
X21,2,lots,X21.CMN.CMN_M_032,HT1_S015,-0.7325496908412499,6,7
X21,2,vegetables,X21.CMN.CMN_M_032,HT1_S015,-1.3723250646412766,1,12
X21,2,grew,X21.CMN.CMN_M_043,HT1_S015,-0.04548796398085572,9,4
X21,2,lots,X21.CMN.CMN_M_043,HT1_S015,-0.9848726016063754,4,9
X21,2,vegetables,X21.CMN.CMN_M_043,HT1_S015,-0.7800975376513128,7,6
X21,2,grew,X21.CMN.CMN_M_035,HT1_S015,0.33054645359683565,11,2
X21,2,lots,X21.CMN.CMN_M_035,HT1_S015,-0.6852633377808824,7,6
X21,2,vegetables,X21.CMN.CMN_M_035,HT1_S015,-0.04548796398085572,11,2
X21,2,grew,X21.CMN.CMN_M_037,HT1_S015,-0.6099556523662372,10,4
X21,2,lots,X21.CMN.CMN_M_037,HT1_S015,-0.7580862669002165,8,6
X21,2,vegetables,X21.CMN.CMN_M_037,HT1_S015,-0.6099556523662372,9,5
X21,2,argues,X21.CMN.CMN_M_043,HT1_S016,-0.1508472427924614,10,3
X21,2,sister,X21.CMN.CMN_M_043,HT1_S016,0.09689408269963812,13,0
X21,2,argues,X21.CMN.CMN_M_032,HT1_S016,-1.3723250646412766,6,7
X21,2,sister,X21.CMN.CMN_M_032,HT1_S016,0.09689408269963812,13,0
X21,2,argues,X21.CMN.CMN_M_035,HT1_S016,-0.6852633377808824,6,7
X21,2,sister,X21.CMN.CMN_M_035,HT1_S016,0.33054645359683565,12,1
X21,2,argues,X21.CMN.CMN_M_037,HT1_S016,0.08387036076113283,13,1
X21,2,sister,X21.CMN.CMN_M_037,HT1_S016,0.08387036076113283,13,1
X21,2,family,X21.CMN.CMN_M_032,HT1_S013,0.5577630471466272,12,1
X21,2,likes,X21.CMN.CMN_M_032,HT1_S013,0.33054645359683565,13,0
X21,2,fish,X21.CMN.CMN_M_032,HT1_S013,0.09689408269963812,13,0
X21,2,family,X21.CMN.CMN_M_037,HT1_S013,-0.1723634988838162,12,2
X21,2,likes,X21.CMN.CMN_M_037,HT1_S013,-0.3247947821593336,12,2
X21,2,fish,X21.CMN.CMN_M_037,HT1_S013,-0.2510616188014493,8,6
X21,2,family,X21.CMN.CMN_M_043,HT1_S013,0.33054645359683565,13,0
X21,2,likes,X21.CMN.CMN_M_043,HT1_S013,-1.043838493873648,9,4
X21,2,fish,X21.CMN.CMN_M_043,HT1_S013,-0.4877669975343292,9,4
X21,2,family,X21.CMN.CMN_M_035,HT1_S013,0.33054645359683565,11,2
X21,2,likes,X21.CMN.CMN_M_035,HT1_S013,0.33054645359683565,10,3
X21,2,fish,X21.CMN.CMN_M_035,HT1_S013,0.33054645359683565,13,0
X21,2,player,X21.CMN.CMN_M_032,HT1_S005,-0.3739745347484843,7,6
X21,2,lost,X21.CMN.CMN_M_032,HT1_S005,-0.4329404270157568,7,6
X21,2,shoe,X21.CMN.CMN_M_032,HT1_S005,-0.7325496908412499,6,7
X21,2,player,X21.CMN.CMN_M_035,HT1_S005,0.09689408269963812,9,4
X21,2,lost,X21.CMN.CMN_M_035,HT1_S005,-0.4329404270157568,8,5
X21,2,shoe,X21.CMN.CMN_M_035,HT1_S005,-0.4329404270157568,8,5
X21,2,player,X21.CMN.CMN_M_037,HT1_S005,-0.05906605075771273,14,0
X21,2,lost,X21.CMN.CMN_M_037,HT1_S005,-0.1650289946201864,12,2
X21,2,shoe,X21.CMN.CMN_M_037,HT1_S005,-0.2510616188014493,12,2
X21,2,player,X21.CMN.CMN_M_043,HT1_S005,-0.3739745347484843,10,3
X21,2,lost,X21.CMN.CMN_M_043,HT1_S005,-0.7800975376513128,9,4
X21,2,shoe,X21.CMN.CMN_M_043,HT1_S005,-0.5893654836717352,10,3
X21,2,kitchen,X21.CMN.CMN_M_043,HT1_S017,-0.3739745347484843,12,1
X21,2,window,X21.CMN.CMN_M_043,HT1_S017,-0.19543645741734547,13,0
X21,2,was,X21.CMN.CMN_M_043,HT1_S017,-0.1508472427924614,13,0
X21,2,clean,X21.CMN.CMN_M_043,HT1_S017,-0.1508472427924614,12,1
X21,2,kitchen,X21.CMN.CMN_M_032,HT1_S017,0.09689408269963812,13,0
X21,2,window,X21.CMN.CMN_M_032,HT1_S017,0.33054645359683565,13,0
X21,2,was,X21.CMN.CMN_M_032,HT1_S017,0.757106205194,11,2
X21,2,clean,X21.CMN.CMN_M_032,HT1_S017,0.757106205194,12,1
X21,2,kitchen,X21.CMN.CMN_M_035,HT1_S017,0.33054645359683565,13,0
X21,2,window,X21.CMN.CMN_M_035,HT1_S017,0.09689408269963812,13,0
X21,2,was,X21.CMN.CMN_M_035,HT1_S017,-0.04548796398085572,13,0
X21,2,clean,X21.CMN.CMN_M_035,HT1_S017,0.09689408269963812,12,1
X21,2,kitchen,X21.CMN.CMN_M_037,HT1_S017,0.08387036076113283,14,0
X21,2,window,X21.CMN.CMN_M_037,HT1_S017,0.08387036076113283,13,1
X21,2,was,X21.CMN.CMN_M_037,HT1_S017,-0.05906605075771273,14,0
X21,2,clean,X21.CMN.CMN_M_037,HT1_S017,-0.1650289946201864,13,1
X21,2,picture,X21.CMN.CMN_M_032,HT1_S009,-0.04548796398085572,12,1
X21,2,came,X21.CMN.CMN_M_032,HT1_S009,0.757106205194,13,0
X21,2,book,X21.CMN.CMN_M_032,HT1_S009,0.33054645359683565,13,0
X21,2,picture,X21.CMN.CMN_M_043,HT1_S009,0.09689408269963812,12,1
X21,2,came,X21.CMN.CMN_M_043,HT1_S009,0.09689408269963812,12,1
X21,2,book,X21.CMN.CMN_M_043,HT1_S009,-0.04548796398085572,12,1
X21,2,picture,X21.CMN.CMN_M_035,HT1_S009,0.757106205194,13,0
X21,2,came,X21.CMN.CMN_M_035,HT1_S009,0.757106205194,10,3
X21,2,book,X21.CMN.CMN_M_035,HT1_S009,-0.23622001796043332,10,3
X21,2,picture,X21.CMN.CMN_M_037,HT1_S009,0.31803359947637516,14,0
X21,2,came,X21.CMN.CMN_M_037,HT1_S009,0.08387036076113283,14,0
X21,2,book,X21.CMN.CMN_M_037,HT1_S009,-0.05906605075771273,14,0
X21,2,drinking,X21.CMN.CMN_M_043,HT1_S008,0.09689408269963812,12,1
X21,2,own,X21.CMN.CMN_M_043,HT1_S008,0.33054645359683565,13,0
X21,2,cup,X21.CMN.CMN_M_043,HT1_S008,0.33054645359683565,12,1
X21,2,drinking,X21.CMN.CMN_M_035,HT1_S008,0.33054645359683565,12,0
X21,2,own,X21.CMN.CMN_M_035,HT1_S008,0.757106205194,12,0
X21,2,cup,X21.CMN.CMN_M_035,HT1_S008,0.757106205194,11,1
X21,2,drinking,X21.CMN.CMN_M_032,HT1_S008,0.33054645359683565,13,0
X21,2,own,X21.CMN.CMN_M_032,HT1_S008,0.33054645359683565,13,0
X21,2,cup,X21.CMN.CMN_M_032,HT1_S008,0.33054645359683565,13,0
X21,2,drinking,X21.CMN.CMN_M_037,HT1_S008,-0.1650289946201864,12,2
X21,2,own,X21.CMN.CMN_M_037,HT1_S008,-0.2510616188014493,12,2
X21,2,cup,X21.CMN.CMN_M_037,HT1_S008,0.08387036076113283,13,1
X21,2,somebody,X21.CMN.CMN_M_043,HT1_S006,0.757106205194,13,0
X21,2,stole,X21.CMN.CMN_M_043,HT1_S006,0.33054645359683565,12,1
X21,2,money,X21.CMN.CMN_M_043,HT1_S006,-0.4877669975343292,10,3
X21,2,somebody,X21.CMN.CMN_M_032,HT1_S006,-0.5893654836717352,5,8
X21,2,stole,X21.CMN.CMN_M_032,HT1_S006,-1.5147071113217703,1,12
X21,2,money,X21.CMN.CMN_M_032,HT1_S006,-0.8781964981975767,6,7
X21,2,somebody,X21.CMN.CMN_M_037,HT1_S006,0.31803359947637516,13,1
X21,2,stole,X21.CMN.CMN_M_037,HT1_S006,-0.05906605075771273,14,0
X21,2,money,X21.CMN.CMN_M_037,HT1_S006,0.31803359947637516,14,0
X21,2,somebody,X21.CMN.CMN_M_035,HT1_S006,0.09689408269963812,12,1
X21,2,stole,X21.CMN.CMN_M_035,HT1_S006,-0.4877669975343292,6,7
X21,2,money,X21.CMN.CMN_M_035,HT1_S006,-0.8781964981975767,2,11
X21,2,paint,X21.CMN.CMN_M_043,HT1_S011,-0.7800975376513128,7,6
X21,2,dripped,X21.CMN.CMN_M_043,HT1_S011,-0.5396165304245555,8,5
X21,2,ground,X21.CMN.CMN_M_043,HT1_S011,-0.5396165304245555,11,2
X21,2,paint,X21.CMN.CMN_M_037,HT1_S011,-0.5589580208745759,10,4
X21,2,dripped,X21.CMN.CMN_M_037,HT1_S011,-0.39033898757015867,9,5
X21,2,ground,X21.CMN.CMN_M_037,HT1_S011,-0.39033898757015867,11,3
X21,2,paint,X21.CMN.CMN_M_032,HT1_S011,-0.3092289202031906,11,2
X21,2,dripped,X21.CMN.CMN_M_032,HT1_S011,-0.3739745347484843,12,1
X21,2,ground,X21.CMN.CMN_M_032,HT1_S011,0.33054645359683565,12,1
X21,2,paint,X21.CMN.CMN_M_035,HT1_S011,0.09689408269963812,11,2
X21,2,dripped,X21.CMN.CMN_M_035,HT1_S011,-0.04548796398085572,11,2
X21,2,ground,X21.CMN.CMN_M_035,HT1_S011,-0.3739745347484843,10,3
X21,2,boy,X21.CMN.CMN_M_043,HT1_S001,0.757106205194,13,0
X21,2,fell,X21.CMN.CMN_M_043,HT1_S001,0.33054645359683565,13,0
X21,2,window,X21.CMN.CMN_M_043,HT1_S001,-0.19543645741734547,12,1
X21,2,boy,X21.CMN.CMN_M_035,HT1_S001,0.757106205194,13,0
X21,2,fell,X21.CMN.CMN_M_035,HT1_S001,-0.4877669975343292,9,4
X21,2,window,X21.CMN.CMN_M_035,HT1_S001,0.09689408269963812,12,1
X21,2,boy,X21.CMN.CMN_M_037,HT1_S001,0.31803359947637516,14,0
X21,2,fell,X21.CMN.CMN_M_037,HT1_S001,0.31803359947637516,12,2
X21,2,window,X21.CMN.CMN_M_037,HT1_S001,0.08387036076113283,13,1
X21,2,boy,X21.CMN.CMN_M_032,HT1_S001,0.33054645359683565,13,0
X21,2,fell,X21.CMN.CMN_M_032,HT1_S001,0.33054645359683565,13,0
X21,2,window,X21.CMN.CMN_M_032,HT1_S001,0.33054645359683565,13,0
X21,2,fire,X21.CMN.CMN_M_037,HT1_S007,0.08387036076113283,14,0
X21,2,very,X21.CMN.CMN_M_037,HT1_S007,0.00596252334865584,13,1
X21,2,hot,X21.CMN.CMN_M_037,HT1_S007,-0.05906605075771273,13,1
X21,2,fire,X21.CMN.CMN_M_035,HT1_S007,0.09689408269963812,13,0
X21,2,very,X21.CMN.CMN_M_035,HT1_S007,0.01925765056443825,13,0
X21,2,hot,X21.CMN.CMN_M_035,HT1_S007,0.09689408269963812,13,0
X21,2,fire,X21.CMN.CMN_M_032,HT1_S007,0.09689408269963812,12,1
X21,2,very,X21.CMN.CMN_M_032,HT1_S007,0.5577630471466272,13,0
X21,2,hot,X21.CMN.CMN_M_032,HT1_S007,0.09689408269963812,13,0
X21,2,fire,X21.CMN.CMN_M_043,HT1_S007,0.33054645359683565,9,4
X21,2,very,X21.CMN.CMN_M_043,HT1_S007,0.5577630471466272,12,1
X21,2,hot,X21.CMN.CMN_M_043,HT1_S007,0.757106205194,13,0
X21,2,time,X21.CMN.CMN_M_035,HT1_S026,0.09689408269963812,13,0
X21,2,go,X21.CMN.CMN_M_035,HT1_S026,0.757106205194,13,0
X21,2,bed,X21.CMN.CMN_M_035,HT1_S026,0.757106205194,13,0
X21,2,time,X21.CMN.CMN_M_037,HT1_S026,0.07029227398427568,15,0
X21,2,go,X21.CMN.CMN_M_037,HT1_S026,-0.07324780258543759,15,0
X21,2,bed,X21.CMN.CMN_M_037,HT1_S026,-0.07324780258543759,15,0
X21,2,time,X21.CMN.CMN_M_032,HT1_S026,0.757106205194,12,1
X21,2,go,X21.CMN.CMN_M_032,HT1_S026,0.757106205194,12,1
X21,2,bed,X21.CMN.CMN_M_032,HT1_S026,0.09689408269963812,13,0
X21,2,time,X21.CMN.CMN_M_043,HT1_S026,0.33054645359683565,13,0
X21,2,go,X21.CMN.CMN_M_043,HT1_S026,0.757106205194,13,0
X21,2,bed,X21.CMN.CMN_M_043,HT1_S026,0.33054645359683565,10,3
X21,2,had,X21.CMN.CMN_M_035,HT1_S038,-0.10138453064223613,13,0
X21,2,two,X21.CMN.CMN_M_035,HT1_S038,-0.5893654836717352,13,0
X21,2,empty,X21.CMN.CMN_M_035,HT1_S038,-0.04548796398085572,12,1
X21,2,bottles,X21.CMN.CMN_M_035,HT1_S038,-0.4329404270157568,12,1
X21,2,had,X21.CMN.CMN_M_037,HT1_S038,-0.30511225812879217,8,7
X21,2,two,X21.CMN.CMN_M_037,HT1_S038,-0.1798705954612026,15,0
X21,2,empty,X21.CMN.CMN_M_037,HT1_S038,0.3050098775378691,14,1
X21,2,bottles,X21.CMN.CMN_M_037,HT1_S038,-0.6319669231173334,11,4
X21,2,had,X21.CMN.CMN_M_032,HT1_S038,-0.8781964981975767,1,12
X21,2,two,X21.CMN.CMN_M_032,HT1_S038,-0.1508472427924614,13,0
X21,2,empty,X21.CMN.CMN_M_032,HT1_S038,-0.04548796398085572,12,1
X21,2,bottles,X21.CMN.CMN_M_032,HT1_S038,-0.3092289202031906,10,3
X21,2,had,X21.CMN.CMN_M_043,HT1_S038,0.33054645359683565,13,0
X21,2,two,X21.CMN.CMN_M_043,HT1_S038,-0.04548796398085572,12,1
X21,2,empty,X21.CMN.CMN_M_043,HT1_S038,0.757106205194,13,0
X21,2,bottles,X21.CMN.CMN_M_043,HT1_S038,0.33054645359683565,13,0
X21,2,hung,X21.CMN.CMN_M_032,HT1_S018,-0.5893654836717352,4,9
X21,2,raincoat,X21.CMN.CMN_M_032,HT1_S018,-0.4329404270157568,10,3
X21,2,hung,X21.CMN.CMN_M_037,HT1_S018,-1.1511855478645399,3,12
X21,2,raincoat,X21.CMN.CMN_M_037,HT1_S018,-0.46842550708430863,10,5
X21,2,hung,X21.CMN.CMN_M_035,HT1_S018,-0.9848726016063754,2,11
X21,2,raincoat,X21.CMN.CMN_M_035,HT1_S018,-0.7800975376513128,7,6
X21,2,hung,X21.CMN.CMN_M_043,HT1_S018,-0.3739745347484843,10,3
X21,2,raincoat,X21.CMN.CMN_M_043,HT1_S018,-0.5893654836717352,8,5
X21,2,dog,X21.CMN.CMN_M_035,HT1_S028,0.33054645359683565,12,1
X21,2,eating,X21.CMN.CMN_M_035,HT1_S028,-0.04548796398085572,12,1
X21,2,some,X21.CMN.CMN_M_035,HT1_S028,-0.3092289202031906,10,3
X21,2,meat,X21.CMN.CMN_M_035,HT1_S028,-0.3092289202031906,10,3
X21,2,dog,X21.CMN.CMN_M_032,HT1_S028,-0.1508472427924614,9,4
X21,2,eating,X21.CMN.CMN_M_032,HT1_S028,0.09689408269963812,11,2
X21,2,some,X21.CMN.CMN_M_032,HT1_S028,0.09689408269963812,11,2
X21,2,meat,X21.CMN.CMN_M_032,HT1_S028,0.09689408269963812,10,3
X21,2,dog,X21.CMN.CMN_M_043,HT1_S028,-0.4877669975343292,13,0
X21,2,eating,X21.CMN.CMN_M_043,HT1_S028,-0.3739745347484843,11,2
X21,2,some,X21.CMN.CMN_M_043,HT1_S028,-0.3739745347484843,10,3
X21,2,meat,X21.CMN.CMN_M_043,HT1_S028,-0.3092289202031906,11,2
X21,2,dog,X21.CMN.CMN_M_037,HT1_S028,-0.1798705954612026,10,5
X21,2,eating,X21.CMN.CMN_M_037,HT1_S028,0.3050098775378691,13,2
X21,2,some,X21.CMN.CMN_M_037,HT1_S028,0.07029227398427568,11,4
X21,2,meat,X21.CMN.CMN_M_037,HT1_S028,-0.1798705954612026,11,4
X21,2,house,X21.CMN.CMN_M_035,HT1_S041,0.33054645359683565,13,0
X21,2,had,X21.CMN.CMN_M_035,HT1_S041,-0.10138453064223613,13,0
X21,2,nine,X21.CMN.CMN_M_035,HT1_S041,-0.3092289202031906,11,2
X21,2,bedrooms,X21.CMN.CMN_M_035,HT1_S041,0.757106205194,12,1
X21,2,house,X21.CMN.CMN_M_032,HT1_S041,-0.04548796398085572,12,1
X21,2,had,X21.CMN.CMN_M_032,HT1_S041,-0.8781964981975767,10,3
X21,2,nine,X21.CMN.CMN_M_032,HT1_S041,-0.1508472427924614,11,2
X21,2,bedrooms,X21.CMN.CMN_M_032,HT1_S041,-0.23622001796043332,10,3
X21,2,house,X21.CMN.CMN_M_037,HT1_S041,0.5327277074581582,15,0
X21,2,had,X21.CMN.CMN_M_037,HT1_S041,-0.30511225812879217,11,4
X21,2,nine,X21.CMN.CMN_M_037,HT1_S041,-0.40758842538149176,13,2
X21,2,bedrooms,X21.CMN.CMN_M_037,HT1_S041,-0.46842550708430863,6,9
X21,2,house,X21.CMN.CMN_M_043,HT1_S041,0.5577630471466272,13,0
X21,2,had,X21.CMN.CMN_M_043,HT1_S041,0.33054645359683565,13,0
X21,2,nine,X21.CMN.CMN_M_043,HT1_S041,-0.1508472427924614,13,0
X21,2,bedrooms,X21.CMN.CMN_M_043,HT1_S041,0.33054645359683565,12,1
X21,2,girl,X21.CMN.CMN_M_035,HT1_S025,0.757106205194,13,0
X21,2,fixing,X21.CMN.CMN_M_035,HT1_S025,0.757106205194,13,0
X21,2,dress,X21.CMN.CMN_M_035,HT1_S025,0.757106205194,13,0
X21,2,girl,X21.CMN.CMN_M_032,HT1_S025,0.757106205194,12,1
X21,2,fixing,X21.CMN.CMN_M_032,HT1_S025,0.33054645359683565,12,1
X21,2,dress,X21.CMN.CMN_M_032,HT1_S025,0.33054645359683565,13,0
X21,2,girl,X21.CMN.CMN_M_037,HT1_S025,0.757106205194,15,0
X21,2,fixing,X21.CMN.CMN_M_037,HT1_S025,0.757106205194,14,1
X21,2,dress,X21.CMN.CMN_M_037,HT1_S025,0.757106205194,14,1
X21,2,girl,X21.CMN.CMN_M_043,HT1_S025,-0.04548796398085572,13,0
X21,2,fixing,X21.CMN.CMN_M_043,HT1_S025,0.09689408269963812,12,1
X21,2,dress,X21.CMN.CMN_M_043,HT1_S025,0.33054645359683565,13,0
X21,2,road,X21.CMN.CMN_M_035,HT1_S030,-0.23622001796043332,12,1
X21,2,goes,X21.CMN.CMN_M_035,HT1_S030,-0.3092289202031906,13,0
X21,2,hill,X21.CMN.CMN_M_035,HT1_S030,-0.4329404270157568,10,3
X21,2,road,X21.CMN.CMN_M_037,HT1_S030,0.3050098775378691,11,4
X21,2,goes,X21.CMN.CMN_M_037,HT1_S030,0.07029227398427568,14,1
X21,2,hill,X21.CMN.CMN_M_037,HT1_S030,0.07029227398427568,13,2
X21,2,road,X21.CMN.CMN_M_032,HT1_S030,-0.4329404270157568,8,5
X21,2,goes,X21.CMN.CMN_M_032,HT1_S030,-0.04548796398085572,11,2
X21,2,hill,X21.CMN.CMN_M_032,HT1_S030,-0.3092289202031906,10,3
X21,2,road,X21.CMN.CMN_M_043,HT1_S030,0.757106205194,13,0
X21,2,goes,X21.CMN.CMN_M_043,HT1_S030,0.757106205194,13,0
X21,2,hill,X21.CMN.CMN_M_043,HT1_S030,-1.748359482218968,1,12
X21,2,father,X21.CMN.CMN_M_043,HT1_S029,-1.3723250646412766,2,11
X21,2,forgot,X21.CMN.CMN_M_043,HT1_S029,-0.23622001796043332,12,1
X21,2,bread,X21.CMN.CMN_M_043,HT1_S029,-1.181593010661699,3,10
X21,2,father,X21.CMN.CMN_M_035,HT1_S029,0.33054645359683565,10,3
X21,2,forgot,X21.CMN.CMN_M_035,HT1_S029,-0.23622001796043332,6,7
X21,2,bread,X21.CMN.CMN_M_035,HT1_S029,-1.181593010661699,1,12
X21,2,father,X21.CMN.CMN_M_037,HT1_S029,-0.838264839053054,2,13
X21,2,forgot,X21.CMN.CMN_M_037,HT1_S029,-0.1798705954612026,9,6
X21,2,bread,X21.CMN.CMN_M_037,HT1_S029,-0.1798705954612026,11,4
X21,2,father,X21.CMN.CMN_M_032,HT1_S029,-0.6852633377808824,7,6
X21,2,forgot,X21.CMN.CMN_M_032,HT1_S029,-0.23622001796043332,10,3
X21,2,bread,X21.CMN.CMN_M_032,HT1_S029,-0.3739745347484843,10,3
X21,2,family,X21.CMN.CMN_M_043,HT1_S032,0.33054645359683565,13,0
X21,2,bought,X21.CMN.CMN_M_043,HT1_S032,0.757106205194,13,0
X21,2,house,X21.CMN.CMN_M_043,HT1_S032,0.5577630471466272,13,0
X21,2,family,X21.CMN.CMN_M_032,HT1_S032,0.5577630471466272,13,0
X21,2,bought,X21.CMN.CMN_M_032,HT1_S032,-0.23622001796043332,11,2
X21,2,house,X21.CMN.CMN_M_032,HT1_S032,-0.04548796398085572,11,2
X21,2,family,X21.CMN.CMN_M_037,HT1_S032,-0.1723634988838162,15,0
X21,2,bought,X21.CMN.CMN_M_037,HT1_S032,-0.07324780258543759,15,0
X21,2,house,X21.CMN.CMN_M_037,HT1_S032,0.5327277074581582,15,0
X21,2,family,X21.CMN.CMN_M_035,HT1_S032,0.33054645359683565,13,0
X21,2,bought,X21.CMN.CMN_M_035,HT1_S032,-0.04548796398085572,13,0
X21,2,house,X21.CMN.CMN_M_035,HT1_S032,0.33054645359683565,12,1
X21,2,mailman,X21.CMN.CMN_M_035,HT1_S019,-0.04548796398085572,13,0
X21,2,brought,X21.CMN.CMN_M_035,HT1_S019,-0.04548796398085572,13,0
X21,2,letter,X21.CMN.CMN_M_035,HT1_S019,-0.04548796398085572,12,1
X21,2,mailman,X21.CMN.CMN_M_037,HT1_S019,0.07029227398427568,12,3
X21,2,brought,X21.CMN.CMN_M_037,HT1_S019,0.3050098775378691,12,3
X21,2,letter,X21.CMN.CMN_M_037,HT1_S019,0.3050098775378691,13,2
X21,2,mailman,X21.CMN.CMN_M_043,HT1_S019,-0.04548796398085572,13,0
X21,2,brought,X21.CMN.CMN_M_043,HT1_S019,-0.1508472427924614,12,1
X21,2,letter,X21.CMN.CMN_M_043,HT1_S019,-0.23622001796043332,12,1
X21,2,mailman,X21.CMN.CMN_M_032,HT1_S019,-0.1508472427924614,12,1
X21,2,brought,X21.CMN.CMN_M_032,HT1_S019,-0.04548796398085572,10,3
X21,2,letter,X21.CMN.CMN_M_032,HT1_S019,-0.1508472427924614,11,2
X21,2,mother,X21.CMN.CMN_M_032,HT1_S027,0.09689408269963812,12,1
X21,2,read,X21.CMN.CMN_M_032,HT1_S027,-0.5396165304245555,10,3
X21,2,instructions,X21.CMN.CMN_M_032,HT1_S027,-0.5893654836717352,8,5
X21,2,mother,X21.CMN.CMN_M_037,HT1_S027,-0.46842550708430863,8,7
X21,2,read,X21.CMN.CMN_M_037,HT1_S027,-0.07324780258543759,13,2
X21,2,instructions,X21.CMN.CMN_M_037,HT1_S027,0.07029227398427568,12,3
X21,2,mother,X21.CMN.CMN_M_035,HT1_S027,0.757106205194,12,1
X21,2,read,X21.CMN.CMN_M_035,HT1_S027,-0.23622001796043332,10,3
X21,2,instructions,X21.CMN.CMN_M_035,HT1_S027,0.33054645359683565,11,2
X21,2,mother,X21.CMN.CMN_M_043,HT1_S027,0.757106205194,11,2
X21,2,read,X21.CMN.CMN_M_043,HT1_S027,0.757106205194,13,0
X21,2,instructions,X21.CMN.CMN_M_043,HT1_S027,0.09689408269963812,13,0
X21,2,table,X21.CMN.CMN_M_032,HT1_S022,0.757106205194,13,0
X21,2,has,X21.CMN.CMN_M_032,HT1_S022,0.33054645359683565,11,2
X21,2,three,X21.CMN.CMN_M_032,HT1_S022,0.09689408269963812,11,2
X21,2,legs,X21.CMN.CMN_M_032,HT1_S022,0.09689408269963812,12,1
X21,2,table,X21.CMN.CMN_M_035,HT1_S022,0.757106205194,12,1
X21,2,has,X21.CMN.CMN_M_035,HT1_S022,0.757106205194,13,0
X21,2,three,X21.CMN.CMN_M_035,HT1_S022,-0.5396165304245555,8,5
X21,2,legs,X21.CMN.CMN_M_035,HT1_S022,0.33054645359683565,13,0
X21,2,table,X21.CMN.CMN_M_037,HT1_S022,0.3050098775378691,15,0
X21,2,has,X21.CMN.CMN_M_037,HT1_S022,0.757106205194,15,0
X21,2,three,X21.CMN.CMN_M_037,HT1_S022,-0.40758842538149176,14,1
X21,2,legs,X21.CMN.CMN_M_037,HT1_S022,0.07029227398427568,15,0
X21,2,table,X21.CMN.CMN_M_043,HT1_S022,0.33054645359683565,13,0
X21,2,has,X21.CMN.CMN_M_043,HT1_S022,-0.1508472427924614,12,1
X21,2,three,X21.CMN.CMN_M_043,HT1_S022,-0.3092289202031906,10,3
X21,2,legs,X21.CMN.CMN_M_043,HT1_S022,-0.5893654836717352,7,6
X21,2,found,X21.CMN.CMN_M_032,HT1_S021,0.33054645359683565,13,0
X21,2,purse,X21.CMN.CMN_M_032,HT1_S021,0.09689408269963812,13,0
X21,2,trash,X21.CMN.CMN_M_032,HT1_S021,0.09689408269963812,12,1
X21,2,found,X21.CMN.CMN_M_037,HT1_S021,0.07029227398427568,13,2
X21,2,purse,X21.CMN.CMN_M_037,HT1_S021,0.07029227398427568,14,1
X21,2,trash,X21.CMN.CMN_M_037,HT1_S021,0.07029227398427568,15,0
X21,2,found,X21.CMN.CMN_M_035,HT1_S021,0.757106205194,13,0
X21,2,purse,X21.CMN.CMN_M_035,HT1_S021,0.757106205194,12,1
X21,2,trash,X21.CMN.CMN_M_035,HT1_S021,0.33054645359683565,13,0
X21,2,found,X21.CMN.CMN_M_043,HT1_S021,0.33054645359683565,13,0
X21,2,purse,X21.CMN.CMN_M_043,HT1_S021,0.33054645359683565,13,0
X21,2,trash,X21.CMN.CMN_M_043,HT1_S021,-0.04548796398085572,13,0
X21,2,painter,X21.CMN.CMN_M_037,HT1_S031,-0.1798705954612026,15,0
X21,2,uses,X21.CMN.CMN_M_037,HT1_S031,-0.341159234981008,14,1
X21,2,brush,X21.CMN.CMN_M_037,HT1_S031,0.757106205194,15,0
X21,2,painter,X21.CMN.CMN_M_043,HT1_S031,-0.5893654836717352,9,4
X21,2,uses,X21.CMN.CMN_M_043,HT1_S031,-0.23622001796043332,13,0
X21,2,brush,X21.CMN.CMN_M_043,HT1_S031,-0.5396165304245555,11,2
X21,2,painter,X21.CMN.CMN_M_032,HT1_S031,0.757106205194,9,4
X21,2,uses,X21.CMN.CMN_M_032,HT1_S031,0.33054645359683565,12,1
X21,2,brush,X21.CMN.CMN_M_032,HT1_S031,0.757106205194,13,0
X21,2,painter,X21.CMN.CMN_M_035,HT1_S031,0.09689408269963812,13,0
X21,2,uses,X21.CMN.CMN_M_035,HT1_S031,-0.4329404270157568,10,3
X21,2,brush,X21.CMN.CMN_M_035,HT1_S031,0.09689408269963812,13,0
X21,2,children,X21.CMN.CMN_M_035,HT1_S023,0.757106205194,12,1
X21,2,waved,X21.CMN.CMN_M_035,HT1_S023,-2.1749192338161323,0,13
X21,2,train,X21.CMN.CMN_M_035,HT1_S023,-1.5147071113217703,2,11
X21,2,children,X21.CMN.CMN_M_043,HT1_S023,0.09689408269963812,12,1
X21,2,waved,X21.CMN.CMN_M_043,HT1_S023,-0.828447544950397,5,8
X21,2,train,X21.CMN.CMN_M_043,HT1_S023,-0.5893654836717352,6,7
X21,2,children,X21.CMN.CMN_M_037,HT1_S023,0.07029227398427568,15,0
X21,2,waved,X21.CMN.CMN_M_037,HT1_S023,-0.2666274807575923,13,2
X21,2,train,X21.CMN.CMN_M_037,HT1_S023,0.3050098775378691,14,1
X21,2,children,X21.CMN.CMN_M_032,HT1_S023,-0.9848726016063754,6,7
X21,2,waved,X21.CMN.CMN_M_032,HT1_S023,-0.9300460310878029,5,8
X21,2,train,X21.CMN.CMN_M_032,HT1_S023,0.09689408269963812,11,2
X21,2,mother,X21.CMN.CMN_M_037,HT1_S020,-0.46842550708430863,5,10
X21,2,heard,X21.CMN.CMN_M_037,HT1_S020,-0.838264839053054,2,13
X21,2,baby,X21.CMN.CMN_M_037,HT1_S020,-0.40758842538149176,9,6
X21,2,mother,X21.CMN.CMN_M_043,HT1_S020,0.757106205194,13,0
X21,2,heard,X21.CMN.CMN_M_043,HT1_S020,-0.23622001796043332,12,1
X21,2,baby,X21.CMN.CMN_M_043,HT1_S020,-0.04548796398085572,13,0
X21,2,mother,X21.CMN.CMN_M_035,HT1_S020,0.757106205194,12,1
X21,2,heard,X21.CMN.CMN_M_035,HT1_S020,-0.5396165304245555,9,4
X21,2,baby,X21.CMN.CMN_M_035,HT1_S020,0.757106205194,12,1
X21,2,mother,X21.CMN.CMN_M_032,HT1_S020,0.09689408269963812,12,1
X21,2,heard,X21.CMN.CMN_M_032,HT1_S020,-0.3092289202031906,11,2
X21,2,baby,X21.CMN.CMN_M_032,HT1_S020,0.757106205194,12,1
X21,3,shoes,X21.CMN.CMN_M_032,HT1_S004,0.3017537760437397,14,0
X21,3,were,X21.CMN.CMN_M_032,HT1_S004,0.7328001138899333,14,0
X21,3,very,X21.CMN.CMN_M_032,HT1_S004,0.5250531314651335,14,0
X21,3,dirty,X21.CMN.CMN_M_032,HT1_S004,0.7328001138899333,13,1
X21,3,shoes,X21.CMN.CMN_M_043,HT1_S004,0.07187105233921781,14,0
X21,3,were,X21.CMN.CMN_M_043,HT1_S004,0.3017537760437397,14,0
X21,3,very,X21.CMN.CMN_M_043,HT1_S004,0.3017537760437397,14,0
X21,3,dirty,X21.CMN.CMN_M_043,HT1_S004,0.3017537760437397,14,0
X21,3,shoes,X21.CMN.CMN_M_037,HT1_S004,0.7328001138899333,12,1
X21,3,were,X21.CMN.CMN_M_037,HT1_S004,0.7328001138899333,12,1
X21,3,very,X21.CMN.CMN_M_037,HT1_S004,0.31403789460270276,11,2
X21,3,dirty,X21.CMN.CMN_M_037,HT1_S004,0.31403789460270276,11,2
X21,3,shoes,X21.CMN.CMN_M_035,HT1_S004,0.09694081858746206,12,0
X21,3,were,X21.CMN.CMN_M_035,HT1_S004,0.09694081858746206,11,1
X21,3,very,X21.CMN.CMN_M_035,HT1_S004,0.3258583493094708,11,1
X21,3,dirty,X21.CMN.CMN_M_035,HT1_S004,0.3258583493094708,12,0
X21,3,wife,X21.CMN.CMN_M_037,HT1_S002,0.31403789460270276,11,2
X21,3,helped,X21.CMN.CMN_M_037,HT1_S002,0.7328001138899333,12,1
X21,3,husband,X21.CMN.CMN_M_037,HT1_S002,0.7328001138899333,12,1
X21,3,wife,X21.CMN.CMN_M_032,HT1_S002,-0.06845247485823786,14,0
X21,3,helped,X21.CMN.CMN_M_032,HT1_S002,-0.06845247485823786,13,1
X21,3,husband,X21.CMN.CMN_M_032,HT1_S002,0.07187105233921781,13,1
X21,3,wife,X21.CMN.CMN_M_035,HT1_S002,0.09694081858746206,12,0
X21,3,helped,X21.CMN.CMN_M_035,HT1_S002,-0.2994720596111702,12,0
X21,3,husband,X21.CMN.CMN_M_035,HT1_S002,-0.145226023676024,12,0
X21,3,wife,X21.CMN.CMN_M_043,HT1_S002,0.7328001138899333,14,0
X21,3,helped,X21.CMN.CMN_M_043,HT1_S002,-0.2569383548932498,11,3
X21,3,husband,X21.CMN.CMN_M_043,HT1_S002,0.7328001138899333,14,0
X21,3,bananas,X21.CMN.CMN_M_043,HT1_S014,0.3017537760437397,13,1
X21,3,are,X21.CMN.CMN_M_043,HT1_S014,0.7328001138899333,12,2
X21,3,too,X21.CMN.CMN_M_043,HT1_S014,-0.2943374384702831,12,2
X21,3,ripe,X21.CMN.CMN_M_043,HT1_S014,0.07187105233921781,12,2
X21,3,bananas,X21.CMN.CMN_M_032,HT1_S014,-0.17247841112604367,11,3
X21,3,are,X21.CMN.CMN_M_032,HT1_S014,0.07187105233921781,13,1
X21,3,too,X21.CMN.CMN_M_032,HT1_S014,-0.5072190420359695,7,7
X21,3,ripe,X21.CMN.CMN_M_032,HT1_S014,-0.17247841112604367,9,5
X21,3,bananas,X21.CMN.CMN_M_037,HT1_S014,-0.6365241761044296,8,5
X21,3,are,X21.CMN.CMN_M_037,HT1_S014,-0.7296248023434813,7,6
X21,3,too,X21.CMN.CMN_M_037,HT1_S014,-0.27942010134207756,10,3
X21,3,ripe,X21.CMN.CMN_M_037,HT1_S014,-0.3140423552911728,8,5
X21,3,bananas,X21.CMN.CMN_M_035,HT1_S014,0.09694081858746206,12,0
X21,3,are,X21.CMN.CMN_M_035,HT1_S014,0.09694081858746206,10,2
X21,3,too,X21.CMN.CMN_M_035,HT1_S014,0.09694081858746206,10,2
X21,3,ripe,X21.CMN.CMN_M_035,HT1_S014,0.3258583493094708,12,0
X21,3,car,X21.CMN.CMN_M_035,HT1_S010,-0.04233694845662834,11,1
X21,3,going,X21.CMN.CMN_M_035,HT1_S010,0.7328001138899333,11,1
X21,3,too,X21.CMN.CMN_M_035,HT1_S010,0.09694081858746206,9,3
X21,3,fast,X21.CMN.CMN_M_035,HT1_S010,0.7328001138899333,12,0
X21,3,car,X21.CMN.CMN_M_037,HT1_S010,0.7328001138899333,13,0
X21,3,going,X21.CMN.CMN_M_037,HT1_S010,0.7328001138899333,12,1
X21,3,too,X21.CMN.CMN_M_037,HT1_S010,-0.27942010134207756,10,3
X21,3,fast,X21.CMN.CMN_M_037,HT1_S010,0.31403789460270276,13,0
X21,3,car,X21.CMN.CMN_M_043,HT1_S010,0.7328001138899333,14,0
X21,3,going,X21.CMN.CMN_M_043,HT1_S010,0.7328001138899333,14,0
X21,3,too,X21.CMN.CMN_M_043,HT1_S010,-0.2943374384702831,13,1
X21,3,fast,X21.CMN.CMN_M_043,HT1_S010,0.7328001138899333,14,0
X21,3,car,X21.CMN.CMN_M_032,HT1_S010,-0.5592063962635953,7,7
X21,3,going,X21.CMN.CMN_M_032,HT1_S010,0.07187105233921781,13,1
X21,3,too,X21.CMN.CMN_M_032,HT1_S010,-0.5072190420359695,14,0
X21,3,fast,X21.CMN.CMN_M_032,HT1_S010,0.3017537760437397,14,0
X21,3,big,X21.CMN.CMN_M_032,HT1_S003,-0.06845247485823786,12,2
X21,3,dogs,X21.CMN.CMN_M_032,HT1_S003,-0.5072190420359695,9,5
X21,3,be,X21.CMN.CMN_M_032,HT1_S003,0.3017537760437397,14,0
X21,3,dangerous,X21.CMN.CMN_M_032,HT1_S003,-0.06845247485823786,14,0
X21,3,big,X21.CMN.CMN_M_043,HT1_S003,0.7328001138899333,14,0
X21,3,dogs,X21.CMN.CMN_M_043,HT1_S003,-0.5592063962635953,10,4
X21,3,be,X21.CMN.CMN_M_043,HT1_S003,-0.06845247485823786,11,3
X21,3,dangerous,X21.CMN.CMN_M_043,HT1_S003,-0.5592063962635953,10,4
X21,3,big,X21.CMN.CMN_M_037,HT1_S003,-0.3140423552911728,12,1
X21,3,dogs,X21.CMN.CMN_M_037,HT1_S003,-0.5890580092114985,7,6
X21,3,be,X21.CMN.CMN_M_037,HT1_S003,0.31403789460270276,11,2
X21,3,dangerous,X21.CMN.CMN_M_037,HT1_S003,-0.055122596145909204,11,2
X21,3,big,X21.CMN.CMN_M_035,HT1_S003,0.09694081858746206,12,0
X21,3,dogs,X21.CMN.CMN_M_035,HT1_S003,-0.04233694845662834,12,0
X21,3,be,X21.CMN.CMN_M_035,HT1_S003,-0.3623230996912652,9,3
X21,3,dangerous,X21.CMN.CMN_M_035,HT1_S003,-0.2994720596111702,9,3
X21,3,grew,X21.CMN.CMN_M_037,HT1_S015,-0.4893167481763918,7,6
X21,3,lots,X21.CMN.CMN_M_037,HT1_S015,-0.6832028460397852,6,7
X21,3,vegetables,X21.CMN.CMN_M_037,HT1_S015,-0.5402184691681614,7,6
X21,3,grew,X21.CMN.CMN_M_035,HT1_S015,0.09694081858746206,11,1
X21,3,lots,X21.CMN.CMN_M_035,HT1_S015,-0.661593942352674,6,6
X21,3,vegetables,X21.CMN.CMN_M_035,HT1_S015,-0.145226023676024,11,1
X21,3,grew,X21.CMN.CMN_M_032,HT1_S015,-1.1558892934900165,7,7
X21,3,lots,X21.CMN.CMN_M_032,HT1_S015,-0.7546945685917255,7,7
X21,3,vegetables,X21.CMN.CMN_M_032,HT1_S015,-1.4846987007224837,2,12
X21,3,grew,X21.CMN.CMN_M_043,HT1_S015,-0.2569383548932498,12,2
X21,3,lots,X21.CMN.CMN_M_043,HT1_S015,-1.0191579215692288,5,9
X21,3,vegetables,X21.CMN.CMN_M_043,HT1_S015,-0.7064138241916331,6,8
X21,3,argues,X21.CMN.CMN_M_037,HT1_S016,0.31403789460270276,11,2
X21,3,sister,X21.CMN.CMN_M_037,HT1_S016,0.31403789460270276,11,2
X21,3,argues,X21.CMN.CMN_M_043,HT1_S016,-0.2569383548932498,12,2
X21,3,sister,X21.CMN.CMN_M_043,HT1_S016,0.07187105233921781,14,0
X21,3,argues,X21.CMN.CMN_M_035,HT1_S016,-0.7064138241916331,6,6
X21,3,sister,X21.CMN.CMN_M_035,HT1_S016,0.09694081858746206,12,0
X21,3,argues,X21.CMN.CMN_M_032,HT1_S016,-1.0191579215692288,2,12
X21,3,sister,X21.CMN.CMN_M_032,HT1_S016,0.07187105233921781,14,0
X21,3,family,X21.CMN.CMN_M_037,HT1_S013,0.008439465522084175,9,4
X21,3,likes,X21.CMN.CMN_M_037,HT1_S013,-0.24236805921324733,10,3
X21,3,fish,X21.CMN.CMN_M_037,HT1_S013,-0.4354924099440599,10,3
X21,3,family,X21.CMN.CMN_M_035,HT1_S013,0.18704424611757672,12,0
X21,3,likes,X21.CMN.CMN_M_035,HT1_S013,-0.145226023676024,12,0
X21,3,fish,X21.CMN.CMN_M_035,HT1_S013,0.7328001138899333,11,1
X21,3,family,X21.CMN.CMN_M_032,HT1_S013,0.5311349706179448,13,1
X21,3,likes,X21.CMN.CMN_M_032,HT1_S013,0.3017537760437397,14,0
X21,3,fish,X21.CMN.CMN_M_032,HT1_S013,0.3017537760437397,13,1
X21,3,family,X21.CMN.CMN_M_043,HT1_S013,0.7328001138899333,13,1
X21,3,likes,X21.CMN.CMN_M_043,HT1_S013,-0.7064138241916331,3,11
X21,3,fish,X21.CMN.CMN_M_043,HT1_S013,-0.4524265272213801,9,5
X21,3,player,X21.CMN.CMN_M_035,HT1_S005,-0.22844555047555626,11,1
X21,3,lost,X21.CMN.CMN_M_035,HT1_S005,-0.5700700821160646,10,2
X21,3,shoe,X21.CMN.CMN_M_035,HT1_S005,-0.5223161753085837,9,3
X21,3,player,X21.CMN.CMN_M_043,HT1_S005,-0.3936697268140376,11,3
X21,3,lost,X21.CMN.CMN_M_043,HT1_S005,-0.5072190420359695,4,10
X21,3,shoe,X21.CMN.CMN_M_043,HT1_S005,-0.4524265272213801,8,6
X21,3,player,X21.CMN.CMN_M_037,HT1_S005,0.7328001138899333,10,3
X21,3,lost,X21.CMN.CMN_M_037,HT1_S005,-0.055122596145909204,10,3
X21,3,shoe,X21.CMN.CMN_M_037,HT1_S005,-0.1585559023883526,10,3
X21,3,player,X21.CMN.CMN_M_032,HT1_S005,-0.6092717886544098,12,2
X21,3,lost,X21.CMN.CMN_M_032,HT1_S005,-0.6092717886544098,11,3
X21,3,shoe,X21.CMN.CMN_M_032,HT1_S005,-0.853621252119671,9,5
X21,3,kitchen,X21.CMN.CMN_M_037,HT1_S017,0.31403789460270276,12,1
X21,3,window,X21.CMN.CMN_M_037,HT1_S017,0.08465670002849814,11,2
X21,3,was,X21.CMN.CMN_M_037,HT1_S017,0.31403789460270276,11,2
X21,3,clean,X21.CMN.CMN_M_037,HT1_S017,-0.055122596145909204,11,2
X21,3,kitchen,X21.CMN.CMN_M_032,HT1_S017,0.3017537760437397,13,1
X21,3,window,X21.CMN.CMN_M_032,HT1_S017,0.7328001138899333,13,1
X21,3,was,X21.CMN.CMN_M_032,HT1_S017,0.07187105233921781,14,0
X21,3,clean,X21.CMN.CMN_M_032,HT1_S017,0.3017537760437397,14,0
X21,3,kitchen,X21.CMN.CMN_M_043,HT1_S017,-0.06845247485823786,9,5
X21,3,window,X21.CMN.CMN_M_043,HT1_S017,0.16843254113940223,8,6
X21,3,was,X21.CMN.CMN_M_043,HT1_S017,0.3017537760437397,11,3
X21,3,clean,X21.CMN.CMN_M_043,HT1_S017,0.07187105233921781,11,3
X21,3,kitchen,X21.CMN.CMN_M_035,HT1_S017,0.3258583493094708,12,0
X21,3,window,X21.CMN.CMN_M_035,HT1_S017,0.02096933134744785,12,0
X21,3,was,X21.CMN.CMN_M_035,HT1_S017,0.09694081858746206,11,1
X21,3,clean,X21.CMN.CMN_M_035,HT1_S017,0.09694081858746206,11,1
X21,3,picture,X21.CMN.CMN_M_035,HT1_S009,0.7328001138899333,12,0
X21,3,came,X21.CMN.CMN_M_035,HT1_S009,-0.04233694845662834,12,0
X21,3,book,X21.CMN.CMN_M_035,HT1_S009,-0.22844555047555626,9,3
X21,3,picture,X21.CMN.CMN_M_043,HT1_S009,0.3017537760437397,12,2
X21,3,came,X21.CMN.CMN_M_043,HT1_S009,0.3017537760437397,12,2
X21,3,book,X21.CMN.CMN_M_043,HT1_S009,0.07187105233921781,12,2
X21,3,picture,X21.CMN.CMN_M_037,HT1_S009,0.7328001138899333,12,1
X21,3,came,X21.CMN.CMN_M_037,HT1_S009,0.7328001138899333,11,2
X21,3,book,X21.CMN.CMN_M_037,HT1_S009,0.31403789460270276,11,2
X21,3,picture,X21.CMN.CMN_M_032,HT1_S009,-0.17247841112604367,14,0
X21,3,came,X21.CMN.CMN_M_032,HT1_S009,0.7328001138899333,14,0
X21,3,book,X21.CMN.CMN_M_032,HT1_S009,0.3017537760437397,14,0
X21,3,drinking,X21.CMN.CMN_M_043,HT1_S008,-0.06845247485823786,14,0
X21,3,own,X21.CMN.CMN_M_043,HT1_S008,0.3017537760437397,14,0
X21,3,cup,X21.CMN.CMN_M_043,HT1_S008,0.07187105233921781,14,0
X21,3,drinking,X21.CMN.CMN_M_035,HT1_S008,0.31403789460270276,12,0
X21,3,own,X21.CMN.CMN_M_035,HT1_S008,0.7328001138899333,12,0
X21,3,cup,X21.CMN.CMN_M_035,HT1_S008,0.31403789460270276,12,0
X21,3,drinking,X21.CMN.CMN_M_037,HT1_S008,0.08465670002849814,9,4
X21,3,own,X21.CMN.CMN_M_037,HT1_S008,-0.1585559023883526,10,3
X21,3,cup,X21.CMN.CMN_M_037,HT1_S008,0.31403789460270276,11,2
X21,3,drinking,X21.CMN.CMN_M_032,HT1_S008,0.3017537760437397,14,0
X21,3,own,X21.CMN.CMN_M_032,HT1_S008,0.3017537760437397,14,0
X21,3,cup,X21.CMN.CMN_M_032,HT1_S008,0.3017537760437397,14,0
X21,3,somebody,X21.CMN.CMN_M_035,HT1_S006,0.09694081858746206,11,1
X21,3,stole,X21.CMN.CMN_M_035,HT1_S006,-0.5700700821160646,7,5
X21,3,money,X21.CMN.CMN_M_035,HT1_S006,-0.9934005482940781,4,8
X21,3,somebody,X21.CMN.CMN_M_037,HT1_S006,0.08465670002849814,13,0
X21,3,stole,X21.CMN.CMN_M_037,HT1_S006,0.31403789460270276,11,2
X21,3,money,X21.CMN.CMN_M_037,HT1_S006,0.7328001138899333,12,1
X21,3,somebody,X21.CMN.CMN_M_032,HT1_S006,-0.7546945685917255,9,5
X21,3,stole,X21.CMN.CMN_M_032,HT1_S006,-1.4846987007224837,1,13
X21,3,money,X21.CMN.CMN_M_032,HT1_S006,-0.8035558597288565,5,9
X21,3,somebody,X21.CMN.CMN_M_043,HT1_S006,0.7328001138899333,14,0
X21,3,stole,X21.CMN.CMN_M_043,HT1_S006,0.3017537760437397,13,1
X21,3,money,X21.CMN.CMN_M_043,HT1_S006,-0.4524265272213801,10,4
X21,3,paint,X21.CMN.CMN_M_035,HT1_S011,-0.145226023676024,12,0
X21,3,dripped,X21.CMN.CMN_M_035,HT1_S011,-0.145226023676024,11,1
X21,3,ground,X21.CMN.CMN_M_035,HT1_S011,-0.2994720596111702,8,4
X21,3,paint,X21.CMN.CMN_M_037,HT1_S011,-0.4893167481763918,8,5
X21,3,dripped,X21.CMN.CMN_M_037,HT1_S011,-0.4354924099440599,9,4
X21,3,ground,X21.CMN.CMN_M_037,HT1_S011,-0.24236805921324733,8,5
X21,3,paint,X21.CMN.CMN_M_043,HT1_S011,-0.6581330797915408,5,9
X21,3,dripped,X21.CMN.CMN_M_043,HT1_S011,-0.5072190420359695,8,6
X21,3,ground,X21.CMN.CMN_M_043,HT1_S011,-0.32932367255907335,8,6
X21,3,paint,X21.CMN.CMN_M_032,HT1_S011,-0.3936697268140376,13,1
X21,3,dripped,X21.CMN.CMN_M_032,HT1_S011,-0.3936697268140376,13,1
X21,3,ground,X21.CMN.CMN_M_032,HT1_S011,0.07187105233921781,14,0
X21,3,boy,X21.CMN.CMN_M_037,HT1_S001,0.7328001138899333,12,1
X21,3,fell,X21.CMN.CMN_M_037,HT1_S001,-0.055122596145909204,13,0
X21,3,window,X21.CMN.CMN_M_037,HT1_S001,0.08465670002849814,13,0
X21,3,boy,X21.CMN.CMN_M_035,HT1_S001,0.7328001138899333,12,0
X21,3,fell,X21.CMN.CMN_M_035,HT1_S001,-0.4723826308990715,8,4
X21,3,window,X21.CMN.CMN_M_035,HT1_S001,0.02096933134744785,12,0
X21,3,boy,X21.CMN.CMN_M_032,HT1_S001,0.3017537760437397,14,0
X21,3,fell,X21.CMN.CMN_M_032,HT1_S001,0.3017537760437397,14,0
X21,3,window,X21.CMN.CMN_M_032,HT1_S001,0.7328001138899333,13,1
X21,3,boy,X21.CMN.CMN_M_043,HT1_S001,0.7328001138899333,14,0
X21,3,fell,X21.CMN.CMN_M_043,HT1_S001,0.7328001138899333,13,1
X21,3,window,X21.CMN.CMN_M_043,HT1_S001,0.16843254113940223,13,1
X21,3,fire,X21.CMN.CMN_M_037,HT1_S007,0.08465670002849814,13,0
X21,3,very,X21.CMN.CMN_M_037,HT1_S007,0.31403789460270276,11,2
X21,3,hot,X21.CMN.CMN_M_037,HT1_S007,0.08465670002849814,11,2
X21,3,fire,X21.CMN.CMN_M_035,HT1_S007,0.7328001138899333,10,2
X21,3,very,X21.CMN.CMN_M_035,HT1_S007,0.3258583493094708,9,3
X21,3,hot,X21.CMN.CMN_M_035,HT1_S007,0.7328001138899333,10,2
X21,3,fire,X21.CMN.CMN_M_043,HT1_S007,-0.17247841112604367,13,1
X21,3,very,X21.CMN.CMN_M_043,HT1_S007,0.3017537760437397,14,0
X21,3,hot,X21.CMN.CMN_M_043,HT1_S007,0.7328001138899333,14,0
X21,3,fire,X21.CMN.CMN_M_032,HT1_S007,-0.06845247485823786,14,0
X21,3,very,X21.CMN.CMN_M_032,HT1_S007,0.5250531314651335,14,0
X21,3,hot,X21.CMN.CMN_M_032,HT1_S007,0.3017537760437397,13,1
X21,3,time,X21.CMN.CMN_M_043,HT1_S026,0.7328001138899333,13,1
X21,3,go,X21.CMN.CMN_M_043,HT1_S026,0.7328001138899333,14,0
X21,3,bed,X21.CMN.CMN_M_043,HT1_S026,-0.06845247485823786,13,1
X21,3,time,X21.CMN.CMN_M_032,HT1_S026,0.31403789460270276,13,0
X21,3,go,X21.CMN.CMN_M_032,HT1_S026,0.31403789460270276,13,0
X21,3,bed,X21.CMN.CMN_M_032,HT1_S026,0.31403789460270276,12,1
X21,3,time,X21.CMN.CMN_M_035,HT1_S026,0.08465670002849814,13,0
X21,3,go,X21.CMN.CMN_M_035,HT1_S026,0.7328001138899333,13,0
X21,3,bed,X21.CMN.CMN_M_035,HT1_S026,0.7328001138899333,13,0
X21,3,time,X21.CMN.CMN_M_037,HT1_S026,0.31403789460270276,12,1
X21,3,go,X21.CMN.CMN_M_037,HT1_S026,0.31403789460270276,11,2
X21,3,bed,X21.CMN.CMN_M_037,HT1_S026,0.08465670002849814,12,1
X21,3,had,X21.CMN.CMN_M_035,HT1_S038,0.08465670002849814,11,2
X21,3,two,X21.CMN.CMN_M_035,HT1_S038,-0.3776044169591659,9,4
X21,3,empty,X21.CMN.CMN_M_035,HT1_S038,-0.055122596145909204,12,1
X21,3,bottles,X21.CMN.CMN_M_035,HT1_S038,-0.3140423552911728,10,3
X21,3,had,X21.CMN.CMN_M_043,HT1_S038,0.5250531314651335,14,0
X21,3,two,X21.CMN.CMN_M_043,HT1_S038,-0.06845247485823786,13,1
X21,3,empty,X21.CMN.CMN_M_043,HT1_S038,0.7328001138899333,14,0
X21,3,bottles,X21.CMN.CMN_M_043,HT1_S038,0.3017537760437397,14,0
X21,3,had,X21.CMN.CMN_M_032,HT1_S038,-0.8977535269317238,2,11
X21,3,two,X21.CMN.CMN_M_032,HT1_S038,-0.055122596145909204,12,1
X21,3,empty,X21.CMN.CMN_M_032,HT1_S038,-0.055122596145909204,12,1
X21,3,bottles,X21.CMN.CMN_M_032,HT1_S038,-0.3776044169591659,11,2
X21,3,had,X21.CMN.CMN_M_037,HT1_S038,-0.46283296203222934,9,4
X21,3,two,X21.CMN.CMN_M_037,HT1_S038,-0.055122596145909204,12,1
X21,3,empty,X21.CMN.CMN_M_037,HT1_S038,0.08465670002849814,13,0
X21,3,bottles,X21.CMN.CMN_M_037,HT1_S038,-0.3776044169591659,5,8
X21,3,hung,X21.CMN.CMN_M_037,HT1_S018,-1.2542717459949138,4,9
X21,3,raincoat,X21.CMN.CMN_M_037,HT1_S018,-0.5402184691681614,10,3
X21,3,hung,X21.CMN.CMN_M_043,HT1_S018,-0.3936697268140376,11,3
X21,3,raincoat,X21.CMN.CMN_M_043,HT1_S018,-0.5592063962635953,8,6
X21,3,hung,X21.CMN.CMN_M_032,HT1_S018,-0.7296248023434813,7,6
X21,3,raincoat,X21.CMN.CMN_M_032,HT1_S018,-0.3776044169591659,9,4
X21,3,hung,X21.CMN.CMN_M_035,HT1_S018,-1.0352232314241006,3,10
X21,3,raincoat,X21.CMN.CMN_M_035,HT1_S018,-0.7296248023434813,6,7
X21,3,dog,X21.CMN.CMN_M_037,HT1_S028,-0.4893167481763918,13,0
X21,3,eating,X21.CMN.CMN_M_037,HT1_S028,-0.055122596145909204,13,0
X21,3,some,X21.CMN.CMN_M_037,HT1_S028,-0.3140423552911728,13,0
X21,3,meat,X21.CMN.CMN_M_037,HT1_S028,-0.3776044169591659,12,1
X21,3,dog,X21.CMN.CMN_M_032,HT1_S028,-0.3140423552911728,11,2
X21,3,eating,X21.CMN.CMN_M_032,HT1_S028,-0.1585559023883526,13,0
X21,3,some,X21.CMN.CMN_M_032,HT1_S028,-0.1585559023883526,13,0
X21,3,meat,X21.CMN.CMN_M_032,HT1_S028,-0.24236805921324733,13,0
X21,3,dog,X21.CMN.CMN_M_043,HT1_S028,-0.2569383548932498,10,4
X21,3,eating,X21.CMN.CMN_M_043,HT1_S028,-0.32932367255907335,11,3
X21,3,some,X21.CMN.CMN_M_043,HT1_S028,-0.4524265272213801,12,2
X21,3,meat,X21.CMN.CMN_M_043,HT1_S028,-0.2569383548932498,11,3
X21,3,dog,X21.CMN.CMN_M_035,HT1_S028,0.08465670002849814,13,0
X21,3,eating,X21.CMN.CMN_M_035,HT1_S028,-0.055122596145909204,12,1
X21,3,some,X21.CMN.CMN_M_035,HT1_S028,-0.4354924099440599,12,1
X21,3,meat,X21.CMN.CMN_M_035,HT1_S028,-0.4354924099440599,12,1
X21,3,house,X21.CMN.CMN_M_037,HT1_S041,0.7328001138899333,13,0
X21,3,had,X21.CMN.CMN_M_037,HT1_S041,-0.46283296203222934,12,1
X21,3,nine,X21.CMN.CMN_M_037,HT1_S041,-0.3140423552911728,10,3
X21,3,bedrooms,X21.CMN.CMN_M_037,HT1_S041,-0.7296248023434813,10,3
X21,3,house,X21.CMN.CMN_M_043,HT1_S041,0.7328001138899333,14,0
X21,3,had,X21.CMN.CMN_M_043,HT1_S041,0.5250531314651335,13,1
X21,3,nine,X21.CMN.CMN_M_043,HT1_S041,-0.17247841112604367,14,0
X21,3,bedrooms,X21.CMN.CMN_M_043,HT1_S041,0.07187105233921781,14,0
X21,3,house,X21.CMN.CMN_M_032,HT1_S041,-0.055122596145909204,12,1
X21,3,had,X21.CMN.CMN_M_032,HT1_S041,-0.8977535269317238,10,3
X21,3,nine,X21.CMN.CMN_M_032,HT1_S041,-0.24236805921324733,12,1
X21,3,bedrooms,X21.CMN.CMN_M_032,HT1_S041,-0.3776044169591659,12,1
X21,3,house,X21.CMN.CMN_M_035,HT1_S041,0.18096240696476618,13,0
X21,3,had,X21.CMN.CMN_M_035,HT1_S041,0.08465670002849814,12,1
X21,3,nine,X21.CMN.CMN_M_035,HT1_S041,-0.3776044169591659,12,1
X21,3,bedrooms,X21.CMN.CMN_M_035,HT1_S041,0.31403789460270276,13,0
X21,3,girl,X21.CMN.CMN_M_043,HT1_S025,0.07187105233921781,13,1
X21,3,fixing,X21.CMN.CMN_M_043,HT1_S025,-0.06845247485823786,14,0
X21,3,dress,X21.CMN.CMN_M_043,HT1_S025,0.3017537760437397,14,0
X21,3,girl,X21.CMN.CMN_M_032,HT1_S025,0.31403789460270276,13,0
X21,3,fixing,X21.CMN.CMN_M_032,HT1_S025,0.31403789460270276,12,1
X21,3,dress,X21.CMN.CMN_M_032,HT1_S025,0.7328001138899333,12,1
X21,3,girl,X21.CMN.CMN_M_035,HT1_S025,0.7328001138899333,13,0
X21,3,fixing,X21.CMN.CMN_M_035,HT1_S025,0.7328001138899333,13,0
X21,3,dress,X21.CMN.CMN_M_035,HT1_S025,0.7328001138899333,13,0
X21,3,girl,X21.CMN.CMN_M_037,HT1_S025,0.7328001138899333,13,0
X21,3,fixing,X21.CMN.CMN_M_037,HT1_S025,0.31403789460270276,13,0
X21,3,dress,X21.CMN.CMN_M_037,HT1_S025,0.31403789460270276,13,0
X21,3,road,X21.CMN.CMN_M_035,HT1_S030,-0.24236805921324733,12,1
X21,3,goes,X21.CMN.CMN_M_035,HT1_S030,-0.1585559023883526,11,2
X21,3,hill,X21.CMN.CMN_M_035,HT1_S030,-0.4354924099440599,10,3
X21,3,road,X21.CMN.CMN_M_037,HT1_S030,-0.1585559023883526,12,1
X21,3,goes,X21.CMN.CMN_M_037,HT1_S030,0.31403789460270276,11,2
X21,3,hill,X21.CMN.CMN_M_037,HT1_S030,0.08465670002849814,11,2
X21,3,road,X21.CMN.CMN_M_043,HT1_S030,0.7328001138899333,14,0
X21,3,goes,X21.CMN.CMN_M_043,HT1_S030,0.7328001138899333,14,0
X21,3,hill,X21.CMN.CMN_M_043,HT1_S030,-1.4846987007224837,0,14
X21,3,road,X21.CMN.CMN_M_032,HT1_S030,-0.4893167481763918,9,4
X21,3,goes,X21.CMN.CMN_M_032,HT1_S030,-0.055122596145909204,11,2
X21,3,hill,X21.CMN.CMN_M_032,HT1_S030,-0.3140423552911728,10,3
X21,3,father,X21.CMN.CMN_M_037,HT1_S029,-0.9773352384392064,4,9
X21,3,forgot,X21.CMN.CMN_M_037,HT1_S029,-0.3776044169591659,10,3
X21,3,bread,X21.CMN.CMN_M_037,HT1_S029,-0.3776044169591659,12,1
X21,3,father,X21.CMN.CMN_M_035,HT1_S029,-0.055122596145909204,12,1
X21,3,forgot,X21.CMN.CMN_M_035,HT1_S029,-0.5402184691681614,11,2
X21,3,bread,X21.CMN.CMN_M_035,HT1_S029,-1.3577050522373575,3,10
X21,3,father,X21.CMN.CMN_M_032,HT1_S029,-0.6832028460397852,7,6
X21,3,forgot,X21.CMN.CMN_M_032,HT1_S029,-0.24236805921324733,10,3
X21,3,bread,X21.CMN.CMN_M_032,HT1_S029,-0.3140423552911728,9,4
X21,3,father,X21.CMN.CMN_M_043,HT1_S029,-1.3443751735250284,2,12
X21,3,forgot,X21.CMN.CMN_M_043,HT1_S029,-0.06845247485823786,11,3
X21,3,bread,X21.CMN.CMN_M_043,HT1_S029,-1.1558892934900165,3,11
X21,3,family,X21.CMN.CMN_M_037,HT1_S032,0.008439465522084175,12,1
X21,3,bought,X21.CMN.CMN_M_037,HT1_S032,0.31403789460270276,11,2
X21,3,house,X21.CMN.CMN_M_037,HT1_S032,0.7328001138899333,12,1
X21,3,family,X21.CMN.CMN_M_043,HT1_S032,0.7328001138899333,13,1
X21,3,bought,X21.CMN.CMN_M_043,HT1_S032,0.7328001138899333,14,0
X21,3,house,X21.CMN.CMN_M_043,HT1_S032,0.7328001138899333,13,1
X21,3,family,X21.CMN.CMN_M_035,HT1_S032,0.18704424611757672,12,1
X21,3,bought,X21.CMN.CMN_M_035,HT1_S032,-0.055122596145909204,13,0
X21,3,house,X21.CMN.CMN_M_035,HT1_S032,0.18096240696476618,13,0
X21,3,family,X21.CMN.CMN_M_032,HT1_S032,0.5311349706179448,13,0
X21,3,bought,X21.CMN.CMN_M_032,HT1_S032,-0.3140423552911728,12,1
X21,3,house,X21.CMN.CMN_M_032,HT1_S032,-0.055122596145909204,11,2
X21,3,mailman,X21.CMN.CMN_M_035,HT1_S019,0.08465670002849814,12,1
X21,3,brought,X21.CMN.CMN_M_035,HT1_S019,-0.055122596145909204,13,0
X21,3,letter,X21.CMN.CMN_M_035,HT1_S019,-0.1585559023883526,13,0
X21,3,mailman,X21.CMN.CMN_M_032,HT1_S019,-0.055122596145909204,11,2
X21,3,brought,X21.CMN.CMN_M_032,HT1_S019,-0.3140423552911728,13,0
X21,3,letter,X21.CMN.CMN_M_032,HT1_S019,-0.1585559023883526,11,2
X21,3,mailman,X21.CMN.CMN_M_043,HT1_S019,0.3017537760437397,12,2
X21,3,brought,X21.CMN.CMN_M_043,HT1_S019,-0.06845247485823786,12,2
X21,3,letter,X21.CMN.CMN_M_043,HT1_S019,-0.17247841112604367,12,2
X21,3,mailman,X21.CMN.CMN_M_037,HT1_S019,-0.1585559023883526,12,1
X21,3,brought,X21.CMN.CMN_M_037,HT1_S019,-0.055122596145909204,12,1
X21,3,letter,X21.CMN.CMN_M_037,HT1_S019,0.08465670002849814,12,1
X21,3,mother,X21.CMN.CMN_M_043,HT1_S027,0.3017537760437397,14,0
X21,3,read,X21.CMN.CMN_M_043,HT1_S027,0.7328001138899333,14,0
X21,3,instructions,X21.CMN.CMN_M_043,HT1_S027,0.3017537760437397,13,1
X21,3,mother,X21.CMN.CMN_M_037,HT1_S027,-0.5890580092114985,10,3
X21,3,read,X21.CMN.CMN_M_037,HT1_S027,0.08465670002849814,10,3
X21,3,instructions,X21.CMN.CMN_M_037,HT1_S027,-0.055122596145909204,11,2
X21,3,mother,X21.CMN.CMN_M_032,HT1_S027,0.18096240696476618,10,3
X21,3,read,X21.CMN.CMN_M_032,HT1_S027,-0.4354924099440599,8,5
X21,3,instructions,X21.CMN.CMN_M_032,HT1_S027,-0.5890580092114985,8,5
X21,3,mother,X21.CMN.CMN_M_035,HT1_S027,0.31403789460270276,13,0
X21,3,read,X21.CMN.CMN_M_035,HT1_S027,-0.3140423552911728,11,2
X21,3,instructions,X21.CMN.CMN_M_035,HT1_S027,-0.055122596145909204,13,0
X21,3,table,X21.CMN.CMN_M_035,HT1_S022,0.31403789460270276,13,0
X21,3,has,X21.CMN.CMN_M_035,HT1_S022,0.7328001138899333,13,0
X21,3,three,X21.CMN.CMN_M_035,HT1_S022,-0.6365241761044296,10,3
X21,3,legs,X21.CMN.CMN_M_035,HT1_S022,0.7328001138899333,12,1
X21,3,table,X21.CMN.CMN_M_037,HT1_S022,0.7328001138899333,12,1
X21,3,has,X21.CMN.CMN_M_037,HT1_S022,0.7328001138899333,13,0
X21,3,three,X21.CMN.CMN_M_037,HT1_S022,-0.3140423552911728,11,2
X21,3,legs,X21.CMN.CMN_M_037,HT1_S022,0.31403789460270276,12,1
X21,3,table,X21.CMN.CMN_M_043,HT1_S022,0.7328001138899333,13,1
X21,3,has,X21.CMN.CMN_M_043,HT1_S022,-0.17247841112604367,13,1
X21,3,three,X21.CMN.CMN_M_043,HT1_S022,-0.3936697268140376,12,2
X21,3,legs,X21.CMN.CMN_M_043,HT1_S022,-0.7546945685917255,11,3
X21,3,table,X21.CMN.CMN_M_032,HT1_S022,0.7328001138899333,13,0
X21,3,has,X21.CMN.CMN_M_032,HT1_S022,0.08465670002849814,12,1
X21,3,three,X21.CMN.CMN_M_032,HT1_S022,-0.055122596145909204,12,1
X21,3,legs,X21.CMN.CMN_M_032,HT1_S022,0.31403789460270276,11,2
X21,3,found,X21.CMN.CMN_M_035,HT1_S021,0.7328001138899333,13,0
X21,3,purse,X21.CMN.CMN_M_035,HT1_S021,0.31403789460270276,13,0
X21,3,trash,X21.CMN.CMN_M_035,HT1_S021,0.31403789460270276,13,0
X21,3,found,X21.CMN.CMN_M_037,HT1_S021,0.08465670002849814,11,2
X21,3,purse,X21.CMN.CMN_M_037,HT1_S021,0.31403789460270276,11,2
X21,3,trash,X21.CMN.CMN_M_037,HT1_S021,0.7328001138899333,11,2
X21,3,found,X21.CMN.CMN_M_032,HT1_S021,0.31403789460270276,13,0
X21,3,purse,X21.CMN.CMN_M_032,HT1_S021,0.08465670002849814,13,0
X21,3,trash,X21.CMN.CMN_M_032,HT1_S021,0.08465670002849814,12,1
X21,3,found,X21.CMN.CMN_M_043,HT1_S021,0.7328001138899333,13,1
X21,3,purse,X21.CMN.CMN_M_043,HT1_S021,0.3017537760437397,14,0
X21,3,trash,X21.CMN.CMN_M_043,HT1_S021,0.3017537760437397,12,2
X21,3,painter,X21.CMN.CMN_M_035,HT1_S031,0.31403789460270276,12,1
X21,3,uses,X21.CMN.CMN_M_035,HT1_S031,-0.4893167481763918,11,2
X21,3,brush,X21.CMN.CMN_M_035,HT1_S031,0.31403789460270276,12,1
X21,3,painter,X21.CMN.CMN_M_032,HT1_S031,-0.1585559023883526,13,0
X21,3,uses,X21.CMN.CMN_M_032,HT1_S031,0.08465670002849814,13,0
X21,3,brush,X21.CMN.CMN_M_032,HT1_S031,0.7328001138899333,13,0
X21,3,painter,X21.CMN.CMN_M_037,HT1_S031,0.08465670002849814,11,2
X21,3,uses,X21.CMN.CMN_M_037,HT1_S031,-0.1585559023883526,10,3
X21,3,brush,X21.CMN.CMN_M_037,HT1_S031,0.7328001138899333,13,0
X21,3,painter,X21.CMN.CMN_M_043,HT1_S031,-0.5072190420359695,8,6
X21,3,uses,X21.CMN.CMN_M_043,HT1_S031,-0.17247841112604367,13,1
X21,3,brush,X21.CMN.CMN_M_043,HT1_S031,-0.4524265272213801,10,4
X21,3,children,X21.CMN.CMN_M_035,HT1_S023,0.31403789460270276,13,0
X21,3,waved,X21.CMN.CMN_M_035,HT1_S023,-2.1456277622732,0,13
X21,3,train,X21.CMN.CMN_M_035,HT1_S023,-1.2542717459949138,0,13
X21,3,children,X21.CMN.CMN_M_037,HT1_S023,0.31403789460270276,12,1
X21,3,waved,X21.CMN.CMN_M_037,HT1_S023,-0.055122596145909204,9,4
X21,3,train,X21.CMN.CMN_M_037,HT1_S023,0.08465670002849814,13,0
X21,3,children,X21.CMN.CMN_M_032,HT1_S023,-0.8726091792151051,4,9
X21,3,waved,X21.CMN.CMN_M_032,HT1_S023,-0.9773352384392064,6,7
X21,3,train,X21.CMN.CMN_M_032,HT1_S023,-0.055122596145909204,12,1
X21,3,children,X21.CMN.CMN_M_043,HT1_S023,0.07187105233921781,13,1
X21,3,waved,X21.CMN.CMN_M_043,HT1_S023,-0.8035558597288565,5,9
X21,3,train,X21.CMN.CMN_M_043,HT1_S023,-0.7064138241916331,9,5
X21,3,mother,X21.CMN.CMN_M_035,HT1_S020,0.31403789460270276,13,0
X21,3,heard,X21.CMN.CMN_M_035,HT1_S020,-0.5890580092114985,10,3
X21,3,baby,X21.CMN.CMN_M_035,HT1_S020,0.31403789460270276,13,0
X21,3,mother,X21.CMN.CMN_M_037,HT1_S020,-0.5890580092114985,5,8
X21,3,heard,X21.CMN.CMN_M_037,HT1_S020,-1.1704595891700191,7,6
X21,3,baby,X21.CMN.CMN_M_037,HT1_S020,-0.4354924099440599,8,5
X21,3,mother,X21.CMN.CMN_M_032,HT1_S020,0.18096240696476618,13,0
X21,3,heard,X21.CMN.CMN_M_032,HT1_S020,-0.1585559023883526,9,4
X21,3,baby,X21.CMN.CMN_M_032,HT1_S020,0.31403789460270276,13,0
X21,3,mother,X21.CMN.CMN_M_043,HT1_S020,0.3017537760437397,14,0
X21,3,heard,X21.CMN.CMN_M_043,HT1_S020,-0.06845247485823786,11,3
X21,3,baby,X21.CMN.CMN_M_043,HT1_S020,0.3017537760437397,12,2
